date,churn.basic,churn.pro,dau_over_active.basic,dau_over_active.free,dau_over_active.pro,downgrade,events_per_active_day.basic,events_per_active_day.free,events_per_active_day.pro,resurrect,sessions.direct,sessions.email,sessions.organic,sessions.referral,signup_rate.direct,signup_rate.display,signup_rate.email,signup_rate.organic,signup_rate.paid_search,signup_rate.paid_social,"signup_rate.paid_social|country=US,device=mobile",signup_rate.referral,spend.display,spend.paid_search,spend.paid_social,trial_convert,trial_start_rate,upgrade
2024-01-01,0.04656175885010716,0.030761860044717673,0.14640832532433068,0.0795776289757987,0.2780007282436315,0.00953299893541245,12.251102084083506,5.981036910919066,24.34724118544818,0.01455789613371914,71.18134241828685,20.816129305188966,200.6561536097451,36.41201216243368,0.06347500235993837,0.015098991318484668,0.08151364173525655,0.028665504028581784,0.05171140157436177,0.03527234858204643,0.03527234858204643,0.047328649855970295,56.55639327133419,306.35299024806596,169.85161842325164,0.20781663957397162,0.5334371137933994,0.01871970298513832
2024-01-02,0.04800726448444717,0.031338198984830125,0.15054967160732355,0.07706615294371327,0.275394970161752,0.010186891383854969,11.82328737871499,6.001592682195635,24.27711106952843,0.01482521569342361,92.32429760679484,24.68886395840062,235.8805381856034,44.849205471710555,0.05963100577187888,0.015360042812191554,0.08124727695554759,0.02959037173491013,0.050699690111967635,0.035835423389031465,0.035835423389031465,0.04984106416887091,74.80791941297412,341.0838067439719,216.37893883519104,0.19782584864661446,0.543384440123485,0.019699699412025085
2024-01-03,0.049985598349827305,0.030489289637879353,0.150934729773997,0.07974551647397653,0.285515486191646,0.009783859672979412,11.584827548348331,6.1005065797190445,26.048127625529265,0.015180702148825092,85.27661509978049,23.069852900582053,210.3406953324635,43.88805054567114,0.06311158490907885,0.015112472834073572,0.08148535020624018,0.029668438558844847,0.051850836527733084,0.03547804945492459,0.03547804945492459,0.04990416630826955,67.8299411449407,329.7012246184726,218.22575267489637,0.1994126939109553,0.5398145995689468,0.019626352856126416
2024-01-04,0.050851404683699065,0.029545891897409218,0.1480118930742143,0.080082456219354,0.29180588826624354,0.010148184213164373,11.429780533085943,5.797738251741765,24.951590488263868,0.014843017536844187,92.69906777135753,24.06653251120488,221.39388633422072,45.08159348478979,0.061163526134813365,0.015176777579199566,0.08060409062762114,0.029865994561394306,0.04852357912399875,0.034390182962759,0.034390182962759,0.04904491698002958,67.24961203696085,348.7371034665766,207.51417747393765,0.19413659198232802,0.5562371954883271,0.019563863876401258
2024-01-05,0.04790037951919262,0.029919253988809767,0.1508707237257104,0.08248435963240267,0.27973082984727826,0.009791563541448084,11.840994132381237,5.833658226810982,24.96647062932912,0.014153398078271396,82.77874134833722,22.755403967033402,213.47703658105996,42.41124073044649,0.06036659160358197,0.015411912041068728,0.08053581766949684,0.030045158833252324,0.05017568546437621,0.03400525537024537,0.03400525537024537,0.05067253732320484,69.85021251577707,322.8045285002008,202.35419849349756,0.20170431752371867,0.5369418685485812,0.02068175544397913
2024-01-06,0.05017342171953257,0.030774450649860403,0.15168386377546922,0.08591141656033495,0.27124500217193986,0.010050920047292562,11.771949916458027,6.000375270403747,24.650653112086154,0.014532077133701127,75.12216064869321,19.375272863987593,190.9131737328119,38.802862537623376,0.061085311038881054,0.015194639434551802,0.08052854865316102,0.029745584295138544,0.05159425135560665,0.03684081974482961,0.03684081974482961,0.053444905033602275,58.79873466169518,298.75873329348565,192.79562571130106,0.20739022842464883,0.5371383695624289,0.01999427907702483
2024-01-07,0.051105642910481364,0.03230449248209583,0.15244283911660936,0.07992709042445637,0.2852591483431177,0.010007581717517509,11.771788318722754,5.707678586850884,24.314256301482104,0.01518514323607834,79.94011584989885,19.173986042953132,200.75608765889515,36.924340807294456,0.062377419862663236,0.014262983080042561,0.079972532296675,0.028737779175262507,0.050423335752258325,0.03452945091196904,0.03452945091196904,0.04982752997418435,59.770374568826945,302.68987947015415,178.14261899185337,0.20392909129599013,0.5423921273691751,0.020418331174005776
2024-01-08,0.0494631099525889,0.03005168299101345,0.15889871752844095,0.07969996431644265,0.29298365926848724,0.010013595038213677,11.88963677345359,6.023403767006479,24.370727561959335,0.016259723462242012,91.74368396346892,21.754308724423662,227.1119375672751,47.69735169329844,0.06108279490683994,0.014494125676333737,0.08301349179851361,0.028387462673767388,0.04881301152695194,0.034737268854168626,0.034737268854168626,0.0507387902809886,75.71392995994313,350.77797970683196,206.95973178509226,0.20104378496442094,0.517701431295046,0.020522791232889685
2024-01-09,0.04874381036465886,0.030897049885063067,0.15809294905771004,0.07655290768172324,0.27783813826462084,0.010218668017545536,11.809478684340867,5.818459249074934,25.040010115222206,0.01507333282007394,88.80353660851465,23.54525592163287,221.20913883141745,44.83067158305463,0.05795350297411533,0.014464856434806255,0.08150101655271334,0.028929547342764966,0.05049063515993062,0.034635548835835146,0.034635548835835146,0.05161493808414285,70.4070627355272,330.4774729084947,186.484191472551,0.19896661691292403,0.5145700028278745,0.01955115076721235
2024-01-10,0.048026715838474295,0.028929518296377604,0.15674576126734718,0.07682664914740746,0.2773050706005661,0.010049100989821754,12.241639752161209,5.931555614739525,25.28013558598266,0.016290136350135456,87.29725058173318,24.68909032383096,249.12318089756846,44.25936133393849,0.05842239171748683,0.015097347739869682,0.0793755588092582,0.029198452762219843,0.050486040742595564,0.036167623040802455,0.036167623040802455,0.049092358156593296,63.03666771920328,343.5388130680428,206.92048264207585,0.18930132793643914,0.5565077152886808,0.02021511933686174
2024-01-11,0.048222705239002045,0.029394295199824023,0.1497599856968762,0.08109379925500547,0.2895327001172304,0.009804286871850573,12.112646957684078,5.672736519373788,26.81141413928538,0.015013427348100988,88.64125643740158,22.721147140829178,243.38580617840182,44.77931893880196,0.061089524724075354,0.014536651503250664,0.07864145095863886,0.029931314885589366,0.04869980950100996,0.036386921610309715,0.036386921610309715,0.0496117131123597,63.409186633607156,328.28951657367884,196.3714071441313,0.18706121982844115,0.5613691465593373,0.020896895353446483
2024-01-12,0.04820285869222041,0.03156928546730023,0.15881065334517716,0.07920556913621678,0.27435732611254726,0.010097833542631048,11.777984526367492,5.993408801271919,26.75573436973968,0.014942667276102571,89.11981694941008,19.336924535505595,227.5495774755264,42.62209321824139,0.05784659552492071,0.015153319985407736,0.07538072972002055,0.030369990668574785,0.04870990629593926,0.037726123665320875,0.037726123665320875,0.04992320562184809,69.22104458517857,329.2028307524537,201.80862748814937,0.20412280009188893,0.576626290481232,0.020019832172479858
2024-01-13,0.048683711386804496,0.029704679268891216,0.1518489468125868,0.07974473740980698,0.27434049884184336,0.009843614804139953,11.783682313206496,6.159797830741901,27.841474731246667,0.01443401190910681,75.84727710818929,19.59721785431508,197.69684998772559,39.89138058181654,0.05923804361891384,0.015445776597614383,0.07313625842713012,0.031059515039308663,0.052377023311059125,0.034585714921548216,0.034585714921548216,0.04963640491969749,59.16039128714094,279.09431320714174,181.85689799960227,0.20842815298104297,0.5654927311734445,0.019490509719033045
2024-01-14,0.05013658847324916,0.030684243633812263,0.1505274082909171,0.07987995281487034,0.27414372631907785,0.009789412403839853,12.096341546268395,5.892930605002641,24.87532281553386,0.014755669972283851,82.60458250416377,18.424068754273932,203.25923394100911,37.59217549507419,0.058678432500692976,0.015388154043286926,0.07754618319016592,0.03204417398470516,0.048407357589360406,0.036371702108536214,0.036371702108536214,0.04884679169574329,55.74495374612582,263.0021048908593,168.9935256602162,0.19732310337537742,0.5628794909981614,0.020085763216025773
2024-01-15,0.049171517554996214,0.03127085749192631,0.14986280209325928,0.07849717988422472,0.27932970659565287,0.009947186378021871,11.585721224425466,6.132894235927429,25.189469335225496,0.014428038021901112,74.2503323198003,19.11674121251529,195.38074407394816,36.41676609012806,0.05745933841103641,0.014582626198331599,0.0818753078829694,0.03046248284417863,0.049485230610525455,0.03541923984438878,0.03541923984438878,0.05148896857275851,54.84098255830311,287.3670852469463,179.72758313196863,0.1997628768257341,0.5678696184830205,0.019837619714397296
2024-01-16,0.04874122433038368,0.02874206185011971,0.14967349935060018,0.07975762697431892,0.2769116965006333,0.010165661067827788,11.272930646320383,6.062469178519061,24.77516186735249,0.015146494052558045,90.73123053046912,21.648783869522834,235.04121937670988,39.5894981691645,0.05725925823308848,0.015050622299682891,0.07824521851300245,0.030469883019430797,0.04778056956004736,0.03411204514566828,0.03411204514566828,0.04921140207528713,69.58725764941293,337.95995704903487,201.87835000888282,0.20662562759227338,0.5421107229518523,0.020503538360539333
2024-01-17,0.04879924804031061,0.02882175700987781,0.14026489684292623,0.08210391780893048,0.27840356769343816,0.010761162647831397,11.596093071723875,6.142715444000998,24.45639755802197,0.014623842739773203,87.1214098579509,21.839566780112435,237.3026650453044,42.45826984308258,0.05956795357060994,0.014616863911871664,0.07979328004096285,0.03076368883184514,0.04820792679628491,0.03410697448495399,0.03410697448495399,0.05083543230977351,62.59157978891842,336.72466135463156,196.69935160167623,0.20370092363503123,0.5097652588365834,0.021125185907838084
2024-01-18,0.047412985095331206,0.029491406843567124,0.14004258436061087,0.08214789365700055,0.2734343833107349,0.00993777050880897,12.464293905139145,6.111925376101489,25.819180262705327,0.014991375964626234,92.92262933538849,22.780894961643796,226.43773995866644,44.994939821969474,0.059711149423656434,0.01457614638791368,0.08216655747824284,0.03201467436635943,0.049808942834486,0.03658026940053889,0.03658026940053889,0.050709670969842593,67.18590227393186,340.3805907432718,206.47559092929717,0.19419452176260424,0.51453936938505,0.020002073260896328
2024-01-19,0.046887762528664535,0.029768826518558143,0.150711770561792,0.07673883850129257,0.272974659410284,0.009933439089009758,11.790485538442462,5.838387809259021,24.936918627680214,0.01383653312416657,95.5246083566669,22.161722466582738,215.45602343198428,39.61452962849768,0.06259234695226507,0.015204264284956243,0.08165566640431672,0.03226271076678751,0.04830313152948168,0.036044724934163115,0.036044724934163115,0.05095812878715067,64.70786691891749,325.9524228940121,192.6629095812207,0.20268845697223284,0.5331470518293839,0.020656867507704662
2024-01-20,0.049140063135148744,0.029427078318107373,0.1517548023502196,0.08054187675217338,0.27820205843576973,0.009729780274734545,12.213230112539188,6.280319037118662,25.11767689220067,0.013995918180204498,76.41002813712373,21.318803319233215,210.08830683686836,38.134787954576396,0.06254631933653806,0.014999677851956654,0.0801071727849886,0.029300833096321303,0.04881657643405916,0.034271620860702436,0.034271620860702436,0.05078966128447809,60.872999093111225,277.87483247257063,169.09124429786135,0.2084629265978165,0.5400999647920409,0.020271254547434992
2024-01-21,0.0510838157762209,0.03057007381042072,0.1482712246768051,0.08027935565416987,0.26933138529958506,0.009617070079949101,11.854437806082622,6.193242812113497,24.681031434330084,0.014824614611583775,76.45590850079631,18.540356903433086,189.7267258838726,35.0010673130228,0.06190734416167481,0.01537987564541867,0.0771002819848144,0.03052031231507647,0.046759823557847,0.034832620695504635,0.034832620695504635,0.04909540259990504,56.62754613758751,296.39970178433805,175.69020146509533,0.1978024527800267,0.5722869997244954,0.020614309539230484
2024-01-22,0.04948843347634075,0.03007052541010872,0.1528452600817553,0.08066938647763332,0.2863027451367725,0.01000370512377333,12.32568256976961,6.533741147233,24.24703069110932,0.01520551742954075,90.43943336373896,20.913061131989664,230.0053121942852,45.10672334517759,0.0605927346229915,0.014359433124631754,0.08024106753062528,0.0290632277424926,0.04828033787015614,0.03554819464170672,0.03554819464170672,0.050458015735696915,72.32429446709018,371.7161320057933,200.45523686882945,0.1955054751868292,0.5426693822400086,0.01940865610016045
2024-01-23,0.05129027149456055,0.028275251515251093,0.15384012128978072,0.07951642932238112,0.28518260353757896,0.010691123396489923,12.483541000160956,6.098308037652692,26.18504338168367,0.015121746479580629,93.57615270386498,21.20145776402231,234.50583340205233,47.05607816315649,0.0588878977581995,0.014717559437757113,0.07583995912510823,0.02972646012838617,0.04837116487548471,0.03491412203068679,0.03491412203068679,0.050921822310842926,70.92251000667335,317.7988231993512,204.65801438333438,0.20523533497215213,0.5557384563588317,0.01968294109535623
2024-01-24,0.05072328746338739,0.029358127853758628,0.15727706275137968,0.07928261578979572,0.28918607884514075,0.010339072151769659,12.808993480287977,5.787261489101278,26.1262201860633,0.015727381847894212,82.98504252608559,22.287832795427107,220.26186721324123,47.182109350862866,0.05897031089516863,0.015411292660699646,0.07873301077248608,0.03098480104954865,0.04737329514956619,0.03538579910545854,0.03538579910545854,0.04999189922677739,64.98605744212301,330.7948187384505,198.61373036672455,0.19977272491748618,0.5554243876167861,0.020605086900667365
2024-01-25,0.051919383364461995,0.030435412702747668,0.15280159149854383,0.08216313658386878,0.28067512867423833,0.009992779728003214,12.428487387365426,6.100323676551765,25.321311593100337,0.015256754542720971,72.91748855364145,21.200881358105587,249.24023394923427,43.00747369814383,0.06015498972747909,0.014756380015434374,0.08078149883293671,0.02878071423652233,0.04925957448777778,0.03666543531838587,0.03666543531838587,0.05044796523745026,63.23258235534144,301.13084611923114,199.34424714630688,0.1945234364618992,0.5521245811134817,0.019798271396245
2024-01-26,0.048264951363103575,0.0300614206923103,0.16162025796352036,0.08528979525867994,0.2758505380770616,0.009483676006212156,11.962144807920437,6.062126016758139,25.483860631382377,0.01637018332931887,84.6848566902726,23.803729565275088,200.07031719835746,43.84754841616311,0.05972177868130875,0.014654668307324748,0.07964944939751546,0.029072226399669443,0.04804802588890702,0.03389885354602829,0.03389885354602829,0.04777689623007523,55.57352946270126,303.27974979653055,174.9983252462302,0.2032690366956262,0.5642210743032489,0.01912021005259913
2024-01-27,0.049430533038766995,0.029849872783004786,0.14296212214695464,0.08201295821337089,0.2823188939224964,0.009696043572231153,12.495990451574551,6.10160641646421,24.45550704172865,0.01494819487035333,83.63417006257367,20.498228985081617,202.05185047259022,38.41506427622487,0.05823182058005556,0.015474614541586064,0.08036552090899739,0.030448002875473768,0.049405520007868686,0.03446396303310096,0.03446396303310096,0.05073218300445366,56.273304317045394,287.76095730958855,174.89540882999782,0.20015722053568807,0.5257990173185234,0.018950750105980973
2024-01-28,0.05161495935986368,0.0301480318593664,0.14345045179667715,0.08385498575674057,0.2832760382985056,0.009560337965773734,11.47675728833535,6.32594589002396,25.65606412673324,0.015113564146672621,76.12344289286531,19.408702407103892,211.09785992243022,40.364315754892765,0.05845235159117729,0.014756203209783802,0.08209924928909267,0.030074897584648257,0.05028179337225788,0.03381264473365797,0.03381264473365797,0.04951248384970809,53.92974008675391,276.78328703882994,172.83809816734325,0.20472835285390217,0.5490048708058987,0.019972880495730195
2024-01-29,0.049613984021331915,0.030204141999752108,0.15092585373704728,0.08271096919757744,0.29445753963711707,0.009747500431916262,11.784939385769457,5.956340567973351,25.421997929111907,0.014950274300751284,93.26481168413343,24.987996895729317,269.0266865167593,42.96320239857297,0.05966097563311975,0.015331109339706592,0.07861907693745962,0.028847149032470064,0.05047290258280959,0.034744132241316054,0.034744132241316054,0.04962133366556827,67.53884150748003,345.8691839454984,224.91323720499645,0.18944492057637274,0.5627323865342352,0.020719332283385843
2024-01-30,0.05106561269321574,0.030201245290049028,0.14683219748508716,0.07861701739174246,0.27858804266530396,0.009842556608843343,11.82115755632566,5.867490704898401,25.05230422913468,0.015536784117157861,93.64907618761542,23.356329723325956,243.02140568325686,44.40388579582616,0.058290403112325764,0.01464717132545033,0.077936583680938,0.02984908798848874,0.04906246580437542,0.035591276556071486,0.035591276556071486,0.049229534112931454,59.90458567243431,322.18309005618204,234.69559374387117,0.20205033083436127,0.5619555698516586,0.019786160807060454
2024-01-31,0.048315316403827496,0.030424995119556278,0.15030391362025214,0.07924481623713736,0.2655489102963417,0.009671555780944795,11.979967230965263,5.788455552090445,25.109013293999705,0.015678766117468934,100.72559323551778,22.18432141217303,264.04599503144794,45.220133011807384,0.06116637170334969,0.014919192241560974,0.07790181162972101,0.02996242922406836,0.05035031018235717,0.033765178742032435,0.033765178742032435,0.048354955194276183,60.77999965766158,330.84224962341216,225.67899618052977,0.2044220230692469,0.5306830503013046,0.020084274288243012
2024-02-01,0.04825974480488187,0.03030913998399751,0.15424889771702063,0.0780419235414051,0.26087396200450136,0.010367291040666245,11.997649212544946,6.201899501648827,24.609917833071698,0.015977777081479724,90.14591386696287,23.625341717675237,251.16507088185182,42.60309287818235,0.06169684925819952,0.014761979565617332,0.07919869735028384,0.03022259834542978,0.04879974526168059,0.034660846374898066,0.034660846374898066,0.04931733080534774,65.90036293912593,300.01080168817555,216.5646871694132,0.2052699343687049,0.5385328204764064,0.020484440921467412
2024-02-02,0.051821630541335206,0.029571815112950945,0.15467313052160284,0.08068369528817058,0.27385729944585646,0.009511833848261332,11.84182452316513,5.744970895031916,25.507327344467267,0.015194538431604593,87.22354421066655,22.48485829890586,212.42986853824547,40.11297667289223,0.06105120078814939,0.015491110810797426,0.08435295598534172,0.029781366415018745,0.04903290607980542,0.036180624211871334,0.036180624211871334,0.05139401742387169,70.28675929434056,315.640094280712,204.5074617220417,0.20733594882587658,0.5762002956383933,0.020284807091767595
2024-02-03,0.051550388730730756,0.028219661492914435,0.14997506704859093,0.07964199889902855,0.26801085306974676,0.010170643108728094,11.830824699148565,5.760186942691479,25.38246122022808,0.014575047504373462,70.49422419818059,21.607855489200563,217.2129101759552,39.07727290491273,0.06008262689731424,0.015579906655537252,0.0824736319893265,0.030866292923643172,0.0474381254566631,0.03482479190767143,0.03482479190767143,0.051694417315186404,59.122425037633036,324.56094615636067,179.03209260230346,0.19422469473033244,0.5653329017315522,0.020743272101318575
2024-02-04,0.05108360900540374,0.03017623534806664,0.1519301946968075,0.07909695044606185,0.2722668463036351,0.009887202371030596,11.802780364714005,5.764521913155895,25.643810780469078,0.014711010369437377,75.54595309684434,21.0970288865174,182.30070586063206,38.01925708448714,0.05957927266793242,0.015332067784629986,0.08459175027830576,0.03007816024970086,0.0500480494916539,0.034760239515451145,0.034760239515451145,0.051034423554925656,55.40023692599048,284.2675349026789,177.32164247900675,0.1992503121337169,0.5746808231545741,0.021097346182394793
2024-02-05,0.049239384264997604,0.03022455833767807,0.15378038702095734,0.08156564742930837,0.2811087356422853,0.009444342009870913,12.658752204915295,6.309108738827784,24.852187629142854,0.015218168729189753,87.28004236774119,25.612013193142104,247.64845749226922,45.905810196543115,0.05973267583973634,0.015234021906590832,0.08376068528647303,0.030848275004235662,0.05088183219742122,0.035282168463146496,0.035282168463146496,0.04959016760210615,62.195911567244075,336.0448335117633,197.23234187188962,0.18903691008214601,0.566567822019481,0.020268209694124795
2024-02-06,0.05019971704436868,0.030858597203001364,0.15719805210418783,0.07973396598499537,0.2924935036410851,0.01005363945450898,11.871816812752353,6.284412249440706,24.29294882432872,0.015314269454304,89.7247614516245,24.866825849198158,229.6964537472382,47.2211281595006,0.06350272260786187,0.015207201793229387,0.08252202027924416,0.03054476671345268,0.05007324296445642,0.03442951453143051,0.03442951453143051,0.0493161292739603,58.747625238541936,342.0277709335356,214.05463475828157,0.19679146449374216,0.5499997453972997,0.019798579240705824
2024-02-07,0.052380588809632846,0.03033223723127348,0.15040083886162217,0.07840402850548404,0.30053135042605783,0.010441882678162798,12.244568615196915,6.2409807793886936,25.13883152133967,0.015463421671997957,84.82404543806678,22.872560816345988,229.787390462907,44.3291675830807,0.06438480635144805,0.016577441346819797,0.0813841951513437,0.030052907501729762,0.049957964968776636,0.035211412483831465,0.035211412483831465,0.050036570352223246,60.149437901472545,359.578071238958,204.72673617461191,0.20730685865491744,0.558348054908175,0.0202764627905585
2024-02-08,0.0520943799326806,0.029852296098837734,0.15144634532918352,0.07481932739256435,0.2814270262980648,0.01084774757532397,11.86644743603285,5.985401692351721,24.218927989755574,0.015294739671782215,86.47453211645754,21.71127653585355,263.6610623814609,44.35740368347132,0.06240682365121059,0.015301572388418033,0.0786216582350372,0.031631293163303924,0.04911052803266001,0.03570555754008791,0.03570555754008791,0.04881676330967606,64.48525939139977,343.2430110304935,185.157824800185,0.19204936500353018,0.5902616317270287,0.020425126005950762
2024-02-09,0.05123710603578388,0.029363748432474444,0.1520113767496151,0.07993372462788746,0.2764068706775545,0.010391034069477457,11.570270634361716,5.950210571726659,25.294631487318558,0.015197266538392814,82.56367893887789,22.49905006821659,204.53038594036045,42.25589662731772,0.06306574030964143,0.015928304174931456,0.07434622440893308,0.02992986647996497,0.04904496648212414,0.03466116595547691,0.03466116595547691,0.049383715924824455,60.77686440218512,307.28046132218003,191.65018550746544,0.19316569946256987,0.5603035946091874,0.01887300446543996
2024-02-10,0.051230264942929184,0.030851358560038965,0.15852159919283784,0.0807372520818626,0.27717250626392387,0.01002095166368489,11.55745415795037,5.816328027557372,25.016234082085052,0.014657379344787703,73.95516199057789,20.278347793913888,193.39782328732485,40.33869832044067,0.06478813045957278,0.014617859217623706,0.07972989940657005,0.029512323268071468,0.048212987307638164,0.034623338848239545,0.034623338848239545,0.05121776793367432,55.22465522172281,277.69013745164114,183.50463893032068,0.20178860718280114,0.5390419356084237,0.019317918057675156
2024-02-11,0.0505758521986206,0.028666060966803866,0.16415757498485725,0.07839476630134529,0.27185324737452793,0.009846650708202172,11.793515630520996,6.088071020110229,24.648365329686825,0.014677806038386709,80.18860406243732,18.0608286680218,212.70288536283505,36.64465852217609,0.06268477244153393,0.014523264771294443,0.08253919755385805,0.029710685650445642,0.048348615350699585,0.034913509808171504,0.034913509808171504,0.04988637032869445,56.90540024921007,277.3498722618762,177.0852930602531,0.20049287531081128,0.5301816585750586,0.019851373068033917
2024-02-12,0.05128920057809603,0.030201679153235666,0.15325086121607723,0.08117643859994798,0.2724802407983832,0.009288246366728706,11.770316487269652,6.211625519075335,24.830157771443446,0.014966959649948429,80.94809080631654,21.557944219867977,248.59120162288423,44.54250672021946,0.06016107436060655,0.015683662946741603,0.07823952787267288,0.02939977783401508,0.050219277030256505,0.0359844308153406,0.0359844308153406,0.05032973059039545,62.334439035190165,318.77853899658027,213.91368171518891,0.18662552820149883,0.5424004075747002,0.019708398634378788
2024-02-13,0.05146531580098621,0.029013958480154433,0.1451881649200175,0.07844590786086177,0.2770387006036793,0.00995111749277157,12.283383414978214,6.061840418580954,26.53931605755072,0.013996819168187251,89.32847337297271,23.433486989828122,232.50360916973708,44.59186958833756,0.058566660600077015,0.015358401205378756,0.0804910300867202,0.029750873485058924,0.048456705674692714,0.03562155328837818,0.03562155328837818,0.05294416514404707,59.33463740077653,341.71594853257,213.591832333421,0.19486377067149652,0.56500163900704,0.020690774378997318
2024-02-14,0.04942552086126703,0.029754531590488204,0.15176135629489676,0.07965404282708463,0.29263733824583615,0.010596198384939835,11.824508696406472,5.457366279713763,26.13490940607161,0.014810596635083731,84.47732700200527,24.267166711743958,239.34216526355152,43.24362173521432,0.05868275534616975,0.015533997383419415,0.07826937980015872,0.030161092431778325,0.05021129709219816,0.03444000221856353,0.03444000221856353,0.05345420781512458,64.54317363085595,312.89467490637577,217.41978460088353,0.19920260822288524,0.5426751893208424,0.02082513870337094
2024-02-15,0.05079618686202663,0.029520184578305585,0.14918572766152327,0.07701938527153479,0.28434936838332775,0.010381147144271631,11.68658281637705,5.676736817782938,24.255155829354962,0.015050204198278051,88.19614033378096,23.200005622617933,236.15544500086355,38.68532469534309,0.05823454949482046,0.015064132741174848,0.07875303349058672,0.030978023762170355,0.0495771902794393,0.03409984082287143,0.03409984082287143,0.051608140811290754,62.12242935310207,318.8092958783213,200.73006564715428,0.19309658189944565,0.5819126072882227,0.020361686855182533
2024-02-16,0.04800129789059101,0.028939684769292297,0.14977947447679638,0.07712577328053369,0.2905480939852343,0.010307177800287691,12.183317161003547,5.979969158752397,24.54889564332177,0.015255693901637965,76.04905135246331,21.675375401236227,228.98973140206468,41.97825976602662,0.05991706137728728,0.014973455586912276,0.08017558344475745,0.03070139732563481,0.047609989197309154,0.03599674455297065,0.03599674455297065,0.048792834956627854,59.82390474303626,322.7386893292879,188.32953656877802,0.1969024163476406,0.584154572088408,0.0201523435523449
2024-02-17,0.04822266261897065,0.030802382989066505,0.16020418247052542,0.07835155360746349,0.28574000390585796,0.009860206104327486,12.04313638565425,6.046430510949261,24.94959946885857,0.01525513019932493,74.95089450168058,19.82453712240424,214.74106092317197,36.57081807550824,0.06032759149411757,0.014694702147210338,0.07882460913239513,0.03098989377913827,0.049676212040736814,0.03544074047533938,0.03544074047533938,0.05070671979129171,53.31630529219781,305.2241914505503,191.30437449843222,0.19771621050477423,0.5765746308906922,0.020182809960242302
2024-02-18,0.046456292981620066,0.030640969841779053,0.14914205712025844,0.08717168842914357,0.2798565357180447,0.00931180254577856,12.886144077427517,5.935085652694626,24.91250963738258,0.01508038560364211,72.42499229158726,18.79182509181864,211.29306054904742,39.41058507723173,0.05637323542928024,0.014211127512301724,0.07543517836535489,0.032073329333552746,0.04968446695737593,0.034143852012450654,0.034143852012450654,0.04810171646061444,51.85476495961491,310.1890207702024,161.56512523048158,0.1971444876774892,0.5573901571241289,0.020408486640316918
2024-02-19,0.04929639211945633,0.02968244133113975,0.1479396148680354,0.08418223709226799,0.2889430999583698,0.009914957815688687,11.568885220927903,5.836849949300386,25.15235429320924,0.015367321415344502,80.8353347736617,20.527416766928443,191.01209908427515,40.47104323803807,0.05606841217113833,0.014211983137534736,0.07995656701173447,0.029915007660243804,0.04884292734588119,0.035536780229096794,0.035536780229096794,0.04956067287249819,53.657668598263555,308.5512300944402,173.50759149959947,0.20967732695865215,0.5496522810421363,0.019912452645613008
2024-02-20,0.049861010586715646,0.028831976210010345,0.14192832825352575,0.07796245967276674,0.2777471294277922,0.010270944595040129,11.720529463321085,6.059715244451679,23.839340838250216,0.015243606635772415,92.32227445608811,22.238112393170685,269.90020194713753,44.98068485558111,0.05665610428052842,0.015087674343939282,0.07861207653030225,0.02920294740609214,0.048718332243271975,0.034704054610484154,0.034704054610484154,0.051140355454541646,70.6393042500145,359.04312347740864,216.02016242268462,0.2032119557752317,0.5102105796522108,0.0197774992531814
2024-02-21,0.05340292586533505,0.030153614859526463,0.14775966779829103,0.0780316665437756,0.27068826125955453,0.010115174460305193,12.178099391621343,5.913577549150876,24.11579020067513,0.014951139705324716,86.36885317824459,23.705360471613396,256.2228943400996,41.981394675629275,0.05825246663790558,0.015509017518104058,0.07657000347421905,0.030298758284943796,0.05100471304340757,0.03499663893643705,0.03499663893643705,0.053536069035851855,68.91092088788454,352.29876102768657,208.6060913871218,0.20052214645370206,0.5399903199272276,0.01959119594323543
2024-02-22,0.0495519281245067,0.031018070881526003,0.1540165192588539,0.08062304723633737,0.26531689026932537,0.010202737835441343,11.59339021480255,5.975251033196056,24.836670828335773,0.01505696092178378,85.20339243172654,23.64587354816601,253.21879921186348,39.01089266180965,0.056799943283134584,0.015212878039324161,0.08214308129769438,0.029693369926990284,0.051135314592868145,0.032204656325929844,0.032204656325929844,0.05337271194661358,69.74353247465346,304.55649086336825,194.1442816185644,0.19317752083252954,0.5547059037319656,0.02087303229977136
2024-02-23,0.05148960008207994,0.030289648941033163,0.1468557779863283,0.07933046660837023,0.26607649171253683,0.009918068795017202,11.826588581625094,6.0828631305503675,24.588492577724068,0.01559655113678681,82.90108712990569,23.52845851142505,232.95794390152798,36.994176695507136,0.05798592197752993,0.014591814258637892,0.07931317527341285,0.030995247658044636,0.04907689704022179,0.032772604297336146,0.032772604297336146,0.051088990981320186,61.46905013494929,298.3724450450174,194.7045467977508,0.19750046557933187,0.5534994520092723,0.02039094328793572
2024-02-24,0.05032984181283734,0.030422297230767573,0.15060642323800688,0.07924573431188767,0.2779463483605261,0.00966904922131079,12.1428706767589,6.185543826477042,24.711635141287346,0.015946056988327167,71.90851287993111,21.543868821342652,208.6564997227257,32.75799712641078,0.0599323795366785,0.015612617745476195,0.07853356996636376,0.030667122857194997,0.05069471897935606,0.03544123585458963,0.03544123585458963,0.049346075254007034,54.04969984069724,293.10843511857695,197.61630677443893,0.20234196890925116,0.5736507416955844,0.01996769791044764
2024-02-25,0.05030342481718974,0.030251114912989683,0.15375451409346377,0.08026297768625103,0.28145566514969045,0.009445392770115546,11.681795684827698,6.280989330501811,25.036811327584434,0.015147345756632928,75.88361593533632,20.550623842851806,209.68355088893173,33.227060293713926,0.058759021599324064,0.015496227903103165,0.07717470380725425,0.030152926606432387,0.049556197206900826,0.03642141799295771,0.03642141799295771,0.050074009181354975,51.74884640437658,270.28250578485586,158.39758593583343,0.19926642411822393,0.583136473120192,0.019668341712340266
2024-02-26,0.05144684150834165,0.030694963208064283,0.15604591384711566,0.07906722835516089,0.2767233811349089,0.009973266135526645,12.240579360488091,6.06378612731992,24.667679894722603,0.014547017740477695,97.29845874606818,24.605208107188805,209.8722828546625,46.06439418876244,0.06162054545372259,0.015468870050580662,0.07707624022634288,0.031057026303124555,0.04773525739968816,0.03593898366462956,0.03593898366462956,0.04681041402693828,69.07283440607975,327.2496523960237,210.45897157134686,0.2004027175943393,0.5752163177412576,0.020013965716844988
2024-02-27,0.05022499060089002,0.030618209746161883,0.14821383951807346,0.08096146429875786,0.2880748257103417,0.009937810116644585,11.333602900441797,6.130819297532752,24.87451409064766,0.014597440489408333,94.05609093105296,25.76255563961534,232.78280485172283,44.77267558112577,0.062174936408770205,0.014713988239764424,0.07864052247710454,0.030796743091651084,0.050835539545484365,0.035689013742808855,0.035689013742808855,0.047762824093874036,66.45856348747041,349.1415383017456,217.48580260019,0.19601030033378547,0.5685835116513657,0.020402417102880644
2024-02-28,0.051387944564792745,0.030187044916415426,0.15123641248151082,0.08286943558598296,0.2815906818487253,0.01001298804352823,12.079864901537595,6.242026080314881,24.80070532352958,0.015292224703869572,90.29893345389776,23.422031735678512,261.29101107364835,46.09631462205311,0.0589964211382496,0.01551322689515995,0.07781700801979641,0.03115416256000105,0.048198108126658284,0.03572653135337939,0.03572653135337939,0.048289584972163485,65.80380492048623,342.80470894741745,218.28845051806294,0.19437995280982906,0.5718311795059643,0.020371894406006823
2024-02-29,0.0491344598048008,0.029257016046249515,0.14540636426673934,0.07654717382194419,0.2909361671241943,0.00934251894400168,12.16426828748677,5.968916723547649,24.397189511362026,0.015275244596594342,82.87721383097369,23.783015482266563,226.60174428509194,47.479305631211645,0.0635812597921521,0.015058385357773109,0.07976866051283862,0.030077020596998003,0.049857804594227076,0.036601357814267266,0.036601357814267266,0.052373566461426574,61.474086480624315,332.4784715976373,206.59762219442788,0.19451166665003727,0.560671212716173,0.019897005085735924
2024-03-01,0.04738910311280664,0.029591874426877805,0.15090666282991358,0.07591017365702322,0.2800686481483184,0.00945702896888982,11.78242930044256,5.892968884598153,25.05928492776251,0.015419540190535952,81.71037879735319,21.84331842735519,248.56068866885192,46.79209905107677,0.05967801403231672,0.014614834671591517,0.07970748402260112,0.028623570668585938,0.049865549249665936,0.03556837675446798,0.03556837675446798,0.05042421600791054,55.73936973933574,335.9778615226394,184.99779412401148,0.19400398033156066,0.5315325906139519,0.01957853085546502
2024-03-02,0.0495916492294684,0.030209941217969726,0.14859123104159758,0.08199039674879868,0.28593937827407956,0.010112068770857931,12.319372145547693,6.099607726063381,26.294316649006472,0.01525539568090906,80.6468920958712,19.814332631011343,214.37679473307944,40.63181674821687,0.06102771696377015,0.01509687336875076,0.08244075298215565,0.030144256938495484,0.04983266209622733,0.03408898411046887,0.03408898411046887,0.04879793026809046,53.60851451228989,300.7268637786086,170.7236849034559,0.19594196319207094,0.5190292601221772,0.01934243586440674
2024-03-03,0.04855268831551301,0.030248404551821848,0.1488270847192971,0.082268920709363,0.2913267756544831,0.01013337647527304,12.163003685957307,5.9979948259387434,25.22721867769855,0.015438809020921509,72.95836615421354,21.8990703610329,206.86425952805763,37.94048785396062,0.05894234696429427,0.015606746916512586,0.0827464476012964,0.030723183631717596,0.050778992726495054,0.03480893816949232,0.03480893816949232,0.05014901648396546,52.105810470582874,265.0132443180917,181.90288902603064,0.20449892939440273,0.5361677639255182,0.019911884852846843
2024-03-04,0.04908494739253604,0.02913749815630772,0.1504660946486314,0.08178630692955272,0.2848020862148854,0.009791255828501282,12.041121871322265,5.9915147398651705,25.64772668602296,0.014926336288936075,86.55695279857366,23.543445453609138,241.12480475695062,45.45495333135582,0.06081550959188278,0.015483354929648039,0.08413258797530304,0.029986708015000006,0.05126073532706287,0.03465570637394337,0.03465570637394337,0.05220255345172314,62.88976805887309,322.25059365084684,217.26978287016487,0.1960377244883967,0.5232647706189351,0.019903508576442734
2024-03-05,0.04922987323113163,0.029238955761118745,0.149734641799341,0.0784931827924776,0.2668386065431672,0.009988235427162873,11.965591519539476,5.773430645823435,25.567496421335505,0.01526074427360701,86.09502026959314,24.2442032469025,249.28691774456198,45.579154789603706,0.060318451531313474,0.014884690335105474,0.08128133191599793,0.03061831714768198,0.049644163575279496,0.03450792755768656,0.03450792755768656,0.05081909825771951,66.3655552839192,367.86772012102097,192.61187302410502,0.20471123569463678,0.5272730200638929,0.02081956489686235
2024-03-06,0.050449253337291645,0.028933552951594724,0.14867928660098975,0.08631617063052881,0.28394491468215266,0.0098206347973334,12.103034442773714,5.71606132161146,24.898894685649513,0.014375829973980066,88.34606933640347,23.330294537129408,253.0863784212665,40.36316754577165,0.05924698942479262,0.01494413805990165,0.08078650644974697,0.030206021418604328,0.050450747910142216,0.03477246693041625,0.03477246693041625,0.052419168398917027,59.8098537639081,319.79055758810676,240.5441181200858,0.1942573558463566,0.53191787797451,0.02085413940358252
2024-03-07,0.051607064189455376,0.029589151035547864,0.1480495164916315,0.08406239123082074,0.28006077179897365,0.009738079105114709,11.81958833115832,5.991354948406531,23.77792889551779,0.014651046624831205,92.19812144512429,21.86045450721979,236.33695788100803,42.967133375799435,0.06113530846477864,0.014597819902552246,0.08140845364490064,0.029593308903566682,0.049647050027857624,0.03456376299264265,0.03456376299264265,0.05222192776842083,57.132698388146146,326.4053495154105,198.53538434681477,0.18818573319142168,0.5425143599270116,0.02000532103784341
2024-03-08,0.05125823505893541,0.03117079369548434,0.1532017364913972,0.07919367397148058,0.28393158567823423,0.009997415168549427,12.303724391810123,6.140828243617355,24.878597155796946,0.016339224920141032,92.96302069152085,23.120431957468586,238.16741433224007,40.771866211738946,0.05948580124089122,0.01545256520525313,0.08075716718847416,0.03143257661253348,0.05234829816179259,0.03489168196670735,0.03489168196670735,0.04998387594275558,61.88208736417176,325.4878646342283,200.38654891626248,0.2055311397054835,0.5539121916923216,0.021304268216913575
2024-03-09,0.049809659033692735,0.030242750960828634,0.15529545952983925,0.0792593713962565,0.27780051550049784,0.009959738609669817,12.214214936702165,5.865419765348139,23.697333065416352,0.015800481770565658,77.15429478882959,19.50576568661465,208.4063537102712,37.53720192920447,0.05894929161946628,0.015232158711210711,0.08156995392190185,0.030757852564049414,0.050027904073845934,0.03549832932464503,0.03549832932464503,0.04949353512130563,58.948555425611076,287.786840461282,186.96518624150391,0.20089917604230434,0.5541187475515338,0.02092333637142034
2024-03-10,0.04757989869179048,0.029978588858179975,0.15268221031732276,0.08033122147481937,0.2834889968247274,0.010140477077707807,12.072846606757881,5.796200688567033,24.951046491126547,0.01589599486947794,74.34061844514828,19.44390131133088,201.69802807952388,33.31620980478927,0.05632450476345373,0.014918815332155742,0.07987967689842554,0.03017674312566177,0.04941165876162392,0.03544831279864847,0.03544831279864847,0.05134344501974424,54.84170179186719,303.1334017275968,171.74636222282192,0.20314766215349023,0.5396559945681264,0.020477020343904237
2024-03-11,0.046659690607448415,0.028683085602180854,0.15000893785819655,0.07605009345314243,0.27428472873125753,0.009689247850007578,12.260198920479638,5.967364653156039,24.59672597019894,0.015326759977766589,90.04194189600113,24.320163852746834,236.82768626150914,41.536227703028544,0.05971609842796439,0.015033160530220413,0.07776125696737086,0.02933045928389698,0.04931537456494464,0.03466040129408206,0.03466040129408206,0.05093859387025978,66.36936912670764,344.4821570518301,207.38338115599538,0.20091496848466672,0.5521929235819992,0.019931344018306818
2024-03-12,0.050171090982534576,0.029633681964083093,0.14404787359356194,0.0823430303140912,0.27354703378607365,0.010320551990989593,12.14543700890217,6.098547480741129,24.314133922349487,0.01515074237738721,93.61032065558034,24.2044979552404,279.13917754899154,47.764000602780456,0.05634416505364817,0.015845838761710217,0.07741470948108108,0.031481536961227026,0.05249358611976901,0.03658995243718419,0.03658995243718419,0.04757516182505709,62.70884013860753,346.15880950191894,195.04963826297544,0.20018058192859486,0.5499714498710913,0.019633235943486167
2024-03-13,0.051352339339994335,0.03135872007182726,0.14868217429957714,0.0824179630853768,0.27583765982848857,0.009578181581191952,11.660266665409411,6.056698324592841,26.642186762179378,0.014864326857311944,95.87800027157938,23.754367388786193,240.76798885472277,44.7258721171723,0.062283355578241086,0.014812160669183285,0.08105407513205254,0.030766073715527417,0.05231610093212147,0.034641737557788196,0.034641737557788196,0.051672463879799096,68.8803015161713,342.7223919417385,194.7551837975643,0.19498666365822254,0.5558464655727867,0.02026452659540596
2024-03-14,0.04999114465564327,0.031086378072969524,0.14852050117463292,0.07950102156164568,0.2850210334657115,0.00952442535532239,11.669759524476321,6.060794699490755,26.16030666168983,0.016004727480973955,86.76205195550357,23.03329405875809,251.35281510681415,36.85046613937266,0.061383175953444225,0.014672190138872214,0.07950867744763972,0.02914114189050755,0.05132914015643247,0.0328748299612471,0.0328748299612471,0.05368094832260831,65.3402723663607,308.0213763017159,193.68057615608083,0.1906140742218364,0.5712293200749816,0.020487108585092922
2024-03-15,0.04946974371779136,0.031363791580066115,0.15090837610364702,0.07686162146826055,0.26703236775496847,0.009860118335228473,12.891237371290156,5.8772602068627595,25.82477475990833,0.01510713934937914,92.2057806255064,22.11284049180741,220.35588977755754,38.88116577013577,0.06342031249349317,0.015179430168251606,0.07956460703457889,0.032172940867538524,0.05164147709384891,0.035412930156248947,0.035412930156248947,0.04854331905452021,59.538084640005295,322.474851092937,184.8344375385791,0.19332481337044582,0.5722229645393615,0.020976805230818827
2024-03-16,0.05112478078269263,0.030585609029073528,0.14736790479284245,0.07686553022188193,0.27982407806485965,0.010340640221526929,12.890293678250865,5.758065372786878,25.469610678566273,0.014679470204863642,76.25568562238463,22.022941533860884,189.3560430925554,36.189744551933835,0.061747519470076805,0.01542490910570071,0.07544386320352124,0.028489552284827094,0.04998695958535137,0.03539741217992717,0.03539741217992717,0.04917737688648463,52.677276233319915,282.647326005999,189.80244767313295,0.19013093987519583,0.5656649488850165,0.020324099351305355
2024-03-17,0.04947813984865841,0.0306570102416353,0.14503418173563398,0.07837459202968182,0.2822260159648653,0.00983405768433214,12.345542263302518,6.107973357840019,26.108138574500256,0.01462495192151183,77.19252596385547,20.89273591592661,194.14504627405233,35.73574787447928,0.06253767384078959,0.015122358465648954,0.0792004465037464,0.028717743047643532,0.04871520489032072,0.03527225943440924,0.03527225943440924,0.05161859547708922,51.90722761046594,280.01435470447586,178.22829143383242,0.1972527578493456,0.5621113018759375,0.020502196988624054
2024-03-18,0.050461300636547905,0.03137975322215395,0.1446157256238548,0.0783915155234772,0.27174299160579307,0.00968928410799787,11.850759915573502,5.904284936959554,24.95732366729323,0.015136118019514899,91.29360997590508,24.314585565559117,254.58861317617945,47.29018891812561,0.06192854229432233,0.014713181270586259,0.07746186617930541,0.029455322798579823,0.05097251513201478,0.03650632173248528,0.03650632173248528,0.04934659910517055,64.0870866553094,344.1629026651888,197.0230427111039,0.1912597089321435,0.518004668260276,0.019749636705918682
2024-03-19,0.05044804796690749,0.030639224797143663,0.1523326213334218,0.08260009044286624,0.27141992370283413,0.010148668714393296,12.048548428684192,6.046990079261256,24.531077765536295,0.014543201475469749,91.09205262963397,22.65793295258563,256.54265830160347,46.25711553795554,0.05865908995664599,0.014802871386533573,0.07796980091660169,0.02823098339413987,0.048727618947187856,0.035684351892396285,0.035684351892396285,0.050735294335277875,60.82976951409681,348.585966711931,206.53713193609698,0.1902322973074429,0.5072794631034327,0.018907672021189228
2024-03-20,0.052213496749463885,0.027973242435626447,0.15444758899010638,0.08207116201519059,0.27382986136174275,0.01014005940721726,12.242740380782912,5.7960971084072,25.566103821665763,0.0150824609450703,87.75113877381438,26.18171228844605,230.8183778625894,44.388703244191305,0.05796460985758389,0.014432625929608695,0.0774027452536798,0.028638403973800772,0.04941818877926374,0.03569330380005045,0.03569330380005045,0.05023018902936183,63.139734428272355,349.4883190860084,210.93622062028865,0.19845564330341328,0.5233328786383737,0.020039636367443797
2024-03-21,0.0496358483475526,0.029926236274002368,0.14980139285649188,0.07547973067575531,0.270783404329814,0.009830553277276345,12.469626669311339,5.996479809919968,25.92368780100907,0.014682024370185877,78.30160236359045,23.464277235962143,223.4970627465128,42.788034305439794,0.05801645055952502,0.014652623827015236,0.07883773956285395,0.029204111928453142,0.04853417440974341,0.03543668302167637,0.03543668302167637,0.052425132438928185,66.17174360737826,320.9356540896416,193.61142627040095,0.19660030340806622,0.5445578076716625,0.02024890193972569
2024-03-22,0.05214809106004351,0.03029760569661481,0.15695202426645505,0.07606862276491624,0.2761150352095064,0.009655408356981173,11.639760787446335,6.194904128588316,25.601053944712675,0.014669944087178368,79.12680171665562,22.925542496049793,214.95234071575467,41.75818682545457,0.059381900974591256,0.014982105962714624,0.07856004617710671,0.029430844623640907,0.046840505951452255,0.03587478859918611,0.03587478859918611,0.05152263496206834,65.55406891649893,342.9206041960887,214.13145705396147,0.19512500756417536,0.5728468216128952,0.019912866021773997
2024-03-23,0.04977870587974938,0.031158396661453668,0.1487288775376011,0.07794209580622898,0.2826286545214528,0.010429441654701777,11.891809390873988,5.992161413415358,24.999155408134204,0.0145430789824128,71.99420429709761,20.77842749933852,211.92054471484437,39.10102599463472,0.060907625431075085,0.013886992365857408,0.07762436732281494,0.029574254561441995,0.04738564484077739,0.03717839727187662,0.03717839727187662,0.04931844343048342,53.77660164021031,285.18681521861,161.8080171255605,0.19759180618375338,0.566964078401765,0.02063611179242435
2024-03-24,0.05030919951437789,0.029874283830817326,0.15941583620947816,0.07813904241161325,0.2862990877873055,0.010442361722273507,11.94942835148869,6.214005823438875,24.03638433116195,0.014516108149727163,74.82728874458216,21.150663980569817,221.55038735704778,37.33605947006922,0.058188902890792496,0.014413467786030804,0.07992366923173493,0.02824219174220589,0.04895472436640064,0.035477917875521715,0.035477917875521715,0.04801054121202465,52.17369220864982,271.10593745431487,170.44309744529488,0.2008393865214506,0.5665427442937792,0.021030562528853484
2024-03-25,0.049819880499786,0.03140842850795384,0.14525876686922645,0.08159514750017613,0.27669760173397195,0.009903115627507125,12.063948448084222,6.070865973276301,25.594198044187788,0.015456891101413711,88.55824733421974,25.46423027565025,256.2722163643127,39.735835808766744,0.05956227442704407,0.014730055084233315,0.07979872944513614,0.028082623273582318,0.050205596795499956,0.03455833105566467,0.03455833105566467,0.048182819413445974,68.06125673208693,356.30807013806486,210.51756825984893,0.19467428216146548,0.5895412672209744,0.020679132351912877
2024-03-26,0.04634399592135476,0.029959482821789354,0.1502715934598958,0.07703616409461143,0.27384466734023793,0.009481127183528585,12.102524817540662,5.864958435414758,24.872382664143483,0.014795529602180493,89.14212051216488,24.977256918155692,238.30836461640985,42.39673016585775,0.06010567353129741,0.015104862259206127,0.08401867852104367,0.02970158989596762,0.04876542745307983,0.03415479826803118,0.03415479826803118,0.04955297157836372,62.58850475233094,325.2149295435409,213.9929712688779,0.1920045707864393,0.5606162744324529,0.02001256268593977
2024-03-27,0.046806630394513396,0.02948176654567029,0.14784540980226737,0.08049389362555114,0.27354087206803196,0.00962234597261583,12.341833870385354,5.862717939060184,25.785642380304928,0.01477393490262666,85.67818269094842,22.75575091760453,250.50196155684947,41.78349769362464,0.06084792550531885,0.014889443910216743,0.08046088954822256,0.029869997355412372,0.04784962514416774,0.03410172491000424,0.03410172491000424,0.04779830153865505,66.73654905758977,297.8303363492757,219.6193068141553,0.1966521997538147,0.5563823315504166,0.02042383775423424
2024-03-28,0.04680935739302827,0.03074568825697221,0.1483309235406484,0.07778787693643338,0.2736246024537384,0.010173962945798894,12.821161379083737,6.188498470818786,25.720549949441445,0.014375997221324476,79.98947238449489,21.713011380926815,225.97967319489206,45.63539960203935,0.05967803015506513,0.014560586745474407,0.07907281781363344,0.029560500877548107,0.04858752348813215,0.035213154950965074,0.035213154950965074,0.049939815125422664,61.62749094431127,292.2047230735477,215.52811810074886,0.20026635747677185,0.5424080119360417,0.02187503576680315
2024-03-29,0.050773971935457546,0.031084146238786654,0.1505936898643512,0.08170509806805427,0.30061180419032646,0.010107691908799262,12.657407461985773,6.1555609850575514,23.563022017739566,0.014932703831374183,78.41329971105199,23.17977552168226,238.04732028883492,44.69068480854402,0.059929682957528915,0.014471270657316885,0.07860538166973538,0.031533594250818496,0.05068297818584636,0.0355210199801005,0.0355210199801005,0.04595204660727462,57.48737675318339,279.0425226802759,194.12731772020487,0.209483133192508,0.5270282602811023,0.020083480213848308
2024-03-30,0.04781316988655403,0.029921868850842113,0.14400185587617317,0.07887217005990291,0.3007029455858224,0.010036919608736228,11.963220471626562,5.813681510872661,25.011949033258414,0.014456818051952284,72.02399183032102,23.182365162362068,189.0001642169888,37.819587955153864,0.05691476034517184,0.014272939769650904,0.0823171335709192,0.03199906346731579,0.05242665891819175,0.03769385711724609,0.03769385711724609,0.04796964517897476,54.72193634877348,262.55097988080405,175.26764911204933,0.2078824813772401,0.5536223698092093,0.02011681063146577
2024-03-31,0.048934274013021174,0.029843399412480882,0.14978434115618663,0.0800502773299575,0.2879063799437511,0.01013129715991316,12.77665215360968,5.710994516127956,24.858290383834618,0.014773918310100446,81.97847447578333,21.967951964461303,208.083876390433,35.117677920905656,0.057450016102678136,0.014287299791791606,0.0815787863007018,0.029969421790670227,0.04871490400321912,0.03617762550136222,0.03617762550136222,0.04855945693117355,55.439786065528764,263.45205644785,161.48228213507093,0.19775265219319477,0.5849383274088289,0.020590432193690913
2024-04-01,0.050121579903710814,0.030499126699315728,0.1542879583680638,0.08323609589105452,0.28151027349010277,0.009692749008489798,12.323649259456944,5.892829200240366,23.802350865495285,0.013795920118841454,92.62549288244549,23.60793122988474,263.3676221332628,41.51693907832936,0.058000895776189956,0.015245740207734672,0.0789609664849711,0.030032839897920993,0.04829076903117566,0.034122730203773,0.034122730203773,0.05030373413531452,60.79198078169778,342.4704935120891,194.7252600936769,0.19980578737471907,0.584201203468738,0.020603386282271968
2024-04-02,0.04849388361997936,0.030936277669087447,0.15648733610129778,0.08086360344273859,0.27147832745043854,0.010159650197773649,11.867552725587181,6.035254874320927,23.073323672207703,0.01455527124873617,93.96758946810796,25.842241983658077,273.41940745678266,46.22343118451713,0.05876792778802297,0.014742314621610991,0.08049224145182494,0.029766801237358143,0.04839912479204356,0.036389567011894074,0.036389567011894074,0.04942175656853422,63.9599476992014,372.48276329808283,204.94709015075244,0.1915552170580176,0.5575808950783693,0.02062960693844132
2024-04-03,0.0477455835013753,0.028209502165980647,0.16067634638117034,0.08068655593790774,0.28336737195014317,0.010249427405520435,11.628693668512685,6.165306509696565,24.406462485536707,0.01459046436827166,82.21598992093038,24.79499710955443,275.73215883860337,45.73054101447883,0.05868204490316064,0.015096913406250544,0.07984876370330544,0.029389406627661662,0.04878532221127885,0.0338927201623153,0.0338927201623153,0.04834736687551711,67.45573723952866,368.1199633318574,188.6625044682627,0.1932680030706625,0.5464044750122203,0.02077688864863594
2024-04-04,0.04835043562623044,0.03025921692734977,0.15550100165891284,0.08159683196488046,0.27413072626310375,0.009921152105366378,11.643722706544288,6.35719819450355,24.51387456142398,0.015191049588403942,82.99545938293835,23.38999559918479,226.5704331030371,42.79604995101774,0.057220647986462106,0.014421834049679604,0.08069209529126554,0.0283385835448578,0.05046700412739882,0.03423139899563654,0.03423139899563654,0.051167420824342384,67.05640418638633,309.7373240058106,213.792867376263,0.19122809471470806,0.5592500861887881,0.020444919458010153
2024-04-05,0.049732634555161095,0.029375211376683714,0.15690744390077305,0.07944109836505325,0.2835543144221049,0.010288662210762918,11.95467698751371,6.035510710122651,23.466842663283945,0.015365619264214992,93.18296750431159,21.156873956519437,219.99111749988754,35.69510127458955,0.05951521559465275,0.013753675053508314,0.08024840525708529,0.02868430348042243,0.050556721609302406,0.03540253991601489,0.03540253991601489,0.05128132621926345,59.9107798511787,313.2000899992846,189.19475030392266,0.2022933941298818,0.5501511436720005,0.0207368722383024
2024-04-06,0.04662755428785856,0.03032503283790342,0.15618807796843637,0.08077001681628121,0.28603268954137984,0.009900123059317457,12.34183557180052,5.980230004454738,24.76330086744397,0.015740050040104793,75.28145719194795,20.806702725324353,225.7669675813516,34.59229838507431,0.059976879067612544,0.015436266430322488,0.07905374007167609,0.02922241373555728,0.049682377210557,0.03443779728205427,0.03443779728205427,0.04879418916576654,54.928964551745224,289.4057425824163,171.05034589033795,0.19310179811572362,0.5807949340876958,0.02061478791620955
2024-04-07,0.04682842097220055,0.02990380636549934,0.15199635994395108,0.08041322357725342,0.2743644195529765,0.009840714423585637,11.941695226997737,6.1615096268265805,25.18913538863099,0.014335556131740049,74.57844921457949,21.17936678426476,202.22724776957313,32.20856475458966,0.057755129120425366,0.014228570375300557,0.07754542774176705,0.028495964125646,0.0495777892314789,0.036298848204903686,0.036298848204903686,0.048891906139727326,56.26169626412334,280.1918789412626,167.3824383512995,0.203432943641093,0.5385577441344852,0.019149191146380723
2024-04-08,0.04772794459101966,0.030224001435867086,0.1623270720551722,0.07923684466244423,0.27214029330404965,0.009793329029035144,11.746790375813097,6.189600795479318,26.071822215044055,0.014322731879278508,102.3079380754789,24.276240533818296,254.41928779081044,44.093156966617684,0.05872028208309287,0.014502000341881557,0.0810941823368725,0.030614744591227906,0.049077453120071675,0.035902511448067165,0.035902511448067165,0.050789421480133594,70.62184035377629,384.34491080663605,201.65684842030106,0.20408192195613145,0.5460688848049042,0.019620739226484458
2024-04-09,0.047636569011718616,0.029908234672357134,0.1572260899788315,0.07896182211715708,0.2836602197585811,0.009684121648717018,11.966344156711699,6.451560878754571,25.8903139735379,0.014016454205852985,90.44612809272334,26.808674531808464,271.0579727110442,45.812339852892485,0.06275761067011042,0.015029114815784816,0.07745560084787224,0.030071300604963047,0.05094628889202451,0.03493176541660641,0.03493176541660641,0.050314109043965716,69.09296551485345,326.9711258506665,210.58071877000336,0.1911624561337314,0.563902228264524,0.01984934346992233
2024-04-10,0.04875160288745176,0.02948333889100972,0.1471695860156367,0.07842049724284698,0.2766970684404915,0.009862819896042702,11.659946473715886,6.1916339070188195,24.422895616330422,0.014403076601727979,94.4656826874922,24.250892230033365,263.13898985663343,42.41166563946699,0.059680650988203035,0.014622305238385681,0.08095668520906889,0.03031650475395756,0.05005297681871155,0.03605652789477722,0.03605652789477722,0.05170391320546966,67.4739066121828,340.00793563965783,202.06425374254366,0.1978596560559475,0.5537736690898832,0.020130940595893435
2024-04-11,0.048627910842088146,0.030396161275668576,0.15161612687262876,0.08042230337851762,0.2939029281639118,0.010020627867594199,11.552126464041708,5.89957901616331,25.204566836775875,0.015258320675411746,85.10614086543238,24.331661441978262,252.3613184100471,43.69665053472813,0.0606776279030186,0.014747528716890121,0.08046571849607104,0.02981901421086627,0.04934077362652918,0.036819042273396475,0.036819042273396475,0.05300168920620764,61.31486744051314,330.2817446240322,209.30580090847255,0.2065391393024899,0.5882533697415526,0.01944353404500508
2024-04-12,0.049644594741954796,0.030135327073100602,0.15054852930196952,0.07841396867052737,0.28474498205031856,0.0097967299050623,11.895407921575583,5.773803007248735,24.36864184322467,0.015534443681960346,85.92985989104477,20.19799748767697,239.38619739626017,38.873322830730324,0.05649710176825404,0.014835417401365712,0.07854065711288773,0.029402455164597118,0.048393728079969875,0.034438521968651666,0.034438521968651666,0.05314968140780355,62.09198376962125,321.2746743079775,158.27469204637987,0.20632688303647517,0.5773490366189477,0.019500235364424984
2024-04-13,0.05074723492096811,0.029330520091299963,0.1495337833572792,0.08044335214340459,0.28112102700674513,0.010161749759843821,12.26127374824218,5.690847343211935,25.177863987068704,0.014242558364067771,79.38157395576839,19.32319719569376,234.9332556748292,36.54618513801842,0.05880656436152165,0.014649920403914,0.08111870560120461,0.03030263030788925,0.0488291566320424,0.03285800593694122,0.03285800593694122,0.05144410815655529,48.94317754328787,258.87126088170464,179.16357357711692,0.21477058018532877,0.5423124252047943,0.019294957199331365
2024-04-14,0.04744118793653138,0.030022476920824503,0.15375689913856783,0.08159112563306352,0.2715859861834146,0.010567213850665842,11.40928299234607,5.7135717313051995,25.355790935785492,0.014686747200302344,83.11453074999423,20.639693349028008,210.79777229087517,34.713399975684624,0.06032122735168629,0.015101571990384711,0.07895066409547728,0.029107736640666144,0.04976253479549532,0.034300297645006056,0.034300297645006056,0.0503762145828571,50.51256751577072,286.0632197900101,178.42071622884836,0.21024760938771397,0.5465811057988446,0.02039839797786179
2024-04-15,0.04880225122672485,0.030509716805101166,0.15185552982184602,0.08126911003131887,0.2789938143185068,0.01047438411100592,12.045225212720009,5.910357440943064,25.995905931426556,0.015004960687859765,96.97724160252837,24.947252498608105,251.67753598729365,47.11866237534907,0.06064179505712226,0.014911291303435242,0.07580536676675419,0.029694072360387392,0.050737527782815345,0.03533893208336554,0.03533893208336554,0.05033467550124762,60.928193645989126,343.9511904265121,212.1984365365631,0.20086453334509483,0.5554177716272813,0.020227364722685933
2024-04-16,0.04793453354939814,0.029211483797402724,0.15725774845004406,0.08263726461699081,0.2793062308780654,0.010169161303854,12.303982356436052,5.956261436189642,25.604600414745533,0.015410251778084758,96.67789000325472,26.525801064185128,263.0527786678737,49.10730816448035,0.06006051329415521,0.01559690887286822,0.07943951768549727,0.03080841375882799,0.0519998199103168,0.034704223664538805,0.034704223664538805,0.05150301320460585,61.4121084970865,355.3934400927682,208.61820351662047,0.18924354833391865,0.5590340494449242,0.019929067394893946
2024-04-17,0.05034123699954114,0.028200405234198384,0.14997360743106317,0.07578267338182829,0.2786745947497646,0.010136481895771555,11.94496944442562,6.020362620071075,24.785221940471292,0.014326813083850578,86.71873776415869,24.775323834488525,300.8857678969919,47.25518052622977,0.06062428608777205,0.013635756222122514,0.07717939987006406,0.02979143531639294,0.04921145995424034,0.03553682413558516,0.03553682413558516,0.049326674209729277,64.5425144024054,332.1628785361144,234.96094692558762,0.20750951066609874,0.5781425536404846,0.020276021920302378
2024-04-18,0.04997245963888427,0.027786826595912438,0.14594570949402438,0.07554932307941986,0.2983026123200685,0.00997316194721267,12.932167589415094,6.0729328452786895,24.906384163374504,0.015418721729294755,98.45662112786891,25.414033276740433,273.85417890505437,44.03605503236092,0.06082994895313577,0.015108056019960105,0.07983946914270133,0.028169356668075046,0.04646764641512903,0.0352256236035036,0.0352256236035036,0.04998289098455422,64.31464664171922,364.8361543919669,209.86239805422332,0.20889150464977374,0.5384064848837612,0.020756304057171594
2024-04-19,0.05013959329810056,0.02934749447497836,0.15204152122490772,0.07587550719793133,0.28166661242782703,0.010090177840469616,12.877992903223255,6.217354375675392,24.500191128874807,0.01588112769865302,92.98478183329792,23.92511578935009,264.4154248533415,41.65836670066025,0.06041816513687789,0.015315857015240669,0.08325794539560484,0.03058917860767515,0.04908736078267112,0.03740603193440173,0.03740603193440173,0.04933984327238733,57.750207994884136,330.1147698408681,183.35942132516254,0.1908449496906813,0.5402321382510162,0.019491653335759473
2024-04-20,0.05277371943212881,0.0287999456646615,0.15376791552139552,0.08176395680276284,0.2694993927279125,0.009834560224662964,12.405809279311395,5.881655669040994,23.877423906330947,0.015282810113050441,73.38407901596808,21.81772022958711,234.75144662437557,39.12945094827492,0.06094832898496067,0.015565229230450565,0.08546837673327694,0.029419872214843455,0.051237328535217334,0.03640486900791336,0.03640486900791336,0.05242937707552765,52.561040382077294,305.35854591996844,182.4874225812686,0.2090509535932874,0.5340316903033256,0.020619728009183623
2024-04-21,0.05295612810992234,0.030254205951520535,0.14580981063878642,0.08043694289153709,0.2696501931764501,0.010118195333108655,12.52301368395371,6.109222792365098,24.89916561214577,0.015517476967796958,81.34290929639224,22.942014626639185,214.7271972204145,37.72101926047375,0.06153762003074317,0.015214954994791502,0.08236709703193965,0.030810914284868745,0.050223433478509744,0.034880466173156134,0.034880466173156134,0.04981360464298021,49.16097225922665,263.6607964496565,157.82703884012605,0.2082233816259759,0.5408963334330688,0.020305637770974116
2024-04-22,0.04982822471861526,0.02937349755303853,0.15520223649195466,0.08230561755364893,0.26825242867403404,0.009831589431911637,11.776384551160424,6.279154143667256,25.042721648228078,0.014947486120971513,95.392041165724,26.98392414372255,269.1506434577199,42.23834874492094,0.06055156098510385,0.015014627458024246,0.07879480953700889,0.0294868272584762,0.05131379639080985,0.03657432593021901,0.03657432593021901,0.04978516826114032,56.39209107886924,313.4122789194137,193.5218281676428,0.19626363754738718,0.5576673786582915,0.019946454034132526
2024-04-23,0.050044016484783016,0.02794967672842013,0.1570961302612657,0.08393687202536244,0.2843658371113803,0.010185494694871242,12.404558321235513,6.012985523628083,25.005140782555863,0.014965608439161773,100.39191975681307,27.90759996700054,261.24347582955494,43.45809734111468,0.06410842614801356,0.014889084518345015,0.07629366341324194,0.03009041599130468,0.04964168392020789,0.03407687853341417,0.03407687853341417,0.052752033645391654,57.22565182465943,355.07375902070396,214.91260849503823,0.20004621178050705,0.5497598534926814,0.019528121744551437
2024-04-24,0.04833222207165891,0.028446125100094904,0.14760257518463948,0.07815046640517809,0.2667898723685372,0.009676063885414041,11.874251162314923,5.711570151231374,25.51986073796281,0.015430267624983167,90.29384363407381,22.714664778366448,258.00430403081026,43.70830130910698,0.06232899816546021,0.014701720266718437,0.08024093311542307,0.03055246557759482,0.049755442563990886,0.035044086736784975,0.035044086736784975,0.04913071491393625,62.695936453159845,334.5577050437419,210.982719516801,0.20185068600040312,0.569940472368907,0.018907687549948524
2024-04-25,0.048927224501670835,0.028726403936682614,0.15361552749690752,0.07873462185427414,0.26141658115503785,0.00978932012631457,11.630696832630019,5.666038762838539,25.033076914369946,0.01515699971854464,94.10541149487561,23.826477238886003,263.85329610869644,39.77041871863309,0.06098264495512437,0.014702304925740461,0.07829899969919776,0.03219570859590367,0.04896421357970832,0.03496754434264207,0.03496754434264207,0.04912981339138839,62.07277366586583,319.5588929144338,191.64031128337962,0.20376129026048617,0.5467460493325322,0.019241302600124528
2024-04-26,0.047238958725643036,0.02929282691304807,0.15762858042770528,0.07763696113632172,0.2749337440758089,0.010073424984566244,12.613967559221136,5.566628705296985,24.494181558928084,0.014414429996926567,94.38757612721234,23.36841936628861,271.8731114863818,37.69016949048724,0.0602215475108857,0.014585238634539336,0.08050392045399647,0.029128285908429013,0.05198210626844804,0.0378870904694749,0.0378870904694749,0.051525802351507916,58.538261032571256,327.13116475370714,177.92259571965198,0.20819705732104696,0.5484027452823405,0.020291315282908444
2024-04-27,0.04833069561769578,0.029512717427962357,0.1571980982336283,0.080150752402959,0.28538051730358494,0.00996629797558473,12.130721688725767,5.575559637914219,24.91888072751914,0.014501916830534338,83.18608525697353,21.85241926136201,235.87291884080344,36.336336506033916,0.05773030817231149,0.014355518797683067,0.08020324845731759,0.03013814143815699,0.04898653154775368,0.034311794233173765,0.034311794233173765,0.05294748629608436,53.424462306513256,287.0969847091708,161.74974947114544,0.1999795647419519,0.5482665158203597,0.020551316285053342
2024-04-28,0.04911515064041819,0.03158009608685794,0.15197525937578196,0.0853418518586995,0.28507140548543325,0.010050113060358306,12.133444812400745,5.908975252154473,26.408675518161377,0.014523872389471913,74.41665256092237,22.14966962797867,237.09823459872433,36.03347513939646,0.05608936915853419,0.015295996479558505,0.08271707232999351,0.029695667991404873,0.04718766440899811,0.03590559264175106,0.03590559264175106,0.05348737031513332,55.04194240914956,282.23649883247293,165.38811734610343,0.19602855458413604,0.5656022545712179,0.020413369799871663
2024-04-29,0.049233316779068594,0.029824472350247835,0.14755890713708678,0.07700106014332396,0.27879404152221415,0.010132127574465242,12.461948274987881,5.772625547307614,25.97141750369665,0.014797107947630835,98.35647985707287,24.91917673395544,282.61418107620324,43.62472557308174,0.060624171729890035,0.01447915450972309,0.07744816131659471,0.03065822126225455,0.05006434509544103,0.03579052651154138,0.03579052651154138,0.05240425732347867,60.337426639051436,334.46455016755056,205.425391536338,0.1982818941840412,0.5615013496156486,0.02004113824417966
2024-04-30,0.04966266901338544,0.03092666306940023,0.15300166962063128,0.07904197745954361,0.2745667815488177,0.009929326753563226,12.477431988490014,5.437029678686377,24.604891688375023,0.014304123953161932,100.04864269178161,26.506828252831994,329.23301449750744,51.28707665570781,0.059793440865519215,0.014333101889554832,0.07705508805553665,0.02891933475446343,0.05100566142523866,0.03669817840123156,0.03669817840123156,0.05055847078757301,66.22769281023713,351.2148264622247,231.25178614486623,0.198846870400328,0.519990803315607,0.01912594989769724
2024-05-01,0.04945188366339068,0.02969726077541463,0.15201678836229376,0.0792362613645508,0.27931502454246315,0.010530996632294466,12.050839276000742,5.938637646141219,25.030905397454095,0.014516338894373043,94.7342501963246,24.454583460534376,285.1201368557446,45.587725664287625,0.06169554417620758,0.014262785657403663,0.07944527646038266,0.028851690297615064,0.050872782601481675,0.035896078875575485,0.035896078875575485,0.051681381979142675,65.4928690476798,380.7845565226663,191.88357403694434,0.20927487492690577,0.5596129410633747,0.01957776219175694
2024-05-02,0.05044149449659388,0.030328543681877134,0.1473562306395263,0.08047886023547889,0.26600393362711594,0.009981463079748006,11.26426719087804,6.1832979447422405,24.652935138861576,0.015268007707911672,87.37837040607712,26.97778302738693,271.9763525662421,38.48632742618971,0.061158543450498884,0.015416016206167279,0.07966069702113174,0.029701123848344314,0.049686318105079716,0.03497472916699099,0.03497472916699099,0.04704636071335824,67.0052453992334,339.7173906449385,191.24793170362767,0.19785485312452866,0.5510590630898121,0.018695037012688865
2024-05-03,0.04897116970888033,0.03125098123861831,0.15083942901920205,0.07893845889403282,0.29179347150656376,0.010433618145664096,11.405052246217192,5.851306894991163,23.19281110311575,0.015226915862870748,85.59183689506128,24.788060748150617,260.8682645640714,34.79953702912638,0.05940371903823992,0.015181522138825235,0.07889648085621741,0.030984247426185618,0.05266738318595744,0.036710065097230696,0.036710065097230696,0.050289524972611736,57.57206667665195,306.8216278497611,189.03498261072835,0.19866680286274196,0.5671382902067711,0.020296021659464977
2024-05-04,0.049274492778291545,0.029801403437983973,0.14393991594821817,0.07615617676248918,0.27154138321162413,0.009932297520257895,11.880197432184048,5.875041220243409,24.28345764120801,0.014729168511999987,81.17361746109479,22.091340454838207,235.87408923211018,35.56783084863003,0.05760299005636143,0.014879351439206824,0.08058448459477693,0.029885350078561863,0.05342760574980592,0.03436538525160673,0.03436538525160673,0.04856024181140292,56.28136943271522,297.7737868180829,165.55460624958403,0.1918146516705928,0.5759479785370332,0.020678101114080055
2024-05-05,0.049670988393901154,0.03164658702418389,0.14901351252067424,0.08207522389043902,0.278975281404815,0.010112223673452594,11.647645934620504,6.339556531615524,25.15304683766802,0.015200025581412716,78.48317788226824,21.926588373793514,212.84466806784778,38.27095915783448,0.06109034529060266,0.01576119009745232,0.07741705767816917,0.029542079205908192,0.049779186739250095,0.03393400220404273,0.03393400220404273,0.04869448486399985,54.55785984980615,273.48784503361605,153.68518347677818,0.19024088014385823,0.5630208088713262,0.020080359719194498
2024-05-06,0.0466971080361005,0.029625999102346545,0.14812567243992864,0.0835311958286159,0.26485741574591204,0.01010691817052011,11.923102082445618,6.048477599551297,25.836311018539128,0.014994802057119892,81.99949328402059,25.628201840444497,286.45403819344915,48.0476656357762,0.058666850721664,0.014624589656261745,0.07873657880399028,0.029798483569353523,0.04956558238415915,0.03413438159874688,0.03413438159874688,0.04806923436302293,63.0427896920632,335.2526823736701,201.85986753276106,0.19579626670899264,0.5585467735613898,0.019787405390426192
2024-05-07,0.047591447038142304,0.02951359309326169,0.14934820942158605,0.07716371130609623,0.2689890672243376,0.00955845854284651,11.688897160301842,5.966964680449632,25.66650558773798,0.015351293913464787,97.42581342369832,24.763677440118165,287.99945152669676,46.38954891582414,0.0563180713579516,0.01443917514372648,0.08542824742608668,0.029582029245390568,0.050075437907393196,0.033959968111712126,0.033959968111712126,0.04964176632988624,69.76701015264521,355.8336344402407,215.85036054559112,0.20152562377117522,0.51521328961357,0.020016589411137233
2024-05-08,0.04753220622951159,0.030406447072186232,0.14585077097525131,0.08069899993870328,0.28241457957545424,0.010227756965302894,11.964271021245413,6.065135363462678,24.83879414502421,0.016132055751635385,95.71789915407439,24.03683994968718,263.17128893240823,41.277886184353946,0.06275189120962235,0.014380273005419998,0.0829313502812565,0.03078072982899895,0.05090130936477141,0.033588345539549265,0.033588345539549265,0.0484687348958038,66.94052244317132,351.11002382611537,197.87558669101486,0.20408917734305537,0.533651153461484,0.020444131860588306
2024-05-09,0.049028731806420575,0.03095754511274425,0.15144261285605717,0.08381797932370333,0.2856909292626659,0.00944705857020116,12.317425442455981,5.999446000694581,24.933405984578673,0.015281282780668303,89.11422988998282,25.614005506573694,236.48402865110032,40.95027463840192,0.061334138901799715,0.015073532322432122,0.08262410483584784,0.029131500366036258,0.05013267859832218,0.034555649183326057,0.034555649183326057,0.049430225576239016,66.44736354715944,307.2939701455887,201.26747919472743,0.19371945399566373,0.554197874354085,0.02071278590548495
2024-05-10,0.04791199745138729,0.030697052820938278,0.1570736956730649,0.0807659487044192,0.2667612951219835,0.009780902087077117,12.072112455890858,6.055891309630942,25.303158728568647,0.015580309730036533,85.64776214107236,22.48170404776894,259.7457546533837,39.30738189080224,0.06030599839729731,0.014881254260964198,0.0778137617443993,0.029077685724921434,0.049846680158027935,0.03597093590045687,0.03597093590045687,0.051815257876659,63.07284730454385,303.92020282893213,201.35323575800123,0.20144502852980117,0.5472136971175977,0.02035408638471965
2024-05-11,0.04935428994279181,0.03194964739607704,0.14348009416849122,0.07999850341940612,0.28016673655936836,0.009796508639567294,11.818266094369326,5.986669349550304,24.914441998736635,0.014885718880488865,85.57315312688056,23.163354093354805,236.325818373334,39.48174231787572,0.05954557227878541,0.015639908818694846,0.07948115056239162,0.030211282182888703,0.0495373130764127,0.03431039531378503,0.03431039531378503,0.051196192031006615,53.025725396404304,312.2059646975083,169.7370029634948,0.20356678972502423,0.5746654055941772,0.019807851245554727
2024-05-12,0.049135117610561406,0.030621575019776345,0.15008891859499204,0.07984701246225169,0.260461426707542,0.010050271717424382,12.17514910671062,5.840027472671917,25.379515120099683,0.015579538244177593,84.12207601033624,20.824251249896328,236.1818359889393,39.95936318032076,0.06360748154866092,0.015548459762447819,0.07648034080636489,0.03198090879450338,0.05088162188953728,0.03588333081988096,0.03588333081988096,0.05023898521579317,56.55334895852119,316.52911126227303,167.7974127421088,0.19979815562689357,0.543105460963673,0.019898122832903115
2024-05-13,0.04892098481290136,0.03167412088164141,0.14968354556109215,0.08047989528748613,0.25449317268802607,0.010191712575231555,12.047779948679167,6.060358319703749,25.9030083104632,0.01509869589546678,90.25297593416751,24.405563502043755,298.07852091472455,49.29783428350363,0.06081772671554852,0.014998444649552467,0.07993250320911692,0.030659805171930662,0.048387010174865,0.034629800462886676,0.034629800462886676,0.05180113811608822,69.4270613898686,356.8928278374327,220.3798931667787,0.19879652401387538,0.5418950357800209,0.02046750140956978
2024-05-14,0.049068012445436085,0.02923212650441564,0.14994707535487264,0.08112057913222342,0.27567550900343346,0.010417582656517092,12.038202093585191,5.930078346700322,25.33785607837624,0.014661178649219392,98.5540175884388,27.18448163516354,304.6870112793585,51.51212795176242,0.06085282099862056,0.015330997919685056,0.07677160567290627,0.030355417064060693,0.0516684115182994,0.032478660744032696,0.032478660744032696,0.04930437658927886,68.97286725950994,363.4763724154852,250.2092686570459,0.205006751779835,0.5888920773060795,0.020793840052448557
2024-05-15,0.0495288345138511,0.03095388280352154,0.15125412650367392,0.07971780313447134,0.29551014366126777,0.009783209389298497,12.695644411460014,6.027735596654658,24.722478475447765,0.014373646870906328,104.1754589034339,28.2660791175151,257.73472478907513,46.10600941393263,0.05768338012407164,0.015350934092112283,0.07564577544787088,0.030483457892724337,0.04819223008888757,0.033121587222199524,0.033121587222199524,0.04929155743777461,65.53868249679638,324.37921911168405,220.9745436009548,0.2020736343742876,0.5765913597358634,0.020126485883206372
2024-05-16,0.04824134885390916,0.030347721542558874,0.14768818840777181,0.08144409474245837,0.2801171055558005,0.009804556507126482,12.280682202368286,6.028737628758783,24.85896055376143,0.015301447565257708,93.35031698159162,23.50115080911586,261.67568131494477,45.09139888496422,0.06094585433444096,0.015531273240201692,0.07900641329288845,0.02950897463057248,0.049497791651860114,0.03501674270374744,0.03501674270374744,0.049599013239457174,65.62244054599603,340.9371346629023,219.8577730012666,0.20457796320040045,0.5835618439084775,0.019903383192587738
2024-05-17,0.04604098929287911,0.029646205488974866,0.1482821392681602,0.07786074565716387,0.2674643908957361,0.00972471130801296,11.493741257139284,6.019686727253755,25.66852177020622,0.014448637428375842,82.3519471348162,23.772200743955178,287.75233247389076,39.52575633172295,0.05558949467400673,0.016144861761391134,0.07626463850458441,0.028370121208360275,0.0477605945250895,0.03708735070992558,0.03708735070992558,0.05017604334303277,56.06410860782599,322.4387037719044,212.27520732196868,0.20224794853739778,0.5627304103848588,0.020816800050647507
2024-05-18,0.047106243201989334,0.0301705909323907,0.14568604183148237,0.07666465145800799,0.2755645316625855,0.00959337167713551,11.969280272046298,5.898711646918557,26.088906622898094,0.015250673719129733,76.07330693879913,22.559394722850207,279.0326532710671,36.19108656086737,0.05920568035798585,0.014382994922143035,0.07898755796386529,0.028422147042549424,0.04752085081786539,0.03552364675948038,0.03552364675948038,0.05237845674624214,55.766468701955965,327.29514003361794,181.75784282813254,0.19293974645890738,0.5771051212364096,0.02018889234313259
2024-05-19,0.050575238877075615,0.03091104655834737,0.1465060033407968,0.08060124038656089,0.28501147699085466,0.00968110187813628,11.856902666732399,6.011440737117601,24.655170486964785,0.014934070476618114,85.55966474532434,24.073546926899162,255.84055859441727,34.33160953393125,0.05853418425354452,0.014439173944365573,0.07961613661749584,0.028559059143391755,0.048567815925424564,0.03363498143358304,0.03363498143358304,0.05246258125014295,60.72867231056511,291.8039442896855,173.24873017547932,0.19895594671707362,0.564931064629265,0.02051999638268761
2024-05-20,0.049223535033921406,0.030839765849143195,0.14577502312923005,0.08248567636327549,0.28559199617062525,0.009747580673763667,12.368436192805909,5.782672414757224,24.45657151273741,0.014804127094817873,91.47919780103646,25.86602363790755,298.5088918757663,43.505002408238084,0.05954733585152069,0.015149505995793967,0.07789348919363463,0.02943858931973209,0.05055032669701631,0.035024305055206206,0.035024305055206206,0.049013585893702805,64.34355970177118,355.2830662330173,201.7836741378375,0.20934315554749167,0.5857432199227514,0.01952377069024377
2024-05-21,0.050917036940999166,0.030368991025523324,0.14872026192999108,0.08024448187769329,0.27824951248588975,0.009725803214519418,11.932837294398801,6.074369677221311,24.68908082537186,0.014662516117081227,97.60086688613832,27.54004363951834,319.76056007071855,41.4933407923924,0.06102568288430072,0.015090478454385527,0.07912413467475009,0.028662277317045577,0.051071234948908174,0.036042233938394015,0.036042233938394015,0.05118486194750589,59.544480706637884,379.65625477764684,211.23250190494477,0.21274071165623393,0.5838205352122497,0.019093159344652076
2024-05-22,0.0488407374135521,0.03001531709293869,0.1562292248310252,0.07632013557317566,0.2806885999782628,0.010021534656184007,11.838256408815795,5.89045764094095,25.35488394564159,0.015204364113484874,96.10565120663,25.210993566737514,295.33103832762873,44.60593308618373,0.05999135579627966,0.014715665489776004,0.08207353282843277,0.030476868286790994,0.048821230631483026,0.03474766573452445,0.03474766573452445,0.05061899028119343,57.85824940322197,327.2754368754983,215.87355220039146,0.19047950029731248,0.5387802488887178,0.019485932454984783
2024-05-23,0.04874677503922465,0.028739604131240878,0.15831288792822754,0.07450335029397202,0.2728327474862002,0.009810254905634428,11.497576734527986,5.892230908520086,26.019357422735794,0.015076696566475986,98.81278243247152,25.357070648652396,303.5353598346495,42.316668786965884,0.06030685806223287,0.014337216446013075,0.07823435211386853,0.030261343809519337,0.050149211439383,0.03449294562492628,0.03449294562492628,0.05102622432648932,60.517378969874585,322.7593454491671,207.01255441890717,0.21131998220621023,0.54368366724425,0.018893414063007385
2024-05-24,0.04768576045366765,0.02869845257968272,0.1520026227045063,0.07594140855968744,0.2614214264740647,0.010352280516620694,11.647163799277958,5.985182365223945,26.054779967077867,0.015132281246105123,89.44887140654083,24.738280688199318,290.5529708308348,39.713306766742456,0.062442300544040194,0.014217471891009283,0.07752399798261868,0.029877060340424522,0.04797290097405779,0.03509717028790907,0.03509717028790907,0.050152780313307305,62.38304059180584,341.3741558523886,179.71283710792648,0.20357266142907948,0.5509463717074372,0.018870827736234434
2024-05-25,0.047197244768362116,0.030298018474213873,0.15327269037882787,0.07750072677652518,0.2901312039289443,0.010509048967199616,11.904059559722418,5.880159344132565,25.20616971203018,0.014219851419080847,85.9471641966587,20.70943310938573,271.58153220499,37.17193691322483,0.058105055567490314,0.014969447742239511,0.07467453882563711,0.029740185036364428,0.04958059636602679,0.031203021264405915,0.031203021264405915,0.052627901194202575,48.43987650141098,309.7938861590033,183.84196890892176,0.19663275975006111,0.5620089224022414,0.019847625299103805
2024-05-26,0.05322437260895216,0.030302163234411608,0.1552000607852583,0.0821325000694082,0.2872448049044981,0.010170629059164684,11.316337638714156,6.155266122469042,25.071041383814315,0.014143520675869489,76.87397184593347,20.71070453552334,241.70966630213564,37.002396531672886,0.05871592462124117,0.016022422308156523,0.07753364156436124,0.028733377843557648,0.049361239359759224,0.034394072081195645,0.034394072081195645,0.049059513843623,53.9105222788644,285.13677822527336,168.9279917477386,0.1923742909943015,0.5482602500464895,0.019899415701196483
2024-05-27,0.04981860531297172,0.030047322871800557,0.15869842764903058,0.08198337703008672,0.2815276712209306,0.009937502229163443,11.993632953139446,5.987021849717904,25.1615149829423,0.014503409303736253,76.69004838485044,23.880321580204015,258.43900559362214,35.66723006471254,0.05865560255819169,0.01545109729792018,0.08106918583474473,0.029223770468418075,0.047980223325740305,0.03575608103562484,0.03575608103562484,0.05058936501936193,51.52608331069831,341.2731221114879,170.48387451501245,0.1967311311547552,0.5266256178984718,0.02012068195712064
2024-05-28,0.04745248045350156,0.02976325188397707,0.15516865634106827,0.08143677067643643,0.28122487798521045,0.009913310131133874,12.278597887119684,5.868328375706877,24.449323965421875,0.014389473283306704,101.21458487582484,26.616464454297947,288.4205870425774,46.878008352024935,0.06013800876517406,0.015295353762572825,0.07934528862317111,0.02840810652403035,0.04866965011205826,0.03366399427481843,0.03366399427481843,0.04994994435078737,61.97504782510536,379.6669935149262,223.46809093496398,0.1994122963795399,0.5496490254240589,0.020638977258913487
2024-05-29,0.04858403634406777,0.0302672592614714,0.1506490780126711,0.07699529356959692,0.2827039689833581,0.009914399413744376,12.160389229397959,5.783426104168764,24.83103541751511,0.01454656654359077,94.52271292445097,25.508814275502335,318.8852104575404,47.18538490564274,0.05921508253073166,0.01520455486424869,0.08001021402534103,0.03018589525495051,0.049599745257995764,0.034088549426502246,0.034088549426502246,0.050541351762615296,71.12930585517152,333.867400474394,221.87928587477893,0.19337535994681496,0.5385984821093031,0.019779720768435004
2024-05-30,0.05202150796942304,0.03022724495330773,0.14864793038033164,0.08251906728022268,0.29808535019241744,0.01022375082960079,11.825880493500375,5.697345261721965,25.532130503529952,0.014666082343722372,91.54707868070722,25.63710880955502,270.312184397569,45.964383760017185,0.05787710830204068,0.015153279538764719,0.08309640689852049,0.02940320076654626,0.04917658534003688,0.036690163210678396,0.036690163210678396,0.050210180813086785,68.13234494170025,338.7329003750751,218.49848814940646,0.19477569992087107,0.5566317599039738,0.020329912790159603
2024-05-31,0.0522845890673557,0.030641156270454377,0.1526470383540319,0.07840158591192178,0.28403581897750685,0.00982524468777349,11.72297230558906,5.907243084808553,24.88998776640021,0.015012299401170704,75.69653385665313,25.684414038871672,257.8781623325645,44.00979376206305,0.056373160150689605,0.015275067685357234,0.0837575241136963,0.030526585445999375,0.04800085998380837,0.03574717067510091,0.03574717067510091,0.048360740219112304,59.28668242609299,329.805784723472,228.91539709175663,0.19603308707119232,0.5527897703902385,0.020661737615039043
2024-06-01,0.05010316967192845,0.029329634092851158,0.15058854844913006,0.07905651936595623,0.2877620510981167,0.00993730019189808,12.564058273896684,5.827902951167429,24.171086846807622,0.015175026948620942,77.59642215060225,24.333074718828186,256.0621027747508,40.59857407290663,0.060183745176527706,0.014327333309435399,0.07867215495648835,0.03059854337400112,0.05156124972201745,0.035066525271324395,0.035066525271324395,0.04938688804788564,52.03238732470856,289.41535262220276,187.47838162808338,0.1918336005181382,0.54169711928426,0.019411325179932624
2024-06-02,0.05260672968473397,0.02958382316957126,0.14361140660704047,0.08185878758805723,0.2944403213646166,0.010057137880091998,11.979463490375927,6.186868053350743,24.70187669762816,0.014721769819223072,77.9684662879461,23.367496090603538,236.9031260025093,38.02862860680628,0.062045904082570096,0.01476150847397385,0.07527871825347528,0.029577815366897877,0.05172704189734217,0.03512595508562156,0.03512595508562156,0.05230762119405511,53.785911415056674,292.27571078330277,162.20596513849972,0.1924383612943239,0.5466442139825365,0.020191145644293786
2024-06-03,0.05401990826793951,0.02916630813650224,0.1483968439223778,0.08336753273000932,0.3019283682112646,0.010033139753497978,11.79817581743418,6.291452665995205,24.490448192604653,0.014783274164646164,100.76905419341688,31.04942882263116,284.4901331204669,42.43026276169922,0.06032189979046945,0.01531438569160385,0.08219531480088106,0.028216911740032387,0.053075026263010056,0.03606376605651096,0.03606376605651096,0.048796194436654464,66.82349991964745,387.4700113091119,222.00309099309214,0.20096046235320172,0.5451914206292956,0.022046362969419763
2024-06-04,0.05241119366673191,0.03170666100412909,0.15353755865444862,0.07869764817526244,0.30126506246783796,0.009536867456024419,11.462111221120544,6.1405394470078445,26.33264725359497,0.014578413724044666,99.69282999882232,28.29654543386262,341.1065249490235,47.36246584903625,0.06169404948629528,0.015524182087401531,0.08131857013640457,0.028524165729920534,0.05300713168226158,0.035237459716640294,0.035237459716640294,0.05233571443951085,70.09406209732464,391.11125883885285,231.26910863950306,0.19760451197751933,0.560497827416377,0.02021119030935987
2024-06-05,0.04834872723049517,0.03066390550293129,0.15368924321450925,0.08017240763409436,0.2889676149210394,0.009493093653906062,11.573541305716098,6.1313707747027095,26.01420321040499,0.014998508499417218,98.2390606871416,27.426549117982304,311.35317443813636,44.16041719935943,0.06328683931171351,0.014591483398688786,0.07769026728604607,0.02923306530371111,0.048083017830922704,0.033026803384443304,0.033026803384443304,0.05226467716529475,63.92725020100532,371.5022410184015,221.15123179753442,0.20067838442206784,0.5724784951850386,0.018778580036011138
2024-06-06,0.04914672405207156,0.030403636121784816,0.14936186511758642,0.07879863870000435,0.27829737259344844,0.009898286680968734,11.901906733633737,6.138864758386291,25.007381131859756,0.015737520977799475,96.55128919537081,28.343537680209543,270.2765200999405,42.84897504126265,0.06001310530395702,0.01493643477217665,0.08023405827548709,0.030714176388104857,0.0510720932757146,0.033978492145198214,0.033978492145198214,0.048438072541143296,54.73589722099803,359.84315921058436,225.46250503915346,0.1900273626009673,0.5863743564221793,0.02010267398525782
2024-06-07,0.05258981852831557,0.03011764637809259,0.14601340084659542,0.07618967251028401,0.272547399945836,0.010437589682635584,11.59200840259695,6.203553492019294,24.024299152435013,0.015580241684012395,89.75345001027489,26.075378965648834,277.3838133444411,39.9513005545695,0.05743604971958727,0.014596621384828203,0.07953584404890128,0.03148106538240394,0.05155085197149476,0.03508269224730993,0.03508269224730993,0.047427879332278204,61.29827972131165,335.70795235679014,210.90275371123732,0.18760596685252795,0.5332102607093954,0.020188194199226774
2024-06-08,0.0508368054370443,0.030534338261536054,0.15288046257148163,0.08127491900142716,0.2698499286899111,0.010067374918628524,11.776951707818892,6.023294520024784,25.065600774879226,0.015044594225298838,80.83781569443288,23.757540216172902,299.6023862867889,38.24567707372019,0.06063955064718125,0.015352183993059359,0.07972032009018044,0.030929955078507425,0.05015513865667093,0.03447373976249758,0.03447373976249758,0.047906833124688346,65.01334536018331,302.87060830910036,202.15263306042448,0.20729319203328855,0.5360704299926112,0.019190267459947796
2024-06-09,0.048531283179506585,0.03049066217065963,0.1534426017118577,0.08011951352361177,0.27331091418449066,0.009876258091069595,11.94440743141768,6.058602883674795,24.208166588256795,0.015461083068664406,92.60680394414463,23.2900256684745,286.0940334694543,39.57369570273385,0.05952562642201281,0.015492366916321398,0.07991267962799273,0.028600119219352776,0.049244665071321816,0.035347702169638874,0.035347702169638874,0.0506897603753888,56.717761961207785,331.59239203578386,176.22507972906283,0.19579501683189296,0.5470801090192735,0.020698710954046944
2024-06-10,0.04961463038573925,0.029778060821814115,0.15263193169954922,0.07964508402221233,0.2814281620613138,0.010139816539516455,11.876783042075022,5.993040167910105,25.331329772683382,0.01563992911208777,113.03797492963102,25.656898447140748,294.68435545486284,44.466332972663935,0.06450810009317208,0.015684276845740135,0.08110024867216714,0.029501928925067648,0.04926904690811944,0.03432366045538309,0.03432366045538309,0.04850971002086633,66.96660973534178,408.90419715392,209.8683321483016,0.19319107617214912,0.5292823810745774,0.020608687211539675
2024-06-11,0.04994904966658245,0.03028586360913589,0.147169412464942,0.08307732588830134,0.2803985782081653,0.010085862573989359,11.873430056319892,6.338202716543464,24.373296042734534,0.01427679868071581,106.58475924424974,27.300575367776265,335.6420866288223,49.47032592354476,0.06042368890687188,0.014998834342293502,0.08796805802455296,0.02948059740555397,0.04946881491114223,0.03585986345556725,0.03585986345556725,0.04980656528741337,68.25921685524179,423.4198548598543,248.6044270280659,0.19644518774908223,0.5400068493162375,0.02082181059306768
2024-06-12,0.048889587150123176,0.030456779284294043,0.14810075389213592,0.085779418508611,0.28566643818873155,0.009849039007275292,11.502310622226975,6.0409567102753545,24.113479543012843,0.01512779808468239,106.65882030668197,28.981450030482662,334.04895753877616,46.10372043990484,0.0597086355800993,0.016112724400959517,0.08021307624633829,0.028876866719860696,0.05040354740347163,0.03504022207635944,0.03504022207635944,0.05011096238107881,70.20606631500243,418.09560227805275,232.44471510730975,0.19769746611163663,0.5710938421482085,0.020463471107757786
2024-06-13,0.04961047796814783,0.02978903964536724,0.15204125328297957,0.08075217313458881,0.2982895212598452,0.010241522012636983,11.692463521799827,6.085136612148596,23.763695255787187,0.015413795227122619,105.42951759319605,25.752724809080764,315.8025173752686,42.77774342688763,0.05858233777407174,0.014972614143549666,0.08382280186516353,0.030030805872065327,0.052168255902938845,0.03499773287202434,0.03499773287202434,0.04995753122884515,63.36268903088786,387.20345972087875,219.63334632174804,0.2022405253828628,0.5292832316511866,0.02000551542957672
2024-06-14,0.04918791290998093,0.03075297468336863,0.15381115689416344,0.08062109864971825,0.2811265494860659,0.009829630673542743,12.285264211834237,6.053877675906494,25.336010792697707,0.01547084733895262,99.41172735580669,25.77439381489585,314.62044605753425,43.42896017126572,0.05686460598412973,0.014433699174588012,0.0828242012694085,0.02994777811080558,0.05138654320517094,0.0347281793891066,0.0347281793891066,0.050980684599525476,54.731331432974564,363.9218261666569,220.00631525238947,0.19537575912902172,0.5528125156241805,0.02018886412015888
2024-06-15,0.047902251992385375,0.030174423404550066,0.1580662474333612,0.08267686448864932,0.282498925689127,0.00987089727673329,11.782715631456092,5.89427892027109,25.396705775331863,0.015523161792469547,84.01214798765993,25.44479717431682,276.5614904877587,44.603675624604065,0.05757672064694823,0.015200956480098797,0.07935083168770027,0.030300722841914218,0.051036086321610864,0.0352119204343219,0.0352119204343219,0.04739592830915426,55.29442774183627,324.9082511999674,192.13048605604683,0.20150459092098655,0.5190515954991607,0.020047135054872576
2024-06-16,0.04759558364868085,0.028452284130253667,0.15918258077606343,0.08193928659053615,0.2895369721020394,0.010178377883118603,11.882302041684019,6.013508947173458,25.268639253440302,0.014954847336903419,78.74842815889313,25.970265802109118,275.189716268052,40.901545255505546,0.060054524834175727,0.015349666092979195,0.07772789142712655,0.03119422851146459,0.051290699899031324,0.03542378095522615,0.03542378095522615,0.0498645110375704,59.68839137345709,331.33464336310544,172.33474621925075,0.20168079639547823,0.5364467123731508,0.01863812215370979
2024-06-17,0.0482864485508766,0.03110664964931619,0.1486249917299489,0.07976663091248445,0.2778876835973742,0.009692789956118912,12.145094686654783,5.813901969249698,25.1696855727442,0.014936900906941235,104.5641824784383,29.195253318741518,326.520818068318,48.03822784181647,0.05755497923692634,0.015215060812107365,0.07585776565379387,0.0306016147453402,0.04852566112045321,0.03510657918261561,0.03510657918261561,0.05176714195976271,69.93306902047759,398.37860709467503,205.90282576636528,0.1987026316343321,0.5480363311678598,0.020140006381325112
2024-06-18,0.04763422922262769,0.030308723700002038,0.14380177239690706,0.07927616826283665,0.2860107270260018,0.010017271062504997,12.089459960551682,6.065093693677083,24.708034281962576,0.015022608575280674,97.67251475133807,28.731043167706208,344.9894316205823,51.42096661357171,0.05774107707868036,0.014712595634214225,0.07918524560590855,0.030495911226076852,0.048160507423825355,0.03348340418738909,0.03348340418738909,0.05013965676122918,71.34498463899119,397.14637553114727,229.21980295966432,0.2042371731168617,0.5277545070805276,0.02129370969752087
2024-06-19,0.04919224751673681,0.029518418800058,0.15380316863340063,0.07817614469491861,0.27149560612628937,0.010119748591889475,12.337974056452,6.126118788472027,24.53009479040606,0.015296788968097663,84.38976881093643,20.965433356942786,278.8080839352494,43.28269906265583,0.05973414357669656,0.015122494219186971,0.0802856786769165,0.030367796719198592,0.0493103298629622,0.033739946628352994,0.033739946628352994,0.04992248836990196,58.42463765588438,330.2247983438334,199.61235144210553,0.19987590407710704,0.5390900704670175,0.02065171372978845
2024-06-20,0.04987509117350546,0.030787042495070496,0.15455818968315677,0.07590417930321172,0.27454575268224646,0.009991310122362113,11.709710765114604,5.636077558642876,23.860453275133857,0.0146164300162827,94.73304660951567,26.932046908085095,311.5586152244928,50.73151867386614,0.06248713813009234,0.015019758507984347,0.07969955773547892,0.030503629610359198,0.048712476469860766,0.03430069176350018,0.03430069176350018,0.04908575185698825,70.88681895009405,362.54793812274136,231.25607477332173,0.20227528434901956,0.5374818249450704,0.020061762025132893
2024-06-21,0.0504562155489278,0.028342762786047918,0.15290954222412942,0.07779594101880867,0.28066165995481235,0.009925807208468243,11.98270256220649,5.792859043250665,23.48307392776198,0.015433814373628871,92.64380126458764,27.263001037062683,308.28527244593664,46.01186004394731,0.05774025489147942,0.014887889729281005,0.07762031339665881,0.030009447887861456,0.05382027530067435,0.033827029892502865,0.033827029892502865,0.04961807004710234,65.24811231607566,361.8279687988968,222.7414711142985,0.203463087926336,0.5476984879668276,0.020017196988701476
2024-06-22,0.049457406545456696,0.02814705816766716,0.14538440315721485,0.08025203909102623,0.2897431290684127,0.009728141261267604,11.790096343335883,5.870747808793323,25.034802109755866,0.014528234648517841,85.90626457125016,23.33831726456564,283.00275645820915,42.90683731274456,0.06296437857681429,0.01478800991887648,0.07424363981862901,0.02987426861241421,0.052688429780692284,0.03705715250735315,0.03705715250735315,0.047643126675568526,61.349147914572875,346.29274566873744,192.9884728211742,0.1961854776640222,0.5499869168049177,0.01935558712550694
2024-06-23,0.04887169247025796,0.028691153277351878,0.15117117778328343,0.08392471561500645,0.2783938233995991,0.009738251996517334,11.692520427103013,5.757738840550086,23.97083763333546,0.014152373977899776,78.54561138255644,26.359300504253845,318.1340560399003,37.058192030358725,0.05950371282715752,0.014679208477084238,0.07642455256703638,0.031010448458623836,0.05317218663851733,0.03725580952483906,0.03725580952483906,0.04915926034340423,59.56733443842871,330.8541473160073,168.8910367592219,0.19136132519759064,0.5359255170427046,0.019691805092296902
2024-06-24,0.047158551451948055,0.02917164445326974,0.1512846459427821,0.08420599367374491,0.2803978861797568,0.009861917560601627,12.180337693671547,6.257883510792124,23.677289491171972,0.014900112464894366,91.77397298180352,31.456864980025358,381.852444924941,45.78578082443934,0.05772191092188403,0.014656950468776544,0.080918486690387,0.031109209159462272,0.04922950701352074,0.03504280636130561,0.03504280636130561,0.050049270799981865,69.5892339584617,412.71295484412815,242.5995669321049,0.1989959501597944,0.5219783119557275,0.018817807906887057
2024-06-25,0.04897492763462923,0.028966199350179463,0.1513708994897773,0.08393809163328168,0.27979102410156015,0.009965292932106138,12.512019507241424,6.172836139292364,24.64569729190263,0.01561968627411457,90.47500990819103,29.80642875775761,354.21148166470965,43.726789450819126,0.06065090009817541,0.015233945191587236,0.07930567672039515,0.030533194141220212,0.049569239155885625,0.034475894906216976,0.034475894906216976,0.050347981899430495,69.21393378003457,398.0570825620541,223.50011002562806,0.212962700106325,0.5721244908511443,0.019947702304986083
2024-06-26,0.049844800339092235,0.029602296920989715,0.14955501437242524,0.08013010186311938,0.276662696762485,0.009627699202825454,12.653958281183103,5.881056655352271,25.57071872373963,0.014931142517815466,108.55037358603633,32.323610221346115,338.0606574580936,47.11727027440528,0.05925234280079068,0.01465321697894083,0.07701074670463633,0.0295056749382967,0.05078311361109196,0.034103302460647876,0.034103302460647876,0.04959406977985234,63.09381037820816,410.1647512869118,250.21335935579634,0.203480229728627,0.5619462484491148,0.019898147531669297
2024-06-27,0.051244578658551414,0.030418745188616578,0.14941436581093895,0.07739247425767011,0.2798689849787773,0.010300968928342084,12.662384949496335,6.216426480641157,24.468025853001215,0.014808777249945738,102.22596673034262,28.634789821878165,328.1867881292307,48.16103669162787,0.06084036361499851,0.015000133157717931,0.07653619206740639,0.032298752754781085,0.05122217949661755,0.03578394724209559,0.03578394724209559,0.050685857955625274,62.36886097674944,398.1825091859902,226.62822765519994,0.20347649659030626,0.5574230815152801,0.019840074618959716
2024-06-28,0.051135609068557436,0.02989842420378965,0.1454294667265046,0.07734076790041385,0.27685096857960306,0.010388576960971004,12.204648094180357,6.110630025415746,24.257161927316286,0.014465245296723411,96.55779678425571,25.650447512779166,338.1405402138526,45.88854589161456,0.06002407041239055,0.014950021733502624,0.08432019644368151,0.03079284639083797,0.049955680764924015,0.036151179486072285,0.036151179486072285,0.05004885800294112,69.92843398380062,356.94476440666773,219.879666408527,0.20110658133939283,0.5379577122327142,0.01944499853184471
2024-06-29,0.049687712538221795,0.030130983701695133,0.1532306798053367,0.07802196778086447,0.2749118648486979,0.01020151292982134,12.15878656720735,5.860168390846658,25.096027071705496,0.014907620268834165,87.30219669832027,26.021272467571734,300.9601451625543,35.95320814544651,0.059505037464373293,0.015089625015369427,0.08220034248770519,0.029104783128043158,0.04921929519819603,0.03526088913200731,0.03526088913200731,0.051512993279660746,56.2348512021049,304.3536798447151,187.58637513352767,0.19366407575613742,0.5274544174011001,0.02086306918542006
2024-06-30,0.05051440952343592,0.0300249394163563,0.151739784743633,0.07937685597023471,0.28029154013246366,0.010137146826945253,11.776700039240225,6.413171313604609,25.006009475947224,0.014593436804016032,97.49751312359098,24.89381227690431,265.1079331450992,38.96127936713955,0.05734759005448307,0.014742818754196816,0.08206867301408537,0.030414153915260936,0.05270334762530408,0.03451410828986969,0.03451410828986969,0.05027909235370059,56.676830581079926,355.4695977568832,195.54576806825028,0.19780487872423846,0.5747069558033686,0.01959881284924748
2024-07-01,0.04882349872197156,0.029864871396116193,0.14643012579441217,0.07875890970813929,0.26960020216714187,0.009655802337071724,11.719933348946228,6.086979521004484,25.452900162761242,0.014638687796649478,112.61178118493203,28.154666925674707,351.0912540856646,44.145575274153146,0.05997418560806462,0.015087103123071701,0.0824336749159612,0.030257486733423676,0.05129267892167486,0.03502977720684257,0.03502977720684257,0.04911457683405174,73.17679520679597,384.8913993168027,238.56826153964786,0.20063623895942825,0.5555417012899724,0.019852308656641306
2024-07-02,0.04970100784689432,0.028437533366967742,0.14324964947859198,0.07869242182698007,0.27102648869663476,0.00997543968825558,11.771687029251176,5.760619253711727,25.06892361804428,0.015255170024622879,110.24181341286854,30.322512410708555,392.60901443522573,50.84572796107041,0.06096961326496255,0.015387595072461045,0.0796365972931872,0.03113472937226726,0.04788779380006799,0.036344284932015636,0.036344284932015636,0.05089196445345075,72.00059038206253,410.74588278470287,226.88217146344724,0.19975984366243935,0.5481051244645649,0.020482607678194775
2024-07-03,0.049740638270053206,0.029191011387353107,0.1519609319972164,0.07986645146800653,0.27631134347979586,0.009874600140316214,11.837920974962824,5.923649308042763,24.668776985651736,0.015336476339114134,98.82291920234447,27.96204229732899,384.99485034604385,48.3910378525163,0.05893367844580482,0.015330245628237876,0.08182308493264608,0.03191093934520871,0.050253618408480166,0.033730822882893315,0.033730822882893315,0.04935060091208716,69.30680236212937,412.26558991442613,258.90246840558734,0.20308794776275887,0.5608333317736213,0.01980638178242591
2024-07-04,0.0505562421165445,0.029481187352442283,0.15381652197955079,0.08089878761734794,0.27181448673971736,0.009971447302134647,12.024599415301473,6.00728316383066,24.493214537212065,0.01546430938168367,75.15171444542756,23.94322575661683,306.12639561795754,38.426194618199354,0.05848474338455359,0.015084784401736641,0.08414767021024064,0.031664127742852884,0.0508059598229568,0.034251871981280865,0.034251871981280865,0.052208391351978606,59.858247457719955,347.9222638899967,209.56802030285556,0.21168875062867665,0.5498289308395657,0.01890988947798021
2024-07-05,0.052561453127112114,0.029934103396524865,0.15314432023677535,0.07904527928615622,0.27239762847279875,0.009789803779114372,12.440425922131398,5.8017532581365705,25.429697551621288,0.014814073048225617,90.63575590881739,28.625041208116443,365.7133263484008,47.9751582158711,0.06141617670883386,0.014935151250211161,0.08145989002551927,0.0307355110970903,0.04996601486659763,0.03511016200284711,0.03511016200284711,0.05121332494304495,72.11960784372009,411.4990910714102,232.90864282172967,0.20539200490960458,0.53469978400837,0.018962548615654783
2024-07-06,0.050724759778110584,0.029847518265760112,0.15976875878417773,0.0800557078186476,0.2614116065221726,0.009705486223336775,11.805043899601344,6.148805960428231,25.383728468035837,0.01479173169186495,85.67375730235491,27.51701185924844,292.8182191098324,43.10610522405669,0.05822960384862399,0.015276682662240523,0.07861214146398977,0.030877175862742304,0.04964641697146999,0.03540373056297606,0.03540373056297606,0.052628870730536126,64.17952974529712,364.1612252678607,208.46810201566362,0.2093018913337759,0.5574031316774521,0.01997853307021093
2024-07-07,0.049774758372210334,0.029359035125689506,0.15128687603769614,0.07794450123060204,0.26891406639508936,0.010170643627666348,11.958360299132456,6.041582396132991,24.283317108930444,0.014902563653519267,93.61461120431605,25.000635174923897,316.84135418444646,40.07039611183168,0.05695651006846743,0.015009121219347464,0.0775118182136685,0.029864298558736437,0.05196226168162541,0.03366973515839197,0.03366973515839197,0.05063655134048442,56.569435947957146,342.15048652027633,222.7468946083641,0.1986391518507998,0.5674248533943326,0.019595178115572386
2024-07-08,0.05012236751575452,0.029596150961538968,0.15060914367909262,0.07862138560797374,0.262671462107074,0.010050343131299209,12.504728203077061,5.863481841888692,23.81871977720348,0.014776749440516122,109.25463033211469,31.41211130458014,391.60648188354185,52.217220130594185,0.05796139021053128,0.014979867679125142,0.08228456146200629,0.029555079535339465,0.04920771695888838,0.0327738218975398,0.0327738218975398,0.048283944455312595,70.50703514155802,432.3443688207802,267.4954391581146,0.20310133407543823,0.5509467126001163,0.020276756919238505
2024-07-09,0.04858554714484024,0.029542282151009933,0.1490075427584275,0.07681349552269795,0.28910190194184027,0.009713044092600443,11.660716187414948,5.834118089143678,25.543997198136253,0.014257882308744588,110.93283542730282,31.955664295558556,388.2801498276036,57.86659031738822,0.06175013959612449,0.015067490488775988,0.08306215645347623,0.02984837997559688,0.049943416738458146,0.033689149630931024,0.033689149630931024,0.050371301459022015,77.81159285127681,428.99458892894353,262.3090736676123,0.19137807965440312,0.553054415574037,0.019868819786006856
2024-07-10,0.049964502431591166,0.029658312690402353,0.14591595360106738,0.07469958401450283,0.28426432060371415,0.010280860906502338,11.774260367546152,6.17757250233068,24.572310254678083,0.01468793716136861,110.42546951745081,29.428636567201828,396.16022563064826,56.6281652486042,0.06249649339114906,0.014779627957929304,0.0821023467628146,0.028751642550749093,0.05037296610929331,0.03404446359068225,0.03404446359068225,0.04855228267894808,67.85091172881489,435.42939088645363,266.0683908311731,0.19310225241467818,0.5593255907848729,0.01990095938627022
2024-07-11,0.051847231270415066,0.030049039606259265,0.14555008022620344,0.07837789998235312,0.28602754618006254,0.009991088951663766,11.111215738649088,6.202071222966308,24.043940048788855,0.014994899570813531,105.86148853775614,33.56028667656975,343.68701618610663,53.67068520626882,0.057427252534053314,0.014850092455146062,0.07805652004189473,0.028879163283028274,0.05170619458974826,0.035242461977678274,0.035242461977678274,0.050026726935706936,65.38299085179942,399.5046297844881,249.24640382846803,0.1946528941465474,0.5487090647186329,0.020340892136189562
2024-07-12,0.047667265878808124,0.03106150442399175,0.14991872386028127,0.08301222497133708,0.28533686398970165,0.010040089039778866,11.29674580795773,6.065217844571137,24.512598511950415,0.015326206739059265,96.51093291501064,32.11893841332397,350.96500875123064,46.81165320213049,0.05950308677410652,0.015047802619525416,0.07834278719347768,0.028943872952848327,0.048844285323468024,0.03512987482906701,0.03512987482906701,0.04956652282938059,68.26332136585353,400.3680453360476,217.2806714059201,0.19325452698988105,0.5621424931502933,0.0190695663548693
2024-07-13,0.04971142086658255,0.02998605897625757,0.14571213352230855,0.07853837402339946,0.28026336465107277,0.01023443617424238,11.884373606421116,5.884964834417681,26.799773462990295,0.01454715508704023,90.47734860988554,26.489347900968788,312.013372572344,40.63702841805506,0.06245733899515657,0.014640772625317044,0.08073792787039615,0.03025565088648317,0.05007568762386603,0.03585722085836686,0.03585722085836686,0.049173837064125064,65.15739362474845,371.81743813974873,188.41060786379524,0.19351055398791764,0.5470331794492334,0.020137531067615816
2024-07-14,0.049141638248986264,0.03088878057004884,0.1452135485007225,0.08320526066370755,0.2675399645029734,0.00977072262661528,11.944611482333087,5.721830523794113,25.53823256693328,0.014436029119933573,102.30203006316302,21.824343134135525,301.6299316820251,41.066007714832175,0.06051575346377305,0.014699719240745153,0.08214208645277918,0.03078680524890341,0.050262916482913325,0.03501618595045258,0.03501618595045258,0.047090928101932404,68.64197327300556,333.8457583886672,189.85831755022735,0.20045764423702211,0.553037160558878,0.019694624874662142
2024-07-15,0.05137486149043659,0.0323969708354528,0.15427753790741122,0.08316189487826985,0.2783542614132847,0.009879068863139436,12.382164007288669,6.109083641310729,25.389747326938373,0.014959460609561579,122.15616080338343,28.16651741252131,398.767151249012,51.68178687947095,0.05816210016575626,0.01591439843617897,0.08166861278476896,0.031177154274069196,0.048766490992086076,0.03438107606378421,0.03438107606378421,0.04663051013993129,72.22431012015483,435.8059963209694,238.4262798652322,0.1950752187361811,0.5508226171071946,0.019978564872576127
2024-07-16,0.050712555340725676,0.029534503305525657,0.14509459555199003,0.08249501818487405,0.29067703528268063,0.009962443427925849,12.554658556024453,5.804335604724617,25.11763226666893,0.014556117505984685,120.16566595537074,31.923042916300098,395.73243688258356,57.618061562548725,0.05953358148270564,0.014569394530958,0.07957106079472279,0.030179679227488494,0.052280416873108616,0.03350343245236062,0.03350343245236062,0.05021926884988331,72.9381375546693,404.75158093321267,261.33774657203315,0.19996394814643725,0.5451643592413017,0.02068851474185702
2024-07-17,0.04994807986831387,0.030094388075596872,0.15032235670575617,0.078055393329657,0.28941088647629337,0.010293506270583584,11.902469474656568,6.191440177223456,25.02165617890982,0.014611713866298334,122.52420432994263,32.78811491876955,385.0080214596032,55.361764378536996,0.06238634123799497,0.014736965951141491,0.07737838146942742,0.02969478058654581,0.051171517253785825,0.0332930417123143,0.0332930417123143,0.0512437519134023,66.31070482186922,404.4914986013296,259.4158780288878,0.20097028851405152,0.5477519630117388,0.020527900958058995
2024-07-18,0.04863596959619623,0.02914028677544887,0.14967591417387655,0.08244525914135148,0.295944458710461,0.00993362502715735,11.663228327579393,6.095482275818187,25.56436547399424,0.01496240774807339,106.57688247097532,31.801965458618266,374.4115436275157,51.24167567474568,0.05854808068364284,0.015684843559027876,0.07577861773361391,0.02969818950187825,0.04948061192912965,0.033387560211767156,0.033387560211767156,0.04794605141854086,57.428132040660934,400.64076010754775,251.95033147846019,0.20250047485968115,0.5447061154378181,0.021347349141725175
2024-07-19,0.04928641994352236,0.030474446437557822,0.14972374684778775,0.07914115021462052,0.29050201869119413,0.009960098058651263,11.77865942307734,5.817061320445611,24.660114495077927,0.014651065459329744,101.80787405024766,33.311716674272304,423.4136282795494,47.78022958625235,0.06128554794018617,0.014785249986803547,0.07858390332016008,0.029830215116813448,0.04920461853235123,0.03430288075541326,0.03430288075541326,0.052081623533292834,63.75216816435911,441.61441295753355,236.93769100897262,0.20456581734175916,0.5398750068674243,0.020561253801400437
2024-07-20,0.051876050888888504,0.029487826995538813,0.14780976778577898,0.07693350843204487,0.2983243059130443,0.010166365881159574,12.268341335127559,6.206051120031658,24.824213514545036,0.015516386181650674,95.50100589240482,26.43267633031851,360.02285818559994,46.19509663671147,0.05904006277666173,0.014050853598118796,0.07862932717319099,0.030902500369286552,0.048915510087998534,0.033720990038341545,0.033720990038341545,0.05230934291179047,65.84176973032937,369.4148010143604,246.5758169356398,0.19755600982366692,0.5527820057120079,0.019653214187919515
2024-07-21,0.04888751559255616,0.031459114640583284,0.15321882472392026,0.07992009115775073,0.2707479580518561,0.00999490436631524,11.918698264979525,6.164109969801857,24.869652100411617,0.015041742633724193,101.39682503680439,26.112415892666352,342.7388664390892,44.9942369089858,0.059083575800357835,0.014194472762520428,0.07937329501069468,0.03064182316065593,0.05195982399338139,0.036704589064847526,0.036704589064847526,0.049560739280486765,59.93184136976769,352.4282390207054,237.02520656990563,0.19456916219289427,0.5595518654790067,0.01917918192960613
2024-07-22,0.05001796414929062,0.031176050372399147,0.16018648372149277,0.07967251393725718,0.28005712313569453,0.010115578588239178,11.383745304292564,6.12245687745343,25.188856120457455,0.014806011904706111,105.44776888215453,32.2791295073253,384.0590508728508,50.39365088078387,0.0628278027904217,0.014546632274060228,0.07896627374072972,0.02985509260171665,0.05214790819740137,0.03512894506627976,0.03512894506627976,0.051021668326335916,71.85557398349637,437.8610065488234,274.1798712517147,0.2021834173481518,0.5480343319391027,0.019018222386094935
2024-07-23,0.047608802397640634,0.029509590174627415,0.15066458414345435,0.0813743143686621,0.2794008936402759,0.010202606850570069,11.428193679621646,6.215439900006455,25.632439030339526,0.015072648530049795,112.27697585852086,35.70399772681502,393.9283786122351,58.113471545365584,0.060213844114706074,0.014824882688460286,0.0814133388433228,0.03010622219717338,0.051934728222816466,0.03377894495601046,0.03377894495601046,0.05300211323144388,74.53307678356109,438.4984872488429,251.65362745585813,0.20286591445875635,0.5323717990009776,0.019124581800970843
2024-07-24,0.04836250949867696,0.028749791008666755,0.15312561416611123,0.07871543727432595,0.2881227599025717,0.009937693844027257,11.222159372152275,6.419672591757646,26.394027192459014,0.015227183699321526,100.01927085244988,31.064430904012127,387.15238551328537,50.79498047510708,0.060302027562722654,0.01502654184339335,0.0803347085214081,0.029460032041834453,0.049323663106538435,0.03482484784070998,0.03482484784070998,0.04954924246600971,72.39027357037341,442.00808925864976,248.4532689579155,0.20055154381420476,0.52849109838899,0.01906721068055099
2024-07-25,0.04946164509214859,0.03026515788236156,0.15447688151776964,0.08082628817915215,0.2746088940454495,0.010046825488376227,11.817164063876548,5.829947572057096,25.17563556010693,0.015995081429836445,112.63752519690969,35.3082512795283,418.8404055923383,49.20585989574168,0.06082770470770605,0.014806065788268097,0.07981528943672028,0.03067309716264269,0.05035954730560552,0.034875061494474204,0.034875061494474204,0.05023373125430765,68.23460497172833,434.2958781838085,262.34596280525926,0.20893359962274058,0.5485544069316056,0.02031588548632321
2024-07-26,0.04867649345051739,0.02883565652897523,0.1524426169887849,0.07756035993337249,0.2775291837913443,0.010012682131960682,11.862467961071747,5.672672813606583,24.977721726033106,0.014863049190103008,108.33713382528713,34.11300008551399,387.81013868254485,49.16273632616323,0.06099343707978581,0.015306404109477997,0.08319958075332261,0.02959720044443982,0.050840351505960404,0.03387894793104277,0.03387894793104277,0.04869832761339544,65.73527461915103,396.60467476191155,264.23682074173206,0.19840709404932236,0.5490342253980026,0.01922681735640259
2024-07-27,0.05159587112853575,0.029363373096305875,0.156071655792146,0.08314122378495091,0.2792302789011942,0.010238054214649786,12.341200016369509,5.755847903696585,25.056358922288712,0.01573420399684449,109.92849592096042,30.817642696906837,331.1630459792869,46.034213622275196,0.06149275766401195,0.015744001589410892,0.08200795951522175,0.03116258722824062,0.04968934813094863,0.03330296666640649,0.03330296666640649,0.052301101059748833,61.52983306717849,388.9192098477596,221.92973036899372,0.1951620714549721,0.5377160693400503,0.01984761551484639
2024-07-28,0.052346152032995565,0.02976673558119426,0.15227665754865724,0.08144161536750474,0.282947497867535,0.010000874548096084,11.898406342936754,6.231366401400417,24.455239522324252,0.014462282741120578,95.33101301682065,30.52222062855653,356.6799144499488,46.871058259629145,0.06045219602931525,0.015104620486121857,0.08040874435026835,0.03089373723782985,0.04785789568356773,0.033931204636433246,0.033931204636433246,0.05108023206114797,62.630599274472516,367.37187821657693,231.3997111937884,0.2045950239802505,0.5450962995639737,0.019912156092021557
2024-07-29,0.04762638929521317,0.0288726920245596,0.1535936233124937,0.07836170768331291,0.2818715231942924,0.009811457026509466,11.918988777918832,5.957655326493095,24.611563190742704,0.01566252876534919,119.89502503119408,31.50812236794533,378.77792576973843,49.594035214515216,0.05866096184697957,0.014519408461644442,0.0752906433073143,0.030488018682627332,0.050840531039119646,0.03443078439965542,0.03443078439965542,0.051031229278354864,70.26080494557893,407.1103683080669,277.87646537284024,0.20250831531976818,0.5551282522287743,0.01959140224633502
2024-07-30,0.04564535477625393,0.029325705122133807,0.15150984044952512,0.07680267846064226,0.28164554979779627,0.010157198847953724,11.995930659747035,5.95458776107284,24.907843705693995,0.014949729197375156,117.16471876159109,32.59880428780902,390.2122266920421,60.15844435931979,0.0611277411008843,0.01533548841158409,0.07999621263216321,0.02910483249947825,0.04943455875127389,0.03477332508672107,0.03477332508672107,0.05085434187528304,68.42012764622253,458.89502090829376,311.21867307641696,0.20205924433636147,0.5521036128909451,0.02010049621647331
2024-07-31,0.04637048207461782,0.02886107040667036,0.14629307419584542,0.07886435956931301,0.2786569129147975,0.010459338693159204,11.744749086849346,6.243172493946105,25.579383755273483,0.01510300387471518,118.39923802335933,32.66802800204414,450.454433766181,54.35372758479607,0.06093478838719488,0.015049891814814111,0.08138732156676148,0.031199775765675418,0.04966633985652866,0.03476447231224404,0.03476447231224404,0.04989862549218993,66.67064325465088,424.47250381577857,274.3043145600909,0.19446223307565624,0.5447024378794276,0.020246342839584295
2024-08-01,0.05013910557885253,0.02941675094121028,0.14004434964933266,0.07740395856705906,0.27206710752167623,0.01051777636543166,11.903508560927493,5.89672511211815,24.272738032045694,0.015090112514229629,113.99121557409084,34.903262658752595,389.05850013821697,54.39525862312659,0.06096226369813804,0.014854953033934548,0.08258840153677843,0.030748266208223015,0.05072137151733533,0.03313962817028699,0.03313962817028699,0.048365001861747144,71.62316073867575,407.16719390442177,246.43554416722247,0.18969233218920695,0.5386145639633536,0.020473419408741592
2024-08-02,0.05250067935676958,0.02870652157689006,0.14635204495305135,0.08215428527954582,0.2718977309229344,0.010383377549769462,11.795003921290037,5.947297541558989,24.377470876224404,0.015113427204019567,127.95771949477047,29.596741475887793,331.07631453771626,44.22630458180023,0.058590994203406056,0.01461912307572346,0.08230194512243987,0.029568193346957226,0.05095679530901062,0.03448528227280898,0.03448528227280898,0.051020176325033174,73.7801355659294,444.48192802317834,267.61399892819543,0.19777925599914872,0.5476222933228881,0.019093000489065388
2024-08-03,0.05038624703307032,0.030196458485754894,0.14681057509595488,0.07731614613612173,0.27818873772345093,0.010275686444059016,11.376525157458312,5.85786755394677,24.771699837718625,0.014700464076214451,104.22862718556047,28.26268152577379,353.05427363065814,44.79122311923998,0.057908684784141684,0.015140988349207593,0.07948367827502122,0.031186331052454483,0.05345275553255738,0.03608395592625469,0.03608395592625469,0.05196790226374645,68.67616650220577,404.60436921528816,241.43211275142693,0.1993953114173229,0.5664578584916947,0.019624026687370504
2024-08-04,0.04885851353909269,0.02857178658721105,0.15057576794262673,0.07667018457617082,0.2728223909008573,0.010124741999417009,11.590830145388797,5.869313829715704,25.795238304008073,0.014672452036910031,95.57537356383332,28.238919335853595,404.0052384427293,49.15746318525576,0.05722942249358331,0.014774984213432242,0.07492437414920082,0.030536365439723788,0.053053706599338585,0.036653849290047086,0.036653849290047086,0.051812119591969366,70.75464175671534,410.71524369712745,227.43286419964613,0.20126910211659055,0.5384312125984286,0.019878266708980293
2024-08-05,0.05175201657042466,0.0304933619197576,0.1501204931124779,0.07597832192514786,0.27576333168310757,0.009535499751620751,11.69759982383897,6.2695626623790535,25.65546474405028,0.014504116040660929,120.57140049462957,35.314129416403325,390.5719986669612,56.52809916653041,0.05581544365244965,0.014867325132284653,0.07454985691010858,0.0302228676076325,0.052592335457194744,0.03462526999866637,0.03462526999866637,0.05284351463516847,77.23906423713446,502.74959828675225,309.38005034505267,0.19900991124409473,0.5575778008063157,0.01997575395728167
2024-08-06,0.050412169611464046,0.03027343701851721,0.14629426732216025,0.08147196931542454,0.2852702093064455,0.010420514822208635,11.57355376673518,5.861406558345004,25.447079047762937,0.01420321531800526,130.8880284137615,35.19979979644149,464.6740589343508,58.0478624738982,0.057375568118398605,0.014303853545454227,0.07671546386430463,0.029535227975904067,0.05407528454525878,0.03250238223839803,0.03250238223839803,0.05199297884150657,77.83964164907597,528.4850990542109,282.85613284029625,0.19782465047695066,0.5401418346394815,0.019468032016167505
2024-08-07,0.0462268910830784,0.030094723886914594,0.1474082718390977,0.08209704893300485,0.2855325904574141,0.01016397959380853,11.60127433090977,6.041821732711561,26.427117886290834,0.014750930335957316,137.25635434948092,35.242570826460216,515.0754940651443,53.94463824074983,0.06151892355292931,0.014783641336976693,0.07883761042842548,0.03142968786724968,0.05048759509798931,0.03543460039195474,0.03543460039195474,0.049896376027219275,75.6224279267676,465.2258872521922,251.19922001336118,0.19949086655314852,0.5580727969072823,0.01979518239447658
2024-08-08,0.04884075042446337,0.029301149807062124,0.14972048649098735,0.07941027186172979,0.27370123398295293,0.009605685753932208,12.37104346655539,6.02366643824282,26.236086308579402,0.015514508605986419,124.61622618653158,32.96899296630216,478.3111713538889,55.172320976938906,0.059758880464805694,0.014542693492452952,0.077970275085841,0.030216239351536327,0.04819811095865604,0.036211102322529304,0.036211102322529304,0.04987482878494528,76.4323461550845,456.90427168996985,286.7855243240927,0.19200422508057702,0.545122984216738,0.020493902118857973
2024-08-09,0.05316203736533474,0.030404257291436372,0.14925693642723217,0.08186525660482408,0.27246923324268835,0.010065628944078234,12.372322280944632,6.071400802076971,25.239821577936837,0.015373710136399509,111.33901136450112,34.334339394118004,434.408331665356,54.86226271038607,0.06176208541928258,0.015060194066824163,0.08092146089694792,0.029289759866519827,0.0468798827785538,0.03553502665549138,0.03553502665549138,0.04832684496284578,70.70052626071329,445.2877052091421,256.6170731115228,0.19692099242185163,0.5448792236165417,0.019586005557096893
2024-08-10,0.052331406940960036,0.029509335315118616,0.15181306018381158,0.0842157172520073,0.28398288570321817,0.010610929144784046,12.202163196759505,6.005870707067404,25.122013707044278,0.01480573995320264,110.1997363069985,30.694443735826493,372.3326243539559,47.67082377959859,0.057118380884768144,0.014244769674642865,0.08206344964977236,0.029973941759576687,0.05005415081471337,0.036329311705321866,0.036329311705321866,0.04936943409993258,62.99326996340179,385.8892971949269,238.4629636724137,0.192383574415181,0.5440069474386173,0.02020531141919084
2024-08-11,0.05197040063655287,0.029760976138894533,0.15531175246319806,0.08338132506067578,0.27787358903801196,0.00997142901079801,11.417124077908406,6.6931979065853575,25.414488888469716,0.014743284226234683,88.87098546959906,29.322824883372835,373.04035789692585,49.211615811065705,0.06023174146094437,0.014575300109862634,0.08212265584938849,0.030994498492935067,0.050118677104150834,0.03654077721732096,0.03654077721732096,0.04962864687095044,63.733951902078495,388.7542093960662,229.731707612788,0.1938168910216517,0.5657761900412424,0.01903283429327437
2024-08-12,0.050921659113256405,0.02966710957112677,0.14740498938123425,0.08056801236508516,0.27978832494312444,0.010327500936840732,11.790053535191731,5.844815199548567,24.59801195493492,0.015981274014561443,112.7772114554147,34.30480022284219,447.34120388399185,51.59550324348492,0.059430744513397984,0.014683273335565405,0.08533982098613967,0.030147697101005264,0.05015635667637593,0.03623514890651493,0.03623514890651493,0.04809787062353313,80.83254375884485,465.48540052478296,288.2672207324792,0.1962381390990373,0.5463559958847485,0.019589269718999398
2024-08-13,0.0529991288194702,0.029906560087097207,0.1493640449664969,0.08042483378776562,0.2735334549282675,0.009872846086106278,12.379955944424664,6.037947928405471,25.056171606662677,0.014809466298872666,126.9977282485046,34.415191532618486,434.48049335536524,53.28031412308378,0.05939471370320089,0.014917437979028341,0.0831064492408967,0.02911977983404432,0.05047412306485765,0.034352297010000754,0.034352297010000754,0.04953072743324543,80.20712050122478,479.88051768712444,280.128747676909,0.20292454931675669,0.5309751720793351,0.02069047695275158
2024-08-14,0.05093054257028023,0.030139775599202105,0.15111444841916846,0.08152914364744876,0.2685976747828225,0.009731447855069195,11.922916319557565,6.29153203220352,24.630560447523447,0.014693828959334822,128.27600625878682,34.88985343492604,425.90634426034137,53.64189427497523,0.05841995894974689,0.015489134129816222,0.07730592380157769,0.02890827615864331,0.049669130660161244,0.03544238576242192,0.03544238576242192,0.049005828604246085,78.96843885191272,483.2370679282999,286.9232448173807,0.20796238131969644,0.5554680788142221,0.019410631541072986
2024-08-15,0.04866756451825774,0.02981795619548133,0.1516701579386641,0.07791858233683835,0.26516806401450566,0.009376305599086966,11.82682709943858,6.043927752182473,24.719609661481208,0.015205959134964447,126.98113909557641,33.88806302326995,387.19370367115647,53.00212078583745,0.06282021750725672,0.014683594238242637,0.0771077871194212,0.029077723687925237,0.05056244852577457,0.035094260771472006,0.035094260771472006,0.051486131376391346,71.12406858301509,399.4518135643911,252.83412976597947,0.20800114132084266,0.5870246410539046,0.019414923479195104
2024-08-16,0.04901722123010936,0.03046541499816701,0.1517568034204824,0.0799909595108129,0.2884383273677638,0.009850799207017138,11.89096488916541,6.108872714720533,25.589039762071526,0.015531926146783262,115.35398645005289,32.65597950263543,360.9261972734587,56.90738487395615,0.05762078385366545,0.015117788256654306,0.07428304913795535,0.03041455981762842,0.050977044813803385,0.03420492195844273,0.03420492195844273,0.04911724260958375,71.09103471294347,409.66517353417555,263.39955989952534,0.19577013185820402,0.5532183658903422,0.020346998681559973
2024-08-17,0.051634894378156986,0.029701483654572987,0.15127125688188628,0.07528876608326543,0.2794873071418757,0.010411072709379965,11.761862680810015,6.197153263567111,25.72236759861493,0.01492493042757986,110.46308719706293,29.482986370049666,386.762403342732,47.46672149022116,0.05718973840817746,0.01508179913684505,0.07994513436554229,0.02828564280884425,0.047363555198925614,0.035628263594353185,0.035628263594353185,0.04824711024072154,70.1340493096916,425.04215955752187,242.1024961515316,0.19515218071467452,0.5522679216075741,0.0214118497434403
2024-08-18,0.050713490179864346,0.02730100609901491,0.141551756567331,0.0765697757622068,0.2805748922962015,0.010194023449473571,11.79164820698113,5.992197548992961,24.883535079379477,0.01522710222893257,105.71187599502431,26.626163896056276,366.215127061474,49.11270562012109,0.06002622691459653,0.015144825100904038,0.07703567348109228,0.029106370405293343,0.052531426992530716,0.03437851805899695,0.03437851805899695,0.048382476873994204,71.68798560625086,398.86517926798547,235.82935656574838,0.19660793232839224,0.5729388012826517,0.020467239560707277
2024-08-19,0.050576361301479016,0.02887510740196401,0.14513657902648713,0.07966108661540262,0.289640166448595,0.009915065378741398,12.502431468476015,6.050670719409339,24.624040117108418,0.014945299349851598,114.06659958919349,36.817240869614224,435.80717318439656,56.76497508456014,0.05940829758359262,0.014764896117749005,0.07720901395443683,0.02960499603508543,0.05024049130589833,0.03326288776615863,0.03326288776615863,0.04962395938912827,86.12799076106617,490.9408788673967,268.2913201272201,0.19869784861727505,0.5695736757118819,0.021115956634973836
2024-08-20,0.052039866145695196,0.031223073015218594,0.15442025442307272,0.07597201897484898,0.2909274778785536,0.010497139485308577,12.35385079990915,6.278639329007515,25.532199507724147,0.015078671445276727,131.18731469962762,38.267445015358554,492.5363486002803,64.06486691697631,0.0596718076541686,0.015158542275613371,0.07830092053576004,0.029178813699729068,0.05390278100211894,0.03431426786605951,0.03431426786605951,0.04861494158262773,84.87771162221793,505.2129967293751,287.52442549997033,0.20527535461017166,0.5607088712622422,0.020444332620836714
2024-08-21,0.05223499409889279,0.03126737804363302,0.14929840356704266,0.08028786826524215,0.2849016824563012,0.009983366604547883,12.342082621959783,6.269339060636289,25.87271462549462,0.014535109452734014,127.48815554884133,37.570382324458485,473.2596283095719,61.51056436050553,0.05985446027463361,0.015384592189005983,0.0746152431817109,0.030350245880774528,0.05029481608923625,0.03694050303737781,0.03694050303737781,0.04953471357300256,80.35588113713752,510.78449442528006,287.21742999344093,0.20371640075701822,0.5217822899225366,0.0195712893754382
2024-08-22,0.05040942150107976,0.030425609106522797,0.15103740250224726,0.07901140188956261,0.27652828420755265,0.0101694653552289,12.112993982978033,5.893075400063656,25.990504975574662,0.014167319526781725,123.28845015813641,33.92371740280263,451.6893143303468,52.95686770515471,0.05636983217481746,0.015474915965210397,0.07343835690332451,0.028914820392671636,0.05092999353288206,0.036226575640127205,0.036226575640127205,0.050057004646077645,71.80428034040634,504.8317291119838,281.5731298012218,0.20867688401912685,0.5397797913534571,0.01933363017126312
2024-08-23,0.05269235956169114,0.029327927291689107,0.14862991556420838,0.0776324365944245,0.27097761901310236,0.009834776719031199,12.236196311902916,5.603761567324414,26.0261298589856,0.014144512123309408,116.50176703727305,34.51067133515843,489.89718242318366,53.813263988415905,0.06015059727179267,0.01576206136997518,0.0776982627500399,0.028881857333941816,0.05006897326220236,0.03648805091198501,0.03648805091198501,0.04994402622432029,74.85732565647966,421.31713010596445,256.36081327601875,0.21232181258828964,0.5396146174665094,0.020452214193625546
2024-08-24,0.052612708146373456,0.03039106483137466,0.142577163802097,0.08128394360383015,0.2709790967959391,0.010252010783156011,11.903621766399175,5.864308038249911,25.11306620009596,0.01494484588618627,103.82121391071345,29.98133318904148,394.76246648746024,50.65685394577383,0.06071533072496465,0.014966667363158295,0.08042510257297412,0.030345907057672827,0.05033331459352128,0.03469877875139353,0.03469877875139353,0.05097011112300465,68.82894032805358,391.5631752510963,260.5608014932125,0.2062579677872492,0.5352814373868499,0.02109974661962386
2024-08-25,0.05169659464756361,0.029631347665594002,0.14956547700230524,0.0811612158613108,0.2884475338526015,0.01001058563596348,11.096196372137653,6.006737135181874,24.683824063900367,0.01541781240972554,103.84282499958007,33.1510008751274,364.94768402110964,53.20108559318578,0.05875135501264267,0.015059821379229572,0.07959363600761,0.028511347211326577,0.0479167717933995,0.03344475902621506,0.03344475902621506,0.051771259674390405,65.0638646150803,374.454863249172,246.77956995294178,0.2037848822654681,0.5629270265833279,0.019846780977895516
2024-08-26,0.050251917076405084,0.029829953010914536,0.14563967745414577,0.0864889214314397,0.2816299633231044,0.009504335938374133,11.850405964542126,5.994940535580815,24.61604966849279,0.015369678057457488,118.41817728892859,40.32384177137073,450.36029559333656,63.82752784822998,0.06269116989279695,0.014538356395374505,0.07890612499891121,0.027920967146368998,0.048901515719363055,0.03508681859344318,0.03508681859344318,0.04969563245677033,92.51943981404027,527.6279125068058,284.15737125200053,0.20243533288083368,0.5516853529668533,0.01995714070793147
2024-08-27,0.04882206555634368,0.02972553134397949,0.15047432617143594,0.07953501003459641,0.2833901411667074,0.009504060901749895,11.339649530916187,6.310432012205501,26.3154933960541,0.015310543390933408,130.9086703712026,39.47098772428002,461.3515749663442,61.311266256910336,0.061951681942218895,0.014477947482412561,0.08205584144834017,0.03237430158307546,0.0487602464817249,0.033923389885685065,0.033923389885685065,0.04839410483219587,83.67736610338157,551.3892283407858,297.9306341667268,0.2025163902978326,0.5609533372049504,0.019760934103892368
2024-08-28,0.04963689022078864,0.029843863201246955,0.14579366658337659,0.0818805764155049,0.2703560895532907,0.010378936908126435,11.708628635505669,6.176797119409377,25.86517271526305,0.014830333383706902,135.50719344087616,39.05089986367109,469.2718782596534,61.08154181723014,0.06034163846604149,0.015170078009636094,0.08423100158017904,0.03132591126391493,0.050428868836642396,0.03425313144487693,0.03425313144487693,0.05253632439177868,73.26015544040085,561.2058746153732,307.5201330333757,0.19815732672759834,0.5680033689209855,0.020124087736198656
2024-08-29,0.05089695504592115,0.02872997012086274,0.15139328352459117,0.07779529184426656,0.281988207524649,0.009516098585994196,11.883082371985388,5.942733617495594,25.3871324275869,0.01566796286277931,117.84684708965139,38.22199859056224,457.81261194740523,56.09845272373586,0.05858715736262943,0.015041821121881453,0.08094168355702758,0.02917403835022578,0.05069375151917726,0.03392704240798053,0.03392704240798053,0.05290526257946693,79.87425095701057,455.4667346060671,309.6532577197466,0.20540570924373935,0.5546363589190303,0.0197298375718791
2024-08-30,0.049537922087609425,0.029427169936137906,0.15602478482413504,0.07655247566985782,0.2629960916498837,0.00956633305253044,11.684733763339661,5.891235973117352,25.234886674950623,0.014356854186849191,112.55139657372209,35.43359071246524,455.2742621223548,57.882537514021145,0.05945789307907867,0.014501798451995252,0.0819155454678446,0.030657517885964533,0.05174191654955791,0.03414019914313497,0.03414019914313497,0.05085307444249251,72.843421624843,495.90968786154724,303.2928847984335,0.19849854909028536,0.5382161354006485,0.019665921172297145
2024-08-31,0.050591705961504856,0.03037827288570938,0.15060089255550466,0.08099710687004302,0.2683889196669072,0.009397922358050568,11.277027661199966,5.968682433805233,24.86743972307763,0.015093496581693112,99.84537613413977,33.03278051407429,422.4901502125578,50.242035150692395,0.05729079363904066,0.01458315343559319,0.07722417934939148,0.029343219333129757,0.05110065442393218,0.036232105896518506,0.036232105896518506,0.05193472920089999,73.36509186162566,447.839130173005,251.8083966796422,0.19931072684468143,0.5636127406384025,0.019930965974209177
2024-09-01,0.05106247855366957,0.030861315070057533,0.1516175932642997,0.07870200636513626,0.2861569775740023,0.010207333616196763,11.540595713128088,5.949352979027354,24.721583626797006,0.014871229438965912,114.24959060667425,31.212467345735778,453.038137055107,50.15122166778886,0.05892826806683703,0.013308756249345141,0.07800396685374586,0.02880512895743881,0.04861950488095048,0.0358882615476426,0.0358882615476426,0.050432322861257366,72.99281993700072,465.0154792286268,249.10565726352502,0.1870420346709914,0.5763070813269179,0.019093187852833808
2024-09-02,0.05057804272048443,0.03174438496113568,0.15527678638167605,0.08191492522657536,0.2871384119970313,0.010090552517148415,12.569176276607106,5.9888270447997325,24.483456613450933,0.014861195682293889,109.11415968884467,31.08120123112036,408.77942559010046,44.86263041010166,0.06238536308194656,0.014011375360224681,0.07649393201808474,0.02972035143497117,0.05070006460268313,0.03428928214487949,0.03428928214487949,0.04923861376691836,73.397070610695,255.39608402361048,268.2207839622708,0.18522164590411697,0.5559216548494047,0.02005250858139594
2024-09-03,0.046674417845944345,0.030941790408449046,0.14963326842265876,0.08205497196684203,0.27966631013831306,0.01008304526973044,12.641240433035737,5.97494015209184,25.87751220693465,0.014933914734210612,124.99900194215068,42.34503708554097,514.1454404882488,57.77560635019178,0.059840971079924005,0.014622632482902149,0.08055047847607431,0.029627054638218787,0.050152688374791254,0.036012750709509087,0.036012750709509087,0.04645566737328936,94.93268788682819,299.1191070454946,321.2017857413415,0.1910856123612926,0.5463001425677128,0.019788550197977997
2024-09-04,0.04833933080344687,0.030201526284405433,0.13976865514963666,0.07879486888623415,0.2812038188211313,0.01039067385058219,12.478656430227822,5.979126615911619,25.651881286456295,0.01526512212710731,126.60216693451332,37.083487986062785,514.7681000860069,59.643477042205305,0.05966159670120555,0.013819868907783393,0.08160267334007816,0.030505629338334502,0.05236029167862473,0.036019339882966746,0.036019339882966746,0.051762624655272864,96.65134212996074,287.0714653164294,305.2137880203463,0.200116380173082,0.5700053610412589,0.019285326900751597
2024-09-05,0.04870839773438265,0.02919058293440769,0.1452847122104994,0.07445345287221221,0.2965446345289727,0.010376476968351265,12.304218903193405,5.860778854585046,24.95782774425183,0.014949981345089352,136.65701767548413,37.75577255796343,488.86941608758923,57.5534640700975,0.05960809337147646,0.014910179259175248,0.08036684771927353,0.030951908888738326,0.04823836326684933,0.03547655512336468,0.03547655512336468,0.04933032978035494,83.71628525848196,291.3069753376503,308.24024700945876,0.20199335907386795,0.5572959742015869,0.020079245909209804
2024-09-06,0.04930323795179625,0.029514157641813327,0.14298170049707654,0.0776414943446682,0.28158295185247906,0.009630981461502304,11.95213275946777,5.912528921096889,25.342865376968348,0.015305349943155605,124.17865699092731,35.34612170765868,437.1790865301101,55.98947482549667,0.0572412663327581,0.015371330109238147,0.07963187483770186,0.03121953480384763,0.04917820092849704,0.035799492235228256,0.035799492235228256,0.05044845193075011,72.48387693254847,300.4939887524114,303.23128677719035,0.2089376531668838,0.5558721254988143,0.020902235181637755
2024-09-07,0.049245184254685805,0.029826544807910048,0.14633917323693357,0.08100770308002078,0.28735499912660867,0.0098974885479088,11.831259380211181,5.8299296599465045,25.618488726572807,0.015514784285724134,121.94553671628411,34.48486919612221,423.8051075447748,48.106341246127386,0.05766965187857344,0.014694051002312448,0.08582743246586695,0.029739165125133166,0.05055754715454376,0.03546961615391287,0.03546961615391287,0.050437250076041454,69.6434298596206,282.0522446523915,262.19844918178126,0.19904359117020656,0.5684185464059971,0.020894802182008076
2024-09-08,0.04982156757909733,0.028746909785144277,0.14686838975858088,0.07867427002299858,0.2897058072124545,0.010511442642044962,11.96092751597681,5.787786882454231,25.009182940352847,0.015373412092018854,113.99654448954895,33.968609616038215,437.2660333578256,52.432552311935154,0.06056631796978333,0.015274235810737339,0.08394585483506878,0.02994258412405162,0.05125410591747231,0.03479682846370117,0.03479682846370117,0.05085452008926308,68.56162790751836,260.5568451090894,265.0185358990799,0.18589875164184114,0.5379642132880843,0.020230879648028714
2024-09-09,0.05007231592288505,0.028723177903831224,0.14169628391119451,0.07901147484810987,0.28878579778241165,0.010771542706905779,12.394247967292893,5.991434138726845,24.900490907907923,0.015551582802794136,121.6058510555363,40.848860079801476,532.7490448312229,61.93918835706046,0.061901980473478974,0.014032762047814095,0.08223334923943391,0.03166283209377224,0.04888492355446863,0.03546800774200516,0.03546800774200516,0.04776299121914944,81.42378429673187,281.8961982434278,325.0029855567456,0.18652553115125647,0.5829499146684081,0.01992398741659063
2024-09-10,0.04981606702612237,0.029359285800152547,0.15087594087252057,0.0804100512218522,0.2911420524056182,0.010620149763265196,12.458273255939178,5.995592367755983,25.506830456820673,0.015347271095859443,139.83057380221146,40.41769772441883,516.8636476841207,64.79600760289111,0.058412494162136716,0.014369705531939496,0.08457794228542882,0.03099231581997138,0.049964433688961335,0.03483166223068764,0.03483166223068764,0.05021427324112107,88.79053390699269,318.7249309972354,338.2524463775874,0.1942685314357383,0.5589383705099854,0.01893130899217941
2024-09-11,0.0506340668135683,0.02985824020623852,0.15171534746287987,0.07902285378273917,0.2913653685520868,0.00993750361066954,12.323638894659839,6.336289898796486,24.804727476091127,0.015113652440224883,143.80560035621008,36.88174466179298,498.61958427721646,61.07668838220048,0.05927855547911794,0.014249553599933374,0.08098919177731087,0.030017080719002578,0.049817676452988,0.033184509744744184,0.033184509744744184,0.05298310786759907,84.55876320238407,295.15890114637733,298.7527826183401,0.19117626613063338,0.5495556423222955,0.019925046652782965
2024-09-12,0.04793984180441194,0.029429683061897447,0.15557594905387023,0.07572116558936402,0.27981707762904395,0.010469051854761107,12.263258448185077,6.19000191335637,26.12215437800246,0.014433376750780984,125.8941923471264,34.8257069169367,491.4776633413356,60.415614423433325,0.05980367389114597,0.015999141184007623,0.07748381729104799,0.029178964678345475,0.04890520688384776,0.033033499460873895,0.033033499460873895,0.04994114196604795,89.73289686999146,297.4255844491454,309.59295339290463,0.1974467792040555,0.5610714110297956,0.01977065131587467
2024-09-13,0.047267453395451395,0.029362774875954047,0.14418108791153242,0.0794085408114395,0.2939286510728603,0.010036598668643499,11.292992661366824,6.122908488715432,25.580869110277217,0.01446922284599831,123.66444682993799,35.203710847986216,494.99854153930045,56.29555097182648,0.06118417968656724,0.015435756275888392,0.07913421328279749,0.029860804945352933,0.05278379699385212,0.0328605712137229,0.0328605712137229,0.04881679880000379,83.79896954531452,286.3766934797554,304.145449181451,0.1922281098417536,0.5536459887297466,0.01951810454025741
2024-09-14,0.04794224261593281,0.03050353603211194,0.14633222590792078,0.07825369792216295,0.27787466137650885,0.010389244098477853,11.415961741107674,5.759434830028216,25.22737158773105,0.015001489643144982,120.52581349330217,35.79691693396505,477.1746464953046,49.70442423878483,0.06097960367122228,0.014795602129138677,0.07734595399800065,0.028847068779526034,0.051193270534854944,0.03389069026457244,0.03389069026457244,0.05115644186089309,76.05757385465617,243.01471853413392,272.67722812358386,0.20538147195268586,0.5502451032346847,0.020476061032566616
2024-09-15,0.04648854002020694,0.030064414360918557,0.1484414896440737,0.08035286303267017,0.27679823578378865,0.010284309200511314,12.242976501633402,5.849938474362013,24.848672803982595,0.015612018823768833,112.65651546548783,30.581143739807604,486.70777257039373,48.967429921745946,0.06212713723210256,0.01456634206064458,0.07770243303524077,0.029760850265452995,0.05114512341483918,0.03435633737206962,0.03435633737206962,0.049392339974737465,78.01338913403374,246.1567873291314,270.83077296706716,0.20315319153713546,0.5510741473207517,0.02035680376712882
2024-09-16,0.049164743999443615,0.029514352400392827,0.1546037943124655,0.07951749907784515,0.28546428653900197,0.010138882402654781,11.705798417359052,6.38405578519005,24.774469756773154,0.015052906710514726,134.53753641145957,39.828800583141636,581.7555351800557,58.55931570621627,0.05993005975184042,0.014592495712946898,0.07687352656334154,0.030098188022325077,0.0490961608845865,0.03481880522259807,0.03481880522259807,0.050546311713950104,93.71256600168876,295.2154556969814,314.0728199775687,0.1943766696737529,0.5585303948498391,0.020282652131686528
2024-09-17,0.051801580527120084,0.030382985741820193,0.15127241363139463,0.07718370122833157,0.2863453309677888,0.00979925783664705,12.04698519287227,6.134070151186622,23.99732182872163,0.015538698709461582,131.8163234204082,42.122150672370836,589.2151142717138,62.8226308913547,0.060285302542434784,0.01428209607333554,0.08061882203424947,0.031106275406443028,0.048676193695855546,0.033757354951273535,0.033757354951273535,0.051467271256445526,93.32021984723806,315.6893377634863,357.74474566449675,0.1895887469179549,0.5333899242908855,0.02007241798746982
2024-09-18,0.05437205645846996,0.029861841578606857,0.15475640164602406,0.07922089038135806,0.30141601253291533,0.010288403087409522,12.646337928211882,6.112514464823154,25.40522933169729,0.01578953584166594,128.93345664836724,36.92707387996243,604.3545941508485,60.25457405683443,0.05983602399696676,0.015314678026020314,0.07848298210299061,0.029836436589543606,0.049679760115334495,0.03336676592152072,0.03336676592152072,0.05066403368299116,88.05393270228139,342.0494583606621,347.88370278087314,0.19236100008318424,0.5282340929690945,0.019514409989725243
2024-09-19,0.052820000889438334,0.031188074516939508,0.15255489944532494,0.0780332573636835,0.2857726011932022,0.009215010009899209,11.355235663321466,6.123363146283113,25.618452425244037,0.014632029445967244,129.3648016434431,34.604888451653466,498.0118885542734,56.84847214645477,0.06002827852369288,0.015069840587713105,0.07811165014221869,0.030220969027494146,0.05036937509604797,0.03363477376792988,0.03363477376792988,0.05272014020276802,87.81402975976083,330.89825046254003,327.85096475703534,0.18721411115634295,0.5581523975048054,0.019609831280534278
2024-09-20,0.04945341103791349,0.03115363079511381,0.1526186178602408,0.08116531575363714,0.2866964738579877,0.009598982898955334,11.836037648169693,5.805808076116876,26.717102384439723,0.01462209390749341,122.32623585047806,38.600798642998654,476.24608812669476,53.29338476181944,0.05965691603976105,0.01471031343058548,0.08084027902032234,0.03129060480901087,0.05053130633115082,0.0345493183468038,0.0345493183468038,0.04920711385306583,81.05515302090872,306.33340405029185,296.97366436481315,0.19502075430530463,0.5308953986770605,0.01917082517241216
2024-09-21,0.05034358932088831,0.03171345780493763,0.15121661586234794,0.08066206393383132,0.2854508547764589,0.010193788109627793,12.654668826402949,5.689154374008842,24.820938792477776,0.014930410320914318,117.48542865256215,31.006876577328896,449.64709553285655,50.06320567366994,0.058728539362596414,0.013932578091493404,0.08017561171997993,0.030263863650106013,0.05154713474142995,0.03474923079295958,0.03474923079295958,0.051031437851447474,78.45758662317063,318.4174452483394,269.4541846526868,0.1934855219420211,0.5491539102263221,0.020781882194540854
2024-09-22,0.04935779865847468,0.029505695223162764,0.14607331612788982,0.08233283333630313,0.28005957535831905,0.01002102724957719,11.993460494590044,5.878909726051331,24.21215574657007,0.015050333573679285,116.64405226714044,35.64581698975339,442.55392074349754,54.672250774240254,0.05926313036371416,0.014747533504600088,0.08132971068869027,0.030465614594155876,0.052628591516542325,0.035558826683186974,0.035558826683186974,0.050637785861242623,71.7304913576082,299.47742434317706,262.9469966784963,0.202703967301829,0.5302624267442149,0.019954306644625566
2024-09-23,0.04829051606420467,0.029333892347122793,0.1417582364331856,0.07671593288748146,0.273487532136721,0.009832078075434417,11.145689466713092,6.058806411418243,24.41744295351071,0.014604979680632258,157.34798710466026,40.4105781770619,579.6815974991554,62.9927275243032,0.0601974836521268,0.015111508401822325,0.08224065982852957,0.030320265113560414,0.05109571140930073,0.035459317607983765,0.035459317607983765,0.050095563345155386,94.54198897152408,603.3728118553483,339.16323880003046,0.19460019337688764,0.5450795873200069,0.020134057124950876
2024-09-24,0.05310220943898646,0.029966153920744452,0.15594652167599374,0.08161314104294196,0.28194460139401323,0.009750282301960912,11.529206473289058,5.691122307296601,24.883378607733142,0.015073457731716568,142.97847978630546,44.98509205985739,617.7000642499609,64.07342257989393,0.05858901974597422,0.015313565022488228,0.07683187334098851,0.03070416244581508,0.050908958154108286,0.035139189596986836,0.035139189596986836,0.05018375085611233,91.19764525282052,577.8592556984694,344.1843897105492,0.19786021562122588,0.5459452538417584,0.020224936253338235
2024-09-25,0.04955647351668867,0.02965701203053193,0.14859672914369038,0.08646340102951301,0.27667810793517755,0.009388158699089042,11.989139278694347,5.805989603372737,25.01978392757999,0.014922232236589112,140.72105881768871,40.90428080766008,495.1473884368029,60.04005683017246,0.058981620338337676,0.014943122139912052,0.08239825535993159,0.029324006670023117,0.050049550552029656,0.035855586594198255,0.035855586594198255,0.04917334116507876,89.60090857161585,559.3730067864817,340.64634011709865,0.19936855557303923,0.5371796657496867,0.019146868027498373
2024-09-26,0.04747369093045827,0.028638274604762426,0.1507100346006691,0.08012092171512,0.2768064347960057,0.00999623819031904,11.518390393346968,5.761673446769515,24.424885141866202,0.015085507140869302,130.05300717145482,38.812716807665126,588.7680222472817,57.903280664667854,0.05955156984710538,0.015346523872259321,0.07883990091382483,0.029480024883410054,0.04758570806897946,0.03765089122594593,0.03765089122594593,0.04783940463948667,90.97001850401148,539.5674658911877,340.8437151642982,0.19901232565060906,0.5527045161988425,0.019554207199122344
2024-09-27,0.048573739593495924,0.028661142851746327,0.14944455983261987,0.08272546322564661,0.27470443365103425,0.010040956005154216,11.911872921629017,5.746259627501845,23.850518930487898,0.014812261311181877,133.63828901157729,40.160213054389565,582.4712856245562,55.18096939504472,0.05906226434303659,0.014893135498885084,0.07844689825740905,0.02926125148418931,0.048044915493337614,0.034152963799640966,0.034152963799640966,0.04943013018643263,81.60351668497222,525.754665243141,322.96376686772066,0.19944059515563917,0.562534425594802,0.020477041871671615
2024-09-28,0.049111941865666475,0.029226404560368752,0.14945370830001678,0.08155471861222845,0.26497294065687105,0.010339665836247618,11.79483926749329,6.0341208936884545,25.49726886135645,0.015409902159175981,123.25344322123105,34.83941756203145,502.4641407586312,56.85063629855315,0.05972375614683679,0.014856746387354569,0.07847793676655425,0.03002412341842495,0.053491431630935775,0.0338420789650683,0.0338420789650683,0.04886780550204665,77.95818145834265,450.78140596064367,291.38999698534116,0.19637771471406137,0.5469011457274839,0.02057080220784267
2024-09-29,0.049711339327406893,0.02993567038091192,0.14860340714595327,0.08369720651386993,0.27598624076833117,0.009917689008249925,12.472038708227174,5.988968066616721,24.4611835365084,0.015627436646969473,128.988523552247,34.75028453207091,508.8038002524099,53.536604126484455,0.06069202208813286,0.01542706114365734,0.08183947134144873,0.028445084868335305,0.051925631482932645,0.035884261522729534,0.035884261522729534,0.04907507074510792,73.77536335233822,455.19715849503956,306.56726034617327,0.19820437925218531,0.5547582040615552,0.02086109758270428
2024-09-30,0.051317716357273384,0.030131475771474715,0.14880508078833346,0.07993046251029677,0.27392478486897276,0.01035942239484115,12.547886165578637,5.925545891614492,25.259616509361187,0.015404590552707145,157.04963624577707,43.85282741066173,601.6073488512043,65.09571416123129,0.0599590902919028,0.01462172400788149,0.08015255866864238,0.02997712558038365,0.05154275483356957,0.03293687888506302,0.03293687888506302,0.049912425915007094,85.8966139750421,609.9948228769844,347.16108811237365,0.20143879553699848,0.566548226402837,0.018895408332541906
2024-10-01,0.04847027499528041,0.028406608397244505,0.15217541506397392,0.0846285421626116,0.27182232049240435,0.010133406197494997,11.766946947000982,6.005035056618231,25.678986935082982,0.01576725502542218,160.89767514088837,44.159763239938805,609.0044166628504,68.04662640448103,0.061613101055651355,0.014726997345324677,0.07945516099159378,0.028655739351625617,0.051362940665251655,0.03398323145509834,0.03398323145509834,0.04747058644525481,91.93374947508036,610.7164823813653,377.9320609548792,0.19613105150624988,0.5612936329366954,0.020516101493616826
2024-10-02,0.049503097520288336,0.028675753008663762,0.1509933826769886,0.07899731708469808,0.28572479770968123,0.010712520772928762,11.924187439399665,6.081604460290437,24.221497993280426,0.015427176609635865,141.20518736763563,43.25782979767776,508.5374645920742,67.42535099045415,0.060526821151978834,0.0156072550678381,0.07789031494490492,0.028853568779814105,0.050403624806546476,0.03455583198727908,0.03455583198727908,0.04855703729501934,97.13242645515254,544.8058085431267,313.66839611292414,0.20453567263471248,0.5549164643372478,0.0202331860828226
2024-10-03,0.04853713021985552,0.02820467313502241,0.15164583692526576,0.08281073671784225,0.2752488965092211,0.0099245859688485,11.658981071964387,5.9922888150585045,24.771890400718384,0.014700715590074014,135.73302571252327,40.38923965528615,506.1792089462823,66.70110033357987,0.05901752022735702,0.015200923056040563,0.0776092334963007,0.031090376453361768,0.04892051568256126,0.03619264279220651,0.03619264279220651,0.04591673807353377,96.14665938312089,583.3943724804418,337.93985855206097,0.2097623932547681,0.5621334923598112,0.020421647279946754
2024-10-04,0.05022251591344151,0.030047229175820263,0.15534589087999404,0.08536968488253745,0.27781620929374407,0.010516605196367441,11.758982732670223,5.975047030484332,24.7609313138238,0.014639588247131543,131.07438603388667,35.78695290231786,593.7477024609509,59.62768604601313,0.05718485602753079,0.014818862067298377,0.07631393257981019,0.02964004384056459,0.04842857514737058,0.03418260932753352,0.03418260932753352,0.04834182242346867,95.5257145107853,597.1476551964025,301.6482495235163,0.20506267511302512,0.5353375356417202,0.02092663793894795
2024-10-05,0.04983090661202924,0.030331039513278066,0.1493171540531673,0.07938546479857672,0.285286461160548,0.01002295589669038,11.934595318895232,6.162973184912734,25.230585987537,0.015376348516964157,118.71444083043757,37.256628115514516,518.3462950860869,52.80122052274143,0.059303274132007706,0.015120311804734868,0.07624130276945079,0.02926629729142302,0.05066180572271677,0.033587112061581784,0.033587112061581784,0.04904810615129161,86.67511554890964,602.9052473284551,280.2696430341402,0.19242862306090042,0.5144757969095388,0.020115316920496215
2024-10-06,0.050543398301012,0.029329932319617405,0.14686184063322688,0.0751856696542765,0.28370364885342997,0.010187533439769046,11.737630895003122,5.890048214507981,25.746685449477912,0.01531246282070505,118.76349247346532,36.35520652608029,489.7884708452733,54.400920416427944,0.061724897642971094,0.01567567010303492,0.07813002835548684,0.031399520015385964,0.051575985291934336,0.03410663247037819,0.03410663247037819,0.04982399909181943,75.41709797949817,525.1434572278721,290.7197038901431,0.18825848827934089,0.5423704887281849,0.019396411474268203
2024-10-07,0.052763399036219995,0.030007866898850943,0.15735521771234076,0.07599655527698705,0.2708743366418862,0.01038626740067702,12.17000399907208,5.8355896780133385,25.285149813411522,0.015228215540712563,140.1324775483035,42.794334363798974,538.6460008225476,63.35721103080399,0.05822238307359903,0.015226453797158654,0.07734160824232734,0.02970754221470907,0.05111220942604764,0.033157460530727836,0.033157460530727836,0.05191497258201754,91.17075808852202,595.686751991357,348.52765565767936,0.18542466425401538,0.5504293812056116,0.019824889989047342
2024-10-08,0.05267749416904005,0.029297374525417884,0.14737937285902925,0.07838974995909587,0.2822259257772496,0.009551086972591102,11.973262780944912,6.044960192198805,24.1652739598486,0.015068266506285755,146.72581697393227,37.30071057460107,560.8672439857396,67.81307643930087,0.05722050811045856,0.01501655541110474,0.08200770639210828,0.030385489536400686,0.0507091316308254,0.03474812943031603,0.03474812943031603,0.05195656861876879,89.42783884047597,595.6868487591646,345.48147354678014,0.19482970056848598,0.5519004996513903,0.019889681693671994
2024-10-09,0.04836875753439158,0.029010594648269886,0.15240043837487946,0.0759339683008826,0.28978333470706846,0.009507909221877543,12.009636780692459,5.773152976220707,23.697814488936743,0.01572454408683089,136.04414156538755,36.60374466320182,578.310648008663,64.88912646504417,0.06017325810904343,0.015066276552984158,0.08367432856590852,0.029691638174964344,0.04988880394329519,0.03593130269083251,0.03593130269083251,0.04908482259421029,93.90494607436706,569.2950999442398,344.99462002541173,0.19114743957965497,0.5384537267099985,0.02052214163027848
2024-10-10,0.05180045194973487,0.030099606762710576,0.1476380926266179,0.07634906203915896,0.2803116130664127,0.009304389952671237,11.641194833118321,5.734396222175428,25.312776989723666,0.015481854480878438,147.75705845844482,39.408130314614624,581.9343544792233,69.90121717919259,0.06184301377124276,0.014820188255268802,0.08200968242069293,0.02980505490033732,0.05180778134538318,0.033534204120833806,0.033534204120833806,0.04964500818240685,91.83495570410102,586.9181323910883,341.9197711176622,0.1938422383102667,0.5502729863715429,0.020090815286953903
2024-10-11,0.051207810343937135,0.030190733932726463,0.1488039503254327,0.07767421042843058,0.28084881023103164,0.010121784155915367,11.957635567926728,5.8444331065361625,24.219428162098566,0.015139955435661085,131.46875744569053,40.02649039108909,598.7877188173802,61.72655157831567,0.06019070154784816,0.014982270476826008,0.07894901840275817,0.030726253671009316,0.050074712282464386,0.035031287261923706,0.035031287261923706,0.04755276700017613,88.88521194160327,590.3898981356672,341.95939025546835,0.1948625474938165,0.5655908246794836,0.019522630612716623
2024-10-12,0.05163844481884325,0.03130172260700383,0.15484563387501554,0.07881168987844336,0.294772023366782,0.010296396461444972,12.454052617669086,5.923572133803178,24.28757115452141,0.015180498734267094,135.32842074305074,33.58728200474639,542.8120546947106,57.22433320310889,0.05988589388290904,0.01450488128201209,0.08039371080316846,0.029149698907346946,0.0481504637893477,0.03534690016074767,0.03534690016074767,0.05069406705371826,80.10460729221666,577.7951988936348,339.27440292365657,0.19223866546578822,0.5448276008547402,0.019708810160496817
2024-10-13,0.04843828447273049,0.030329185935741014,0.15248714303267666,0.0814200286876893,0.2880317083557068,0.009918700716405233,12.906142435763934,6.197967929957805,25.21066235953926,0.014699244763110563,122.82460859739781,35.449768767968045,493.53239261277804,51.57894027051569,0.06169708062689807,0.015252258235646675,0.0814339256888194,0.03007970341921995,0.04692239898034618,0.03570610885038675,0.03570610885038675,0.05117083401172051,81.8459325236086,553.4710990430884,338.3521272346208,0.19511930619130774,0.5484014293572459,0.01984412651238129
2024-10-14,0.048770522192743006,0.02871852137185804,0.14510780166877832,0.07641602941848494,0.28675685362424136,0.010627031550207302,11.774082699207554,6.221503872621569,24.53659260565437,0.014948263585667974,124.27568490477343,39.90789732563578,549.2444380569539,55.86454803570604,0.061788385270324805,0.014842084122400451,0.0818085421430433,0.029816676971825377,0.050619957686906004,0.03603789383558508,0.03603789383558508,0.04911659995839652,80.37015431001666,525.6354150075526,297.03092651432377,0.1965757888407302,0.5444239651371703,0.019493844369189155
2024-10-15,0.04829813655394818,0.029398798010413594,0.1447001845191874,0.07933144800100697,0.2827815297196096,0.010731521925642955,12.367561222965954,5.871512743581457,24.79871746924392,0.015421403113102968,156.43320508734328,48.59180693850682,586.76224100251,63.86365078356452,0.061345020663143054,0.015792376609432616,0.0847301147694458,0.02991538696480604,0.04915095683133603,0.03565755340469732,0.03565755340469732,0.04885368183376505,96.72839555742667,577.4968018998418,367.4964061102144,0.20971478778683883,0.5233973591321622,0.018850637083024268
2024-10-16,0.05037455510794944,0.03030565485232491,0.14947198286900415,0.07727451627235248,0.2772473857960419,0.01043503587116221,11.401097829990292,5.621658519766182,25.646226423193912,0.015012312146623278,146.0334229701344,43.7447879131374,648.5508724882602,73.96992631695213,0.05788105172130044,0.0150721748538582,0.0822092094445481,0.03126009547133284,0.048038426670109886,0.0356791654959437,0.0356791654959437,0.050400589013992636,100.16170801128601,532.2046181359312,373.8334073842631,0.19957103544204355,0.5162800211405982,0.019974996713058583
2024-10-17,0.05104925061403398,0.030062252551049478,0.15583758623156138,0.07812581156763124,0.27373940469816843,0.010246002400857043,12.688334742489324,5.798307146392769,25.234626066185843,0.014726255953968823,142.22805459500464,44.422706900397536,610.7515547231541,72.5631068223629,0.06028770895323476,0.014793443873991775,0.07899571650054175,0.029728095688366585,0.05047377122113558,0.035684635712427526,0.035684635712427526,0.05020356926529286,94.75658004261237,538.1426746176709,339.102068191679,0.19745420468854472,0.5277312350769118,0.019803479550683616
2024-10-18,0.05067984487706441,0.029967952352791708,0.15123521644790971,0.08013811238403376,0.2696284986434594,0.009992428232148368,11.843672554494983,5.622769808630256,25.754088226371312,0.014500684506091415,141.2709816198794,40.40910578852078,554.1052505670212,64.83876934454803,0.060701789486022034,0.014907291381404593,0.07651583370963329,0.02976601912563736,0.04741975829542468,0.03616367495422894,0.03616367495422894,0.04929965374495954,80.34301944173417,624.9285040375561,314.50497294328073,0.2019575912880629,0.5362729818288724,0.019206624136926097
2024-10-19,0.051144659309008224,0.030501564258899116,0.14712224769988197,0.0780033438160024,0.2827869285002911,0.009810292064748961,12.06142505743939,5.980730394003886,24.829161252691463,0.014728155407797351,129.21997327770225,44.57853127017338,541.3665748921547,52.657979788048536,0.05786344813152707,0.014881281319013295,0.07844997968349716,0.030515914970484035,0.04771321777487583,0.03632957863188021,0.03632957863188021,0.05237036404503379,73.80782548407907,518.8628461226278,301.478786367883,0.20302310921974903,0.5887301395010602,0.019844833481386256
2024-10-20,0.05100440706096108,0.030464965123714594,0.1441363369633611,0.08045963617417513,0.28866277023872544,0.00976146175731115,12.259843732771888,5.95377621225963,25.391960020532174,0.01424611424907047,121.70116427335303,41.0821927669693,506.1827509502151,52.809972489351935,0.05957856421643572,0.014284992425875843,0.0809694024795201,0.02983591384426647,0.050017310583520436,0.03476286068610718,0.03476286068610718,0.050293819000074104,78.0111836362123,499.9875247120463,315.6122513640691,0.2049314591274176,0.5485685407097384,0.019647999769369325
2024-10-21,0.05112710005017133,0.031025605206028605,0.15156276696436022,0.07807742206359879,0.28084785037909127,0.009448401480900573,12.598605527807589,5.963272526993881,26.512740836330735,0.014633896386963654,138.2964560835844,46.15089396230868,607.1833700317919,63.119490655585324,0.06074572219548411,0.015049557944991085,0.07988852208507648,0.029257009906391827,0.049353804360382045,0.03436378544640496,0.03436378544640496,0.04960503962636779,92.73106179170229,570.0497828729781,358.3824943243333,0.20674704837146304,0.5209272207029472,0.020242447868548882
2024-10-22,0.050894538943435534,0.031234663350352024,0.15186936592817785,0.07815067301134242,0.28817470545432095,0.009701735457826212,11.874348207620868,6.358471450912436,24.85230735084828,0.015939891894806393,156.71410025810002,42.4731500794236,615.0133341308021,68.97906768446494,0.059141771910675156,0.01445312418866827,0.08060164104244816,0.029936135776480483,0.04915590775816844,0.0345896597090019,0.0345896597090019,0.048887865905114576,96.89199373922548,628.0030779798243,376.182763714971,0.19946896997522504,0.5285474985394752,0.020365579424673687
2024-10-23,0.05109112614498437,0.030641467121681684,0.15546301775637938,0.0779257483042065,0.277397766786034,0.010129406042170814,12.142418551556592,6.039536354831057,24.047905481754587,0.015273410055209288,173.01405453510867,41.1908579720238,654.5817775491457,67.11820078926465,0.06167617184541763,0.014973704754074708,0.08044625553951189,0.0289568899682804,0.05106797277973701,0.03540418243516644,0.03540418243516644,0.048909911034842234,89.34762107735735,599.5861025155846,361.17486332529717,0.2012600845419372,0.5296747950483688,0.020498803599067045
2024-10-24,0.05286643989712412,0.02955406144913782,0.1464986609496554,0.08561871323398361,0.2886811024505395,0.009744951381545281,11.90166374297066,6.214207781429783,24.512920699908232,0.01528106397014865,153.34051664013376,37.67139659868241,656.9229470257912,65.90236075466153,0.057633207578925115,0.01542456489130741,0.08137788055022355,0.029016903649890097,0.04802492926437957,0.035876710952682696,0.035876710952682696,0.04889192324774455,86.31452084905058,615.5676963078707,386.86232813338233,0.19798926198680428,0.5566609111865336,0.02132719125904164
2024-10-25,0.048101480309261736,0.029655300363679343,0.14533817943613836,0.08022598116404195,0.2816391982592228,0.010197836665092141,11.83838170252837,5.978722897520397,23.88179220604883,0.01476437497857818,138.66849917471862,41.982497948681065,566.0856900468732,62.390088890884684,0.05848209720736156,0.014658863507518336,0.07752008277867431,0.029123130837921136,0.0482679063312976,0.03424714586644757,0.03424714586644757,0.05019208880148453,84.31511031551267,574.6134076968941,327.2792261166679,0.1992645798029019,0.5507005396168503,0.02003062403794941
2024-10-26,0.08832640714020505,0.02861838382497036,0.1507564109429646,0.07955194648994704,0.2810271115976552,0.00951377797315435,12.203285593247529,6.155068658010839,24.423751662255818,0.015159341242773254,141.01980759443043,35.41223201099756,551.3364065824477,58.64975862773789,0.062310684386146724,0.014325015196416891,0.08111480914550138,0.027860050380408608,0.04773317831477003,0.0326649653101545,0.0326649653101545,0.04886645125027009,75.08406436249291,537.550484902075,276.17266740146226,0.1993261029420743,0.5377546415443133,0.02038562119269
2024-10-27,0.05038423320991484,0.030524924233830648,0.150847230048577,0.07798218046073933,0.2812534886069803,0.009952340995850037,12.011362302350214,6.133576086247848,25.2171401471872,0.01452767318630473,123.88363052705533,35.370724244622146,593.729894498799,56.756073264032295,0.06350310185114877,0.014951422879932268,0.07545785471966591,0.02940095722472431,0.05011802029801909,0.03537550384757545,0.03537550384757545,0.050137587454082026,76.11162562588676,501.29799630610586,320.90394635603883,0.18527788278679658,0.5360547366352908,0.020197668129814966
2024-10-28,0.04844267957160784,0.030109487269010686,0.15656800434309423,0.07789144917723559,0.2719948218963625,0.009697465690647323,12.750989060863862,5.996276954652645,25.51993905713378,0.014883545555425017,161.00282963076972,39.6648930378371,689.2436260116501,71.51034869834383,0.06346998265898882,0.0148323344561429,0.0803128904861965,0.03154125028385558,0.05123081346938044,0.036267688153447025,0.036267688153447025,0.05122661502055284,95.51120230354066,607.9448561053473,370.1315648434545,0.1876538694331949,0.5377390406915867,0.020737935583026945
2024-10-29,0.05122327608384042,0.028918744605757076,0.15443329729817007,0.07892922233448003,0.2716336229510119,0.010121174269923403,12.456216351005178,5.780680297033279,25.4478779812302,0.014882552632982252,153.08087575868575,43.24522426500114,723.7820100845602,73.09351085396108,0.06066436567068599,0.01472838983036736,0.08132913962895907,0.02963857297338346,0.04803165947564742,0.034644719273854166,0.034644719273854166,0.05188887633515909,97.53854185789284,617.8986884480345,435.8063371054673,0.20323212988733502,0.5552342054728792,0.019997077068869752
2024-10-30,0.04813732657276277,0.029189293110185293,0.15118271100720884,0.08174472521286555,0.28145327178938423,0.010465388851156712,12.726724328364135,6.140221991380283,24.363445598133357,0.014514125021408765,149.44293203733733,41.55807852068066,691.520374959856,62.98793544148429,0.06061145875610773,0.014595081872348413,0.08166734913682136,0.03128591400241492,0.0505235596755277,0.03340748962183382,0.03340748962183382,0.05058768484529,99.48799361051735,582.005831725393,377.44648907624793,0.1998741057128351,0.5543727796104589,0.019561849658494845
2024-10-31,0.05058643918681369,0.030382113282068048,0.14793984069547977,0.08046587597516255,0.2763894194888703,0.010070801749274532,12.294131375045659,5.919810449353958,24.410032878622243,0.015067281970601316,139.9071485688707,41.66131414485864,676.5516008030223,65.95523355914524,0.05872367661028108,0.0141295388123918,0.08082867885979483,0.02974130760054298,0.049600082920061905,0.03552920802462349,0.03552920802462349,0.046756345156813074,94.5901074024949,584.3198984896425,399.62912176075486,0.2036056041551465,0.553650394444874,0.019511617954832132
2024-11-01,0.04884962860206071,0.030898413453268873,0.14403053081264622,0.0832994611146168,0.27051832935723674,0.010160625176854605,11.62551423058503,6.2118151798621675,25.400645556959876,0.015549391893605703,139.26360808504063,43.757613772234365,555.8866987302955,55.48132842436662,0.059498575295793006,0.014153111266973285,0.07545042438148941,0.030822649135690022,0.04976621620432523,0.03587303469323484,0.03587303469323484,0.04782611188928229,99.98190417667549,553.0876300802728,348.2384529405986,0.20221713677048125,0.5665502738540155,0.019413862342796132
2024-11-02,0.04975088579086907,0.03257303054269529,0.14028916562449237,0.07943041071905639,0.2777062822584953,0.010033761353698894,11.275477254809225,6.266248997602144,23.699964287429687,0.015070713819877988,120.85326090373505,40.14224287538752,487.45574388855266,57.10712011820708,0.06000511324715211,0.014464705073935186,0.08003654840107154,0.030630130793782347,0.05302574698322831,0.03443207529594241,0.03443207529594241,0.04845010898496238,84.13510601503216,581.8205817226766,310.44914374277187,0.20187063338267675,0.5504005751806393,0.019989681449265856
2024-11-03,0.05304054151373109,0.030012781440220515,0.15091038968006068,0.07924848256152382,0.279805206940535,0.010645504312656998,12.063495829216818,6.037064489236437,24.46460349578972,0.015474989181687888,108.69676321313801,38.32916649601721,553.3686401206236,51.62150119344474,0.06171538059320166,0.014527166573983336,0.07595385424690373,0.029821707993855643,0.054076557518126726,0.03560170434531046,0.03560170434531046,0.051197955419973906,77.90581915713635,507.10238225634856,334.49918560603163,0.20712978257781836,0.5585852236121363,0.019804056836328156
2024-11-04,0.05143764377994672,0.0295594052713433,0.155364413914548,0.08239400520459032,0.2776285859321935,0.009999752047062613,11.724196578095627,5.843585538244449,23.927723253739277,0.014336137370739297,140.21073115427447,45.573502325976285,658.5823593010449,65.10673305319597,0.06193535580086054,0.015339200267350778,0.0777938824834402,0.029213644293880944,0.05339450195058462,0.03400145899535965,0.03400145899535965,0.051295665912251424,100.08761165095952,621.5367546217734,355.1521060799836,0.2025956154173982,0.5345066820090575,0.020358647971866352
2024-11-05,0.049235919536960875,0.03058724390766765,0.14941973127877212,0.07509287646574973,0.2796153628233073,0.010039619781675436,12.075595352091174,6.1817362458767615,24.228299235045327,0.014862846455512361,145.75928123850383,44.93025281326954,678.3897930491266,78.43820608309687,0.05907192956344477,0.01541905651374087,0.08027554395372624,0.02957303690102297,0.05058614081285301,0.0359699323391475,0.0359699323391475,0.051035879141887376,94.42019094592504,636.9243004585888,370.1034731322873,0.1978623654381242,0.5404913348718093,0.020942856488216824
2024-11-06,0.049800280830539834,0.031182123431146014,0.15315822484430666,0.07517348806656482,0.28383050521373177,0.010185643059818181,12.639204602817557,6.031167547030577,25.00523104398549,0.015084561454168135,149.16720831832316,46.89902367114664,660.7568310559167,72.17323248489329,0.06177589875186141,0.015029048925771806,0.0782367170404849,0.030158495160382486,0.048763367168564914,0.035082748076987164,0.035082748076987164,0.050323143363804806,98.9415938998434,620.8308354332822,375.74932778229726,0.2020367602020426,0.5706367180193443,0.02023657933395727
2024-11-07,0.049785062629658254,0.030130391740454326,0.1530068718403842,0.07945749355871408,0.28202608572696314,0.010241040251854863,12.464674302857528,6.129017812947437,25.038411731195865,0.014607688118672545,141.6521463463322,46.007507692632316,626.7787490917644,65.98445215968952,0.062462425540326466,0.014790799083451276,0.07680494700006862,0.03041333391844033,0.04881742606481519,0.03311887665171999,0.03311887665171999,0.047807456066705466,88.82189340283807,618.6922098319362,351.0454241885338,0.1958972362540099,0.5613378442662225,0.01955622783332153
2024-11-08,0.04867294680217225,0.029846288957189757,0.15108436609038897,0.07857116955135143,0.28925479959948697,0.009722822371111826,12.239059193299884,6.274283464652499,24.771075805200518,0.014302199978855089,139.36568077897837,43.729884652970235,538.9557674796189,61.47977091479,0.06172553710197448,0.014926075440631481,0.07959095973410098,0.030538895575024153,0.048450975570716155,0.033261867263894664,0.033261867263894664,0.0486824809448031,92.24221906162417,664.0334135513395,332.13075610351467,0.1829627520732625,0.5897302189723448,0.020392466712960945
2024-11-09,0.05043504179906453,0.030416152878019062,0.1552366131690279,0.0782816699026011,0.28446083430376856,0.010213618549865917,11.919604202153707,5.69953405579237,24.632806941504366,0.014125478693269225,127.60622553478721,40.194940291571555,515.9228340634229,55.46838193235308,0.05891938550913046,0.015280130222852236,0.07633253421903874,0.02933243720588394,0.049922638681951875,0.03432904673949177,0.03432904673949177,0.04971837940069458,90.09488703543919,640.1134362572653,291.33846594700117,0.20651316900178196,0.5831350356142715,0.020247951899158283
2024-11-10,0.04995088252439708,0.030271771029573378,0.1518346166778342,0.07619991565257304,0.27739911256027827,0.010254306526111517,12.178518949497207,5.713123123803817,25.114236421088492,0.014107024335764252,125.57583552969294,40.89754742219633,500.61042438645484,53.06197206791116,0.060501020650806626,0.014804007448381288,0.07675805347824004,0.02873797267491588,0.04981715251488717,0.0350084092754749,0.0350084092754749,0.04753741993453023,82.57896590030997,540.2860690687946,280.60368974596656,0.19370481599250933,0.565428986369522,0.019702416795624126
2024-11-11,0.05078448181273886,0.030608488604074585,0.15187317736067502,0.07942879743157762,0.2832407171379634,0.00977967197548811,12.107285525898549,5.838898572227266,24.593196991114542,0.014493135931388311,123.78371419993186,42.99224161795469,496.77634997534324,63.709135990168036,0.060274988712053994,0.014802823559890295,0.08013162420464064,0.030489529806985927,0.05125655294957117,0.036141013583855984,0.036141013583855984,0.04708702154309012,82.38484100808634,554.0963399736938,303.53021190955565,0.19762458496920768,0.5398415314191464,0.020262629839519763
2024-11-12,0.05082891981188973,0.030278376478707916,0.15815140458549445,0.08199649548666897,0.2721691342844609,0.009844505104865528,11.398968120923564,5.898650167414244,23.470574100461725,0.014886653723179138,156.1269134691865,45.97711873703187,685.2140130581262,70.2387504296534,0.06074175336904871,0.014965895964234779,0.07942355467222861,0.02739795852016427,0.049805031706778385,0.03511258298874376,0.03511258298874376,0.0495763790462303,91.71911543726759,592.8886038828504,391.1555468467872,0.1921837226757148,0.5285090643857501,0.019552436942820047
2024-11-13,0.05036796674122125,0.029205155443147748,0.1474884761452588,0.08317578492995933,0.2863628758727303,0.009853286783997781,11.825302464271427,5.905195450077563,23.88202317513494,0.014100160236098775,152.82454829373836,51.602884931474634,777.3915570079773,68.65810244155574,0.061348547771410265,0.015008248128472861,0.08378737351168329,0.028498214781379858,0.051981920965550855,0.03409008523377387,0.03409008523377387,0.048863335260399036,90.28415505752743,636.2109224698821,420.1374363253655,0.1908263212313479,0.5198436563925761,0.0204590246911151
2024-11-14,0.04964448881492316,0.030092160758912585,0.1484721355527818,0.07964835897854206,0.2759963915103441,0.009704730294207977,11.545839819442518,6.089493349835746,25.030013728345928,0.015185592447921161,133.1857770447184,43.7672181455534,674.1681666353563,68.62613223471931,0.060002632564553,0.014846240475151472,0.07948050548706512,0.02981643506112582,0.049427340071613576,0.03424219035793817,0.03424219035793817,0.04911640906133393,91.48900758213746,636.5061044930393,362.0241567836683,0.19895240498997727,0.5514763670762457,0.020400105495508573
2024-11-15,0.049441692952050476,0.029810705811736664,0.15504962620332852,0.08637165646020911,0.2724182769659211,0.009716439601525864,11.377936291277614,6.086267323443074,24.615001830251547,0.014942233292888919,143.34195679064436,41.31196298007074,611.284103916905,63.983740694994374,0.05878860974182557,0.014524559906025518,0.07799933194456989,0.029703275668602026,0.051304506247329386,0.0335226598739732,0.0335226598739732,0.048046159756928934,83.74045469585334,630.0427653098496,340.2770875952234,0.20307387943414112,0.5707885457736317,0.02012924565203917
2024-11-16,0.04965263444147675,0.029775473308174993,0.1536156443798936,0.08354363831817771,0.2861052549103053,0.009520765680683062,11.701140417381,5.9957514973457595,24.708270416921767,0.015063360176364365,125.5444282536254,37.410841173450464,565.0277747828011,57.956114870704866,0.06159270586273327,0.014660408437443852,0.08296120415576615,0.031003005876376475,0.04886076622087085,0.0343670983299294,0.0343670983299294,0.05160512184627576,79.2192725400209,565.526323277429,342.91448831370155,0.20667735253914232,0.5483565005583814,0.021272451537612053
2024-11-17,0.049551897174997014,0.029242483683354432,0.1533084598764494,0.07858378441276555,0.27672919370694327,0.009944303346990629,12.106711867840927,5.936739012886884,24.471271743905927,0.015535250433276733,133.65954048210628,38.997880203333,532.2012573483164,59.931424651842065,0.05811423359445516,0.01473230919752195,0.08312954555186348,0.030077479163233316,0.050919791982503584,0.03479535410955236,0.03479535410955236,0.05136019348832599,82.83271419848214,532.5578130415007,347.572621298668,0.2008050558153295,0.5769096208976966,0.020307399816390927
2024-11-18,0.04884197032892784,0.030149346536646266,0.15056600011054722,0.07936672203342625,0.271562565682516,0.010032181780092133,12.242818083997998,6.074058384052897,25.358146807450012,0.015041964963274214,149.99970833490102,41.99889193084167,727.5917294408906,68.4472255135426,0.05987440215818351,0.014332039664866443,0.07846547207698522,0.030241579294827747,0.04986233274105614,0.03616026488487053,0.03616026488487053,0.04732364551678902,99.35770079484949,676.7212426569679,380.4485812054528,0.1962562529683951,0.574956999255873,0.020032411283037257
2024-11-19,0.05018190715109935,0.030711335708893298,0.15445094102191975,0.08036292718320792,0.27946478965627286,0.009722617167494773,11.383827558257025,5.984844656439776,25.95534922338267,0.014153552270465452,146.0459555557194,45.15414529012036,700.1371385795356,70.04783349102033,0.06292588426814413,0.015172685527405638,0.07954732679778141,0.03058172926970264,0.04879514175959373,0.0350432174369961,0.0350432174369961,0.04933568680364328,92.90406308685112,673.703260010112,380.252887114686,0.19611799247327105,0.6001289287852425,0.02058016778174644
2024-11-20,0.05152535247993049,0.031301545879194155,0.14674765337297171,0.08204216118248912,0.276069117260434,0.009907568672122306,11.98360778718353,6.04932507045589,25.038047460358605,0.014986705946402081,168.60821218668886,45.89009907224362,698.926817965355,74.9490013834671,0.06578263917100646,0.015155383518328137,0.07557101432359054,0.031087747518809297,0.052344147309978585,0.03529160370400443,0.03529160370400443,0.052025788281606145,84.48614472220044,666.4750244678776,387.6256583950666,0.19710982732622676,0.5817301693279051,0.020309983870167657
2024-11-21,0.049937866602847186,0.03137421506388593,0.15129105961749065,0.08047782815672182,0.2695951886574952,0.009869829989175011,11.966384463612004,5.849361805619894,24.550004172924176,0.014363713905921465,157.71421004838967,49.27152534740592,640.1566886107247,70.69137070730682,0.06165515734426749,0.014666460612266572,0.08141384406859727,0.029410825461813703,0.05041815063291022,0.03517492040425769,0.03517492040425769,0.05170721594392596,82.9344059077684,619.568236030886,427.13810745916317,0.2002927199117807,0.5638854852776074,0.019599118861815385
2024-11-22,0.04854809151754355,0.030407610590116322,0.14590749132142142,0.08404260949866597,0.2747671047257534,0.010367888369161906,12.329019643544404,6.098888285629586,23.38199801386785,0.014524966320767435,156.9497200749687,43.87043274201646,609.3685801188872,60.797301827286255,0.0574318240473648,0.01559351163733547,0.08182237059630021,0.02945552445305789,0.052796214880124384,0.036549160185582207,0.036549160185582207,0.052015071255923,91.53077073552964,576.0528959006444,355.7951966307869,0.20376583320107777,0.5317479448154379,0.019645312622172586
2024-11-23,0.051934933117623754,0.02915327170125034,0.1438885646536158,0.0764992431873475,0.2898113251739643,0.009927963404836407,11.733238198349701,6.176184535057091,25.27861014691491,0.015519129432303673,140.25997523366004,40.37515151129787,647.7016932590814,59.72837056521657,0.05736930481635149,0.015268256699102338,0.08112177542081733,0.03145652390626522,0.051479619056383076,0.03382680782026247,0.03382680782026247,0.05199867021108911,85.6749191308263,486.8335832584446,308.3671886735922,0.21128661527790796,0.5673375962640725,0.019377744388710906
2024-11-24,0.0519423189158352,0.02860933217115884,0.1492656240892774,0.08081191838825015,0.2932649881773018,0.010398678987701433,11.885670325242375,6.203562631338522,23.998197545367496,0.015355985641446907,141.75233039119283,36.0148761094637,590.9379790163997,59.45072041726614,0.05960073986759978,0.014219098145634356,0.08142688979411736,0.029423603442310053,0.04873193745949871,0.0344462772505931,0.0344462772505931,0.05080696388850586,86.4144998128111,484.8800126340238,318.242574687711,0.2096833472244423,0.5638805157461335,0.02020032278808201
2024-11-25,0.04956187637099048,0.02969999150223665,0.15014694255149377,0.08119833339068919,0.28304939659432576,0.009823374296432347,11.864075580919295,6.060806335107378,25.282896110018736,0.01543082245394261,167.70764310614769,46.958804271389276,705.1159392304435,70.08095228647454,0.05902089575156979,0.014974057480799297,0.08129217542650163,0.030116657547101227,0.048592225900901426,0.034577074528242935,0.034577074528242935,0.0520714245738646,105.81837316369125,557.0374578573668,394.5441668594459,0.20000648186934475,0.5393053924003448,0.018733594683153883
2024-11-26,0.04909715440105443,0.029006927827146752,0.15358661022038755,0.08139308119221901,0.28957664860309423,0.00991090294695444,12.04691669990116,5.710104941474554,25.275594644700455,0.0156623732641318,161.2160063237928,43.80126087606661,706.8132355315786,65.61397212965147,0.05680707479134593,0.015344330264046389,0.07781824473762773,0.031052757354644116,0.04969215513071297,0.03534732760160397,0.03534732760160397,0.04975679878620071,119.62606988498332,645.4336761054917,380.39095464471023,0.18932969887819195,0.5440674711797167,0.021574293660021913
2024-11-27,0.04919609142721399,0.028612018360210368,0.15233912466713384,0.07770104392746188,0.2834050150826372,0.010297535382881823,11.60905496312555,5.794300420027747,25.420757685818135,0.014587017171475286,172.25287011779008,43.730428849960944,673.2524132272446,72.10599758122422,0.059147733120574364,0.015392050147140256,0.07965124761101024,0.030888187549766365,0.0485254515089695,0.0357056268329223,0.0357056268329223,0.05167276868288483,101.78195948425551,643.7359083000536,377.3760097907682,0.20220970664737414,0.5522974203739396,0.020557818718508782
2024-11-28,0.04852605427254771,0.029138891110973675,0.15442872552978396,0.07849834539736449,0.2740725765894167,0.00994551017847665,11.624267837997584,5.778245783800939,24.436277134563895,0.015354427514718034,135.1557943196001,38.28480432129647,582.7353227691619,59.55208445807204,0.05857089541075466,0.014111397015593918,0.0801820398740994,0.030288775257272058,0.05010789967314272,0.03635049327497295,0.03635049327497295,0.05105423198795037,81.0293763189644,517.3147304902775,325.3343759156061,0.20549131671172846,0.5193292728799764,0.019762990232130077
2024-11-29,0.049830309497635776,0.029037932275799372,0.1549604798047285,0.07850810969930982,0.26273939349849607,0.010241099194705224,11.733636526580238,6.002979037732688,25.959561476105403,0.015200973885536453,124.86047593972249,44.035038717625014,693.4532984974499,64.68647538892765,0.06123938264445828,0.015383237327127111,0.08097961695552183,0.03127634437954698,0.04811779293836069,0.035755777571750046,0.035755777571750046,0.05421953000955096,103.66607078571673,613.8694694964682,392.59316023696294,0.20999848212571673,0.5423732255064686,0.02072676115730784
2024-11-30,0.05028326385132306,0.02944101598934009,0.15151589561663917,0.0814555503638532,0.2731421283357843,0.010230990226808108,12.138547301244898,6.148271190936078,25.685948247618402,0.014502396321564763,126.46652264148287,40.226402383075076,636.3846777098607,57.65830140048113,0.06366877036077027,0.014775206939978469,0.08130109565713553,0.03065190634458222,0.05065900907067437,0.03778405239946668,0.03778405239946668,0.050155831733562,89.96252710587999,562.9992174209497,348.8813904216677,0.20313768503451257,0.5712578924897463,0.020493012247430414
2024-12-01,0.05135737188788097,0.029485932031067863,0.14437345074714197,0.08068211761367854,0.2664387119925797,0.009914521858724252,12.121115327810344,5.775241168715724,24.439139007625588,0.01432842686088684,122.59735476454246,36.23528272448653,612.7844121516916,62.86382840643253,0.05880626431757492,0.014237684500973161,0.08284514144406244,0.030709209267178388,0.051160560350934484,0.03452331623660369,0.03452331623660369,0.049631512737574955,82.55016562255021,563.2269703852645,365.3523967780666,0.20055730250612705,0.557286503726004,0.019495950077604778
2024-12-02,0.04841804579545375,0.03101133931869182,0.14673133475317382,0.08029438992847807,0.27691097541398163,0.009740835588949136,12.521193622961484,6.12400452009804,23.180841593753044,0.014847126757952894,148.21035003511668,46.05368426706413,632.0084845539743,66.8572083176361,0.059292609384736114,0.01504477951739224,0.08166682858125325,0.028929598463799788,0.04944511840157234,0.03457651756721247,0.03457651756721247,0.049863285618295755,102.04951463117591,707.7293951206726,407.24306546153684,0.20409424738619691,0.5245880859232804,0.019428889400101918
2024-12-03,0.04872708413400354,0.028975751876265256,0.1473739138395478,0.08287203959972393,0.2735567981409272,0.009990144293466988,11.632098413440026,5.840667391541574,24.51477954434259,0.015376365245002984,162.05099166768673,48.86455425025517,762.3261719409551,73.882359903009,0.061289689444085714,0.014400348946540206,0.08437374554463138,0.03013356783719791,0.049707789975795974,0.036620615383709004,0.036620615383709004,0.04839281333506576,105.37729517470744,677.0865140601179,404.71925695410255,0.19450014070342914,0.5177240510485256,0.0202522077356132
2024-12-04,0.048530716680928315,0.028896779251105734,0.14654224589427006,0.08106759684394019,0.2804522061359482,0.010177948653929967,12.074550470500359,5.643466141237606,25.604438498223836,0.015045361700721878,151.51091064429045,41.842331814893754,784.7371140935213,69.88320668088214,0.06381068325461604,0.015784347401362874,0.07914082347926642,0.0323003353437241,0.04851360947747925,0.03416433013794283,0.03416433013794283,0.05000804486620432,104.59488550180949,691.6097119950118,388.3302272028263,0.19018741821158602,0.5500698953602066,0.01984316282720772
2024-12-05,0.04869961838665248,0.030048908850735682,0.15002110594553392,0.07973981659597969,0.29068624014233935,0.01003732481320071,11.342002016215154,5.800100858053897,25.83402319545059,0.014586943080635269,146.36649392942428,42.39647785607546,741.3335989098468,69.43016181892936,0.06054720147323764,0.01521786786031625,0.07833621615210606,0.030999268734318575,0.05011344419315911,0.03477148701161323,0.03477148701161323,0.05129063269516424,100.36274825760167,630.0549807657598,413.61083887126944,0.19520315550274592,0.5714122704764295,0.01999982260375617
2024-12-06,0.05027932091560877,0.031414491456497044,0.1566063355252968,0.07874837891631187,0.2744215127355791,0.00991987650777215,11.81950527560131,6.06564777157714,25.090767479457515,0.015558765107201928,142.64761333792654,49.5453663506153,722.0353410293594,64.03611399132147,0.06181215876844416,0.014967693200875432,0.07879977080168894,0.03188627616540648,0.04807015449973795,0.0355400985970165,0.0355400985970165,0.05120796496984912,101.13525982142768,607.3532342950027,364.3172302005376,0.20252312659058125,0.5865569979947632,0.01966671743884136
2024-12-07,0.04949399720125128,0.03100448173906989,0.14161277066734565,0.08147787475705862,0.2930947702847755,0.010309001280797488,12.016555976998497,5.920814259121052,24.339389917415826,0.015395095634424896,129.7778070883122,39.23817719651187,568.8095926473073,56.95413895118095,0.05902232004047493,0.01477305945718885,0.08129445648493971,0.029728792576830573,0.049692881764398095,0.034762544479403606,0.034762544479403606,0.051823147473215786,92.63105086663751,592.1587646514874,332.60973207746326,0.2012343152321687,0.5684885016524933,0.019040040446110455
2024-12-08,0.051102293740768884,0.030482728443770004,0.1497728586060113,0.08020255800586266,0.28366963412641044,0.010146631359562857,11.912664738706953,6.049993164066842,25.827529780249144,0.015394343230879098,130.19397356448954,38.892768420432446,543.7467182406834,58.82862867554593,0.056139354614029975,0.015275066426004886,0.08538053161114754,0.029596804240648138,0.049736887814784636,0.0373969664488523,0.0373969664488523,0.04891273470296967,77.78837810223729,643.108567164982,334.0897855681344,0.19323035148031362,0.5651066436712441,0.020101838999805763
2024-12-09,0.04953891164373206,0.03155800382947228,0.1459375455420106,0.07951146878398829,0.26533061898865895,0.010177952418907737,11.800051436458274,5.929179364379269,25.957882048951642,0.014705041996812478,140.17147164152388,46.601526632494554,658.3164484328063,74.92934782752573,0.05813736321042886,0.014922745724577796,0.07997801815122726,0.02914774872342343,0.04888157222437486,0.038040650545660894,0.038040650545660894,0.04993466177440823,93.46825080277617,713.6374223049336,391.966896708849,0.2023128298216011,0.5389423811819165,0.020813583742455687
2024-12-10,0.048901343299736916,0.029230200769394574,0.15810821889369112,0.07706619667014558,0.2660194213349546,0.009631181237157812,11.695864764909834,5.56287279555276,24.334686785276148,0.015146362329839015,154.60075153421934,51.345913206601594,738.9335205029364,71.58519528297401,0.060107094443159016,0.015519240063547697,0.07890994699311774,0.02770535905781736,0.048272507229353,0.03645526245985001,0.03645526245985001,0.048862148505866364,96.89162137889905,620.2802736464205,422.5492825499681,0.20049635958405224,0.5680183384938438,0.020227188874575953
2024-12-11,0.048056096286666156,0.03070576566225831,0.15295734297502808,0.07968961147001394,0.2777093838300991,0.009616942601247477,11.618370936556179,6.226764960671209,24.835321185661275,0.015310034664388496,154.90152071892885,49.92103867062516,710.8533114501176,67.92545827389074,0.05748354620122839,0.014954907612314213,0.08093241491462866,0.030958891354936794,0.04795875031882484,0.03761395062410018,0.03761395062410018,0.051041275013416,82.675569644781,573.2818788549735,385.16389663059743,0.19716784933276185,0.5444860147551353,0.019642393576900032
2024-12-12,0.049530338292751074,0.02943086966903079,0.1419348523420879,0.08161839282971926,0.2898351355424206,0.010206108630676829,11.520943330862206,5.901105657948836,24.786174629774514,0.014725609726548732,140.75214792778908,45.76894935246399,665.8246842709282,67.10217884291069,0.054068317862073396,0.014854190056000924,0.08347656536553204,0.031045706793601916,0.05014267051808651,0.034988791396460744,0.034988791396460744,0.04988331107707181,98.15252006296456,606.7003452280885,392.91062567916265,0.20417861590278627,0.5549437782138722,0.020912031523978938
2024-12-13,0.04836571227562416,0.028674917426254158,0.1460646807319749,0.07783139794333638,0.27627690958996404,0.010130378926953367,12.351701261414373,6.271712549965169,25.4461761768988,0.014505147646443192,151.32008599471268,45.29010501567451,623.9075831182683,68.26014552246012,0.058202124713729333,0.014544669842229768,0.08386129912845484,0.030954542965577567,0.04950468813897585,0.036290780934859254,0.036290780934859254,0.05216604967382904,93.12464913654661,578.0682643548614,365.3277823584038,0.20504330320839637,0.5479851896723292,0.01947970680074586
2024-12-14,0.04831441620079006,0.029882346465700663,0.15683776191487198,0.07900672814566263,0.2727674243552863,0.009477405982141347,11.601673152555318,6.1224579856873955,24.707406816590343,0.01491615333629069,132.54417525381064,36.98359078566541,578.3380773759019,58.82004036069349,0.05919854905492464,0.015046228549021493,0.08323109792394873,0.02982510323058762,0.04843874482593562,0.03510090752763323,0.03510090752763323,0.0511592107954999,78.32481998396806,491.25011916412484,346.85025889985155,0.20237139375708654,0.5417281424633498,0.01978049350260228
2024-12-15,0.04817736155157923,0.030550347762706875,0.14834884671129456,0.07536397853832615,0.2946616711777709,0.010330132126630039,11.717132754067507,6.295313243519167,24.395030651976896,0.014992189305885294,129.1968829614502,36.140736289219085,579.9092210657811,55.04002005202026,0.059335552507003814,0.015196877971182587,0.08420991288181316,0.029818718750134813,0.04895027452366578,0.0352165521810888,0.0352165521810888,0.04930889648516689,81.201196280155,546.794048915212,355.23302482611183,0.20165528600706037,0.5546134127048215,0.02055127859112067
2024-12-16,0.047870551293566765,0.03037691955776982,0.14729096423898919,0.07590710189081185,0.2808513997863459,0.01019577616268576,11.33776642612817,5.542404713669081,26.173073622528648,0.01522829561870732,151.4971915052615,48.70686637541594,692.2140201601854,67.17258010334069,0.06254898346838893,0.015143067460977225,0.0787910609345157,0.02831467209328579,0.050542789444806016,0.035308494350582996,0.035308494350582996,0.050297871090022865,104.09907967246447,601.54528496541,421.0615928783668,0.2026752238051271,0.5729418454429868,0.02114972774972897
2024-12-17,0.049463405134061014,0.029250821484716118,0.14924881249704874,0.07503097639418893,0.2801028309605369,0.010405217363122879,11.088218325491555,5.52978938261095,25.600484169084304,0.01487515132924394,164.29961935140466,49.8137504401553,724.860409040136,75.09926725258389,0.06421863812539094,0.015404252271061809,0.08223925574075146,0.029725166633077452,0.050146666003483775,0.033875739248729934,0.033875739248729934,0.048323034883342976,112.76501698720438,607.8821228699842,355.91277729658975,0.2118991496755289,0.5381431624975689,0.020057754371160502
2024-12-18,0.049852973130980326,0.029735584793232805,0.15385992127226286,0.07743072316992744,0.27202182258987256,0.010466181488140377,11.677128110278858,5.9053892641138415,25.760039462613083,0.01509600479823272,165.30489538497966,50.45641642693833,726.8932162873552,72.21409565544833,0.06343515634344268,0.015339810091979416,0.08325463802529635,0.030365723011172432,0.05127374693239232,0.03387288803624097,0.03387288803624097,0.04723832193795908,106.16453902424483,724.2729318613095,390.3477366073498,0.19737496651227576,0.5614381467454815,0.019727949186511988
2024-12-19,0.0487835028161342,0.030247171306325663,0.1463890896393086,0.08238068982702078,0.2900216584457973,0.00990178828623263,11.674879916661267,5.91485536070637,25.493519631012113,0.015166759646495245,148.6593071112688,50.16889067938153,773.8579359266129,69.34040437133059,0.059613659867245476,0.015593723925650166,0.08168361209415459,0.02997706162704939,0.04937485512434041,0.0363550038763171,0.0363550038763171,0.05039669201604779,93.21987804726353,706.6198810025206,386.5103717715051,0.19048972058406477,0.559029393180609,0.020130453068992266
2024-12-20,0.04882347081908975,0.030846410214765835,0.14618616917913008,0.0844245401168056,0.2855240022222416,0.010219042998204418,11.521331699099381,5.698310627216591,24.793778879521764,0.0150760502842672,142.65387590918627,43.6010529521103,645.6629555941637,70.65747400835518,0.05858198753516239,0.014446133122188778,0.07944195416878816,0.03034118575525486,0.048253054659784446,0.03594005003907454,0.03594005003907454,0.05225368505555649,85.98488720065258,635.7556832086008,332.1967065141994,0.19385493515525679,0.5875066360421817,0.019235890316945996
2024-12-21,0.04928993012374188,0.0285553537617818,0.1501714437876285,0.08499835802820327,0.277988917317826,0.009893423237168691,11.87911451493396,5.984276638313815,25.137685140641842,0.014932636616055017,124.72769306065457,42.35525606270521,630.5106699732366,66.79926779578406,0.062411552170533326,0.01464263781377524,0.0794495401751831,0.03293508732149345,0.05083000064679399,0.03518487978486801,0.03518487978486801,0.0509770210101255,77.25156666209561,583.1207888212773,293.0631544932076,0.19517459908324963,0.5417920015838136,0.02046448872725722
2024-12-22,0.05171458511467297,0.029986261984876018,0.14358684932727314,0.0811123429407978,0.2732562038254044,0.009618797173449857,12.077796838610965,6.271643908196596,24.236723458519396,0.014811146128179372,139.1920776475095,42.07449728882573,627.6208881700708,57.282474847382055,0.05907608309045299,0.01468428987412195,0.08216985153683633,0.03039915020954852,0.04916828414123618,0.03528019055661727,0.03528019055661727,0.048797429752443194,73.85227578660945,609.1632805669475,313.62658555301215,0.20929525776072277,0.5482014864354291,0.020823276515489052
2024-12-23,0.053476131552280606,0.029487773350608648,0.15027346962949548,0.07837399662291211,0.28212546640214353,0.009924637296373386,12.53096690914509,6.241034398071537,23.920254123843645,0.01518361260607644,159.1241454145193,49.14311565328151,727.0402507047921,69.0043319664658,0.05973481414634401,0.014609835764819515,0.08018459829542506,0.029939988382602555,0.04713494041040616,0.03680770813680186,0.03680770813680186,0.04839163341976094,98.16030406927153,696.3646031297687,398.6711728970813,0.20727693480828632,0.5341970634466209,0.020666066857941274
2024-12-24,0.04960743383977752,0.028850868858002275,0.1455092266939489,0.07825755368462742,0.27920530642113467,0.010024513786419085,11.52833364552491,6.188386224120094,26.53820197083107,0.015525307501773642,148.66521589461732,47.175667711411165,742.4895015430023,73.88905155871379,0.06371155645455967,0.014873762959279105,0.08277441626128783,0.029633335274022177,0.04674963633762996,0.03404389460790797,0.03404389460790797,0.04869269066366613,103.40285462246004,675.9244770257022,394.1021538292663,0.20151012980952873,0.572533227119232,0.019869675686411428
2024-12-25,0.05148236658472767,0.029931812567261157,0.14268900227116435,0.07987181645458842,0.2754611919262518,0.010018815456721768,11.51450073056491,5.968094634945573,25.883035795098657,0.015117860238953727,138.2824503089786,36.21777837408302,643.336424950673,56.5446594061391,0.06191802389572385,0.0147955794268222,0.07984173808950522,0.03145757712682195,0.049138412944338405,0.03518797724885345,0.03518797724885345,0.049457268376270055,79.52506324272113,585.9161454812776,321.2449139046222,0.20459702107300998,0.5761841305171723,0.019337285083327414
2024-12-26,0.05011400089563293,0.02932875113604519,0.15245704004002172,0.08004138766734974,0.28717263833889645,0.009798917365013454,11.165974226503947,5.907720140375044,25.41432755783623,0.014539820000360987,137.48595304712254,44.17113700429007,748.9070564966195,65.40721471031577,0.058696123049854595,0.014118193981142484,0.07580040076433645,0.030009495551731175,0.04839719851741974,0.03734036085799984,0.03734036085799984,0.051325316995173564,95.18623548267018,663.2382862996564,389.32741577400066,0.20917627016963466,0.5797471643699053,0.019454867493299367
2024-12-27,0.05121481017143297,0.030003546559821407,0.14775375557451925,0.07803077081505373,0.29472924300294373,0.009895273850087451,11.487071505243378,5.819213565634554,25.142753943674524,0.01509420144292457,137.10280969487025,41.79099828774253,704.6856796175919,64.40491819793651,0.06039284161445757,0.015439268879179163,0.08142776637248937,0.03088394529674932,0.05023771359500389,0.03464961713719682,0.03464961713719682,0.05198265717944837,91.64554476304224,635.161282089516,319.74427396553784,0.1989999147885253,0.5730143732092442,0.018675691961619344
2024-12-28,0.05198810982194882,0.03147561553690682,0.14725176103895996,0.07897057161576129,0.2773364222439579,0.01013488966741082,11.916353812382528,5.947735771269938,25.175657364099468,0.015640059143091353,125.83415546570632,39.40313319967272,628.3470619334161,62.88090637005276,0.05742039256692169,0.015508738960365129,0.08256350175822665,0.029285626335121013,0.05017509527064615,0.03412686691292885,0.03412686691292885,0.050358784678738736,84.78156435029726,584.6285120198386,273.8471653703148,0.1993485750696237,0.5381688485957947,0.01881755828926442
2024-12-29,0.050311591794560545,0.03213809733469828,0.14882919773108597,0.07630612373274813,0.27460347090371984,0.009834202656167405,11.401378205037487,6.025060218498867,25.64993340852524,0.015694156698304103,132.65497673572264,40.518780458731044,613.0890825353381,57.35220423098761,0.057866626506532855,0.015026919755095285,0.08345612319840924,0.02985362465805075,0.05213975501486609,0.036896366472171684,0.036896366472171684,0.04878181738550821,89.69176961108678,598.1487809434083,323.73183468393455,0.1910554508202303,0.5365275582683952,0.01909164526626532
2024-12-30,0.04966329758622677,0.031023656036026543,0.14745726986089971,0.0778032211422815,0.26682409809621516,0.009709462914717384,11.551858514331181,5.830443451032204,24.489950835339513,0.015183634791008887,169.7372628097713,43.70729692070059,767.6601661252488,66.38055810749836,0.058172296503784054,0.015262879959135212,0.0776791492884179,0.029633628404273728,0.04999059354745844,0.0335718998843307,0.0335718998843307,0.048560934919929584,99.72057738592768,619.9399602503855,438.8260802583626,0.20741906261083423,0.5313698765771294,0.019578341017778486
2024-12-31,0.05046105955407512,0.02937497992354643,0.14391726092161106,0.07884500931036963,0.28514641713451777,0.01004123080359884,11.94130963310786,5.920749834043581,24.94240099089576,0.014406073325429702,156.07015161263985,42.2621981069332,739.6051753930387,72.12019259292272,0.05818479590036727,0.015151687312151779,0.08033803767160995,0.02894599913166819,0.048806342520681,0.03293492516796245,0.03293492516796245,0.047391433210852915,101.8214473437725,635.5933843858085,399.16801246995067,0.19867233259475736,0.5632911133623247,0.020158517447532772
2025-01-01,0.04690570016878856,0.029558465333659193,0.1406240423135661,0.08012840027842126,0.27722514491731837,0.01003841389816353,12.306669131278372,6.241556338461603,24.742695972353694,0.015286660007285506,125.98061623091901,40.872292978797894,691.0908095926121,56.17260933214027,0.05800854200535129,0.014808456725642393,0.08292931132213649,0.029925875388710096,0.04768821080431587,0.033669906325351905,0.033669906325351905,0.046565853709757306,80.36904442856073,545.753746692233,351.6875066487675,0.20245728836280252,0.5482215592468618,0.019457851886831603
2025-01-02,0.0499135858055928,0.03066712309583281,0.14515836129876997,0.08021233135232146,0.28335066618235927,0.010445321702948743,12.1233668673603,6.147025146886341,25.100296591205367,0.015470352432224149,151.34577604209554,42.280833092779446,728.7010327577889,66.57048064020296,0.05968432856375588,0.015219306254657169,0.08064278052354264,0.029442624208575553,0.04972996116103336,0.03485649156751808,0.03485649156751808,0.051154833568530095,90.97605776540797,768.1305802329572,390.56069782406803,0.2084152259467604,0.5527927407355127,0.020006108437597835
2025-01-03,0.05076487004428337,0.031867603420592486,0.15144865186999193,0.08050297221298598,0.2814888019874352,0.01001640719663393,12.564414340599651,5.756313650876108,24.657841142565946,0.01551962617579607,148.73138258819182,44.3909945909386,697.5288292406029,56.8967271052809,0.05900952487099698,0.015031091726441115,0.08061198002681262,0.029872550851729747,0.05064183867357147,0.034053058865239356,0.034053058865239356,0.05142396441987651,88.61483431001562,663.9910526397803,355.9059779210365,0.2027121817637333,0.5706783505201777,0.01916649130833578
2025-01-04,0.05076148436506788,0.030785563391208876,0.14718346100118554,0.07797087248724573,0.2791056539086482,0.010067537916181939,12.662741268671748,5.642398704021582,24.930733080336108,0.01532394815712045,119.74970688300029,39.48091200958304,642.5450659326862,65.80127122254707,0.06329120900875786,0.015148599763832331,0.08074394626721018,0.030347505071994477,0.04915529969007016,0.03303997721169515,0.03303997721169515,0.05120028877141321,86.55696974809092,562.9066088601951,374.68160649538316,0.1946598380263262,0.5788188570963568,0.019345779301789802
2025-01-05,0.05195471957746798,0.030414921714894995,0.15117453405940265,0.07900399837260466,0.2781799122698163,0.010378596248770694,12.08599719420785,5.85334875872292,24.865314532508016,0.015282390063318156,133.42983998209664,39.29324059257362,609.1401996917297,65.52620390512679,0.059617744567690305,0.015075365476283029,0.07749496942977718,0.030317604096714128,0.051199487604879836,0.03472152563058938,0.03472152563058938,0.05272577190981531,71.85300869402595,554.4569184250706,328.14750900350634,0.20459081653294323,0.5554929134499169,0.019526224144995497
2025-01-06,0.0548129772180436,0.029700164341635762,0.14742427893673127,0.07652400206439441,0.2721823296035534,0.009772837643018856,12.145000795917328,5.788912680501922,24.313111956155005,0.01497901429005209,159.74208066062613,47.78646242849557,691.2781255129801,75.84385708017834,0.05967884874480878,0.01554936482134322,0.07825183833131284,0.030311537340058967,0.05163276744450787,0.03515896242619434,0.03515896242619434,0.04870156403407778,87.10480092775086,697.4315736577026,372.15084586822746,0.20183611524125672,0.5508701982643006,0.019481834573863765
2025-01-07,0.04830191851762589,0.028503589620998082,0.14544913806096388,0.07768442871874832,0.29096070078417524,0.01016959853000681,11.95626410473583,5.805992369108776,24.63555885979391,0.0156800599742507,158.08920795373504,48.46463252834923,754.1494611917835,70.36603014223374,0.06145686697944065,0.014545560618568043,0.079441884290192,0.030538664527375668,0.052408833015670245,0.034679612103313835,0.034679612103313835,0.04908501943945725,91.0979190580591,649.3825932433335,398.45124798392305,0.20555732921401615,0.5198656307730466,0.02036263940642891
2025-01-08,0.04960115049077243,0.028699505906391833,0.1607979911487372,0.0779029553887465,0.27982808848057505,0.009900539333791526,12.137036589407685,5.9162399970428385,25.64664362831473,0.015548092964086192,170.6158098113967,49.455989341684045,740.7069452670214,72.8042632666809,0.05926683912246962,0.0148748752828523,0.08269032641204786,0.03169005816456695,0.050889551006096316,0.03492111185322592,0.03492111185322592,0.05242386703880478,98.75613938240319,617.7089894269795,379.6660046467984,0.20686207819772562,0.5634221713631905,0.019510693775578562
2025-01-09,0.05034588665285551,0.0292849681226809,0.14882282243714948,0.08009429778849322,0.27000133630240775,0.010210770380523981,12.443312277270824,6.122608333225082,26.270164320118262,0.014657287937415919,150.94983550716282,44.820793994643765,695.8287117155118,74.47453995562,0.05884600389808927,0.01511349921521342,0.08185042032848333,0.028705936188928922,0.047718222319276186,0.033983786283428706,0.033983786283428706,0.05023641248918464,95.12099263236745,644.152071303535,379.6738366067041,0.20151066214807087,0.5526445772617117,0.020227729778898855
2025-01-10,0.0507170481436094,0.028452328924707677,0.1427493659759716,0.07903451625138216,0.2841845674023352,0.009744558986449775,11.928903020339751,6.016720485315405,26.132795718147634,0.015197913429325,136.33679534773884,45.697260747740216,665.1766583177659,67.10718815723727,0.05941765598575824,0.014979979565958024,0.08071430287852635,0.030358933498601526,0.04948049816100188,0.03431987414215179,0.03431987414215179,0.050745169774526894,88.41218349762508,637.4491385666217,392.8787411298675,0.19763050184547748,0.5339768534628371,0.019703356769384547
2025-01-11,0.049479361788910575,0.028977042296883762,0.145188787039945,0.07975016960061977,0.272577577322808,0.009431772034625727,11.614507720238299,6.0729014975625795,25.375672866888504,0.01511177099406752,129.61107317381686,39.37076594696973,581.6907349155184,64.69245535384101,0.059878974873278715,0.01484066134975478,0.07914449776357897,0.030591710124272933,0.05002874965817836,0.03438961114724616,0.03438961114724616,0.05241172890984036,82.16937681330269,568.9599895109403,343.31999658997586,0.20676645249416162,0.5290807550811208,0.019582436525441706
2025-01-12,0.05173626428824262,0.029677233002918954,0.15113896203337504,0.07847883654630222,0.28368224211254356,0.00963960425490938,12.253894928523195,6.233710844537973,24.203072585847156,0.014996689411663119,127.47067735924841,35.247033762082076,619.7340158179237,60.299302360552275,0.0562075560626552,0.014663548314932854,0.08134093591584515,0.030689367027560227,0.051697240289974224,0.035764274623587805,0.035764274623587805,0.05150418768250464,85.07718416627517,530.0201442155317,291.989342631412,0.2038916001775297,0.5356322777829757,0.01916768814178487
2025-01-13,0.049810248955845675,0.030186496896287076,0.15962674994460846,0.07903015837099435,0.2750306366458329,0.010308674879537265,11.754280380167286,6.310150612744748,25.265775374619114,0.015424003603804748,152.04176313347028,40.57601121016176,784.1444795067108,64.87048622798304,0.05515110990692911,0.014406152098117677,0.0785683562222751,0.031044945395457317,0.049784107033051146,0.03320363523468728,0.03320363523468728,0.05262241807276157,103.07540693149491,629.2878106007961,376.90563225265026,0.19125832650768035,0.5279424114980622,0.019731111700960632
2025-01-14,0.05253460708752428,0.030110037703249888,0.15438573117912313,0.08041664514197189,0.2858849744903304,0.010050704866717856,12.005487210049564,5.8480102964500595,24.737013735665055,0.01524705938934112,140.9519646419095,47.926997976687815,773.8581030129207,70.25096529855256,0.05741619697669434,0.015574080948518814,0.07910495945939262,0.03159775106229089,0.05054376232604046,0.03243311210405289,0.03243311210405289,0.051892148214369466,101.2487638367465,690.031145992001,380.23125813975315,0.19020862605335512,0.532276676006521,0.019417482376040296
2025-01-15,0.05093739628440698,0.03241113289825907,0.14561364454129758,0.07680872231216895,0.28069965623245624,0.010179640923663677,11.684654175275213,5.684730090116825,24.086206636679083,0.015364449478882639,154.6139136532168,49.112443122400265,734.0451829174998,67.1477377759706,0.05785676485308369,0.015251778346662437,0.07821361180476324,0.0314748885641729,0.05196806634919557,0.03397787374303042,0.03397787374303042,0.05097201508615534,97.84155498065614,613.3897270825235,413.70870392482004,0.19628184575236698,0.5751748392992897,0.019192051354988065
2025-01-16,0.049107403524706085,0.029941754686404334,0.14971950329138498,0.08162129441799217,0.2694672405202426,0.009990222793991305,11.614708386120284,5.586658028937384,25.024108005746427,0.015069652844640822,148.99440070758078,40.22290510815217,725.5079274180704,67.69304748141516,0.058464003456093955,0.015216165705170728,0.08189915053883091,0.031425973829212084,0.049516205380407415,0.03372385313359017,0.03372385313359017,0.04958939152478022,96.08405389815584,603.7546270027323,322.8133272143736,0.1992183818577607,0.5969610812698656,0.01964500938711311
2025-01-17,0.0497885995596237,0.030807399983898025,0.14959484958229094,0.08364397499617902,0.2813824420164955,0.01002047029960835,12.002292813139885,6.508116949892823,25.09461447875773,0.014918763280978941,153.80861347640226,45.30220969181154,724.7705748242794,57.01365009282793,0.0611647777479904,0.016044412441704455,0.08108241359649547,0.029819212909443567,0.04856035899022188,0.034484471694821286,0.034484471694821286,0.04760583104045343,94.09331113129261,567.0040332944512,351.7914125126213,0.19847193327922344,0.5219787647509413,0.018881973197089605
2025-01-18,0.05025051813837794,0.02964548234939464,0.14319019501077956,0.08075554686669575,0.27503429810009933,0.010582038854962844,11.81514471274128,6.426484261688414,26.058623877666324,0.014508613495775865,133.60671017441527,42.0242514257245,606.6734167993178,55.619867685704136,0.057258638383302723,0.015463408887540822,0.083232029952476,0.030713101984409123,0.04831119080786762,0.03597799367338658,0.03597799367338658,0.04914744137685791,85.37327977152056,573.1743033680737,352.24963691165306,0.20075357282957162,0.538114125731462,0.019980522774686864
2025-01-19,0.053003005932591545,0.029073424661109057,0.15468913783035917,0.07854235912935953,0.26805485986552874,0.009813990963583569,11.941424217077515,6.3219008684849225,24.90952724845863,0.014756375011546245,133.70148978836556,38.28224671660834,626.2255297660539,58.657826094632405,0.06013319407832959,0.01640677581115102,0.08175523993832981,0.029508992030093,0.04930929056257734,0.03519306134712103,0.03519306134712103,0.04789032399065945,78.82667715530631,495.7887496275403,287.16378297714544,0.20907983633089097,0.5655306951472155,0.019068582307249116
2025-01-20,0.050378360892797264,0.030725061047545018,0.15180215849527767,0.08046952196895374,0.27038836037903957,0.01023175478442647,11.565368795189034,5.9112661409128435,23.503662218113476,0.014793710512414562,129.56484736588132,39.10262721081795,641.1492842415865,59.11309782294558,0.061387875037589384,0.015626490619686562,0.0847335103086703,0.029099956881015576,0.04975766610518542,0.035255956977633195,0.035255956977633195,0.04781907043574241,78.85676636446544,524.3671779357956,309.4304542084623,0.19786377097917682,0.5490227148651831,0.01969165493577491
2025-01-21,0.04877121365415228,0.030512727376992,0.15324028219579164,0.0773404956706458,0.2713871516813312,0.010026299062646113,12.116344577971962,5.649354489166832,25.54799200286476,0.015083417853038596,162.54533103691912,47.030015116097566,689.529175331442,71.31057236789525,0.06137361371845829,0.015370809438904579,0.08060324598129863,0.0285084654267184,0.0489446143879583,0.03629509687558531,0.03629509687558531,0.05070591111323454,96.2118771225522,663.7670518549148,401.91282395050035,0.20140077200162587,0.5682834144888119,0.02029595999600746
2025-01-22,0.048640707635597566,0.03028999672817243,0.15103049974376725,0.07587416738139306,0.28860056817062407,0.010209153540985892,11.229953872184481,6.044615180749092,24.00060252512765,0.014945390496113186,145.88459918762786,42.056148784994036,721.6694480826834,74.60164179704826,0.06058768824593465,0.014939291788435305,0.08103080927965954,0.03004115085180772,0.04618554384219592,0.03751749680683933,0.03751749680683933,0.05125746067071847,103.72132700731645,657.9979660969009,413.03709381966354,0.20386847647573353,0.5492292315494289,0.019962031798476457
2025-01-23,0.05076786632909413,0.03023026160287059,0.14768923178638058,0.07642526599971276,0.2841658476921339,0.009862837911659912,12.136927916789881,5.849209992601457,25.29131126711971,0.015113775234324918,160.44005910288973,44.19647353836889,708.4857915387752,67.00812422315936,0.059220697547687814,0.014889092317327912,0.08055955916849607,0.03014937632187617,0.04775344900061383,0.03754005267273654,0.03754005267273654,0.050856616018674985,94.51433378321637,609.8716785789966,433.0164355690235,0.1926071578968726,0.5475322666932079,0.019492640349976616
2025-01-24,0.04912297325551371,0.030237943668159725,0.14754285232625075,0.08412838270678957,0.27096617734006667,0.00935872113033528,11.715671003599256,6.213163650241712,24.452227836733826,0.015037720063525531,146.9495287444794,43.002671539046034,780.5416321597137,61.35295978036523,0.06052401965905025,0.01507630276828102,0.07697098908191567,0.029535804320710592,0.04809827455625462,0.03673956121952404,0.03673956121952404,0.048680174613560875,81.13572384986199,566.9297112976885,426.4844628381284,0.19838677235448907,0.5738736618666309,0.01984590174871646
2025-01-25,0.05024253518367261,0.03070701992909993,0.1519273817112718,0.08392391926012593,0.28616864451470975,0.009941136276232956,11.063616929236098,6.095091468790383,24.75456657301289,0.014941800881003173,119.60276092687695,43.57119296056139,690.9125632805227,59.877434030083535,0.05753497329550179,0.015008193072014056,0.07860877953750264,0.02993712269059292,0.04877869727580239,0.03551651731723876,0.03551651731723876,0.049504195715382504,79.10873541865732,579.4854219647145,358.8738515992245,0.20120977189697986,0.5746281499723285,0.02039237090914246
2025-01-26,0.051224132711148535,0.03090762515724687,0.15308083011327697,0.08170459906284502,0.2914445513339685,0.010223958006280625,12.025139146079553,6.306930513668588,25.245498327987537,0.015351756494621963,135.79152671130754,40.15175190130019,581.786320073092,63.53770907481263,0.060114967124631685,0.015134110134716654,0.08170231982454781,0.028923678478954874,0.04900210363356768,0.03470796129385402,0.03470796129385402,0.0510875173454706,72.3141137240944,514.259912902938,337.5443374051835,0.19237158615027208,0.5718182077034388,0.019438785926679056
2025-01-27,0.05047034163237312,0.029541806375011737,0.1512443192812932,0.08320406158462941,0.2710151013734474,0.009719398691279087,11.818866715565335,6.103529955582408,25.039876936813073,0.014621959500769078,159.88351902097153,44.67919158511879,779.4485901025746,67.01195668006548,0.06103992427076014,0.014914314144606396,0.08327645373056146,0.03032292496356157,0.0502108728992951,0.03474134063879119,0.03474134063879119,0.050202628424789425,92.8677170500734,707.7247811832609,397.67219535838103,0.19216923331768807,0.5269008883002596,0.019914403344895262
2025-01-28,0.04756677309076975,0.030655490540634038,0.15039071530492834,0.07752263063324995,0.2748611274972284,0.009678857875613265,11.92715301146866,6.007591279353863,25.93464099507764,0.014709234009257133,164.88310187099785,51.129855323127,731.4818699476903,74.3713153729414,0.05797467622931264,0.015379425932182535,0.08438163469834192,0.030068078201509633,0.04784931497606629,0.03479546613842182,0.03479546613842182,0.050209448031004814,104.97020041809245,651.6694230836642,365.1810621486323,0.19951893183274094,0.5598698155412579,0.020204087205644882
2025-01-29,0.04742017121189331,0.03077484611378152,0.15166419763173747,0.08205867612983456,0.2700117642388371,0.009915157016437744,11.629888647599339,5.925142661615476,26.292535363153362,0.014587813182588349,155.84597990732405,49.787260995482555,730.6860866624789,68.74325272347906,0.062095535766065524,0.01533825339768566,0.08324936930547676,0.02835524532138047,0.04887226626621463,0.03650997041432816,0.03650997041432816,0.05001884537654369,99.91507751894757,614.0940729590759,333.26395661077635,0.19799360621920425,0.5749877741920172,0.01934012851923225
2025-01-30,0.050549245636687334,0.03111947745225474,0.15360743290514095,0.08269724768350041,0.27583558027560734,0.010103610639221857,12.046386816642713,5.8716549107653195,23.985946245781843,0.013980458658519225,143.61703669107123,48.703083183529294,746.2428225778935,67.89852985389383,0.06070932133770277,0.01547849325764876,0.08045381181221509,0.029687438836753555,0.04739255942034687,0.03494069063135622,0.03494069063135622,0.04973367038050063,98.6768873594233,639.0847722848322,359.2419603971949,0.20021389358504896,0.5850495231781191,0.019479165488658672
2025-01-31,0.05122760696153553,0.030204691528837598,0.14812276087856474,0.08139821648684828,0.28104551079395523,0.010265027177384384,11.609960498327347,6.088793132883836,25.6858726300926,0.015493523834101651,149.32836639277397,44.88006259641581,589.4057971770851,64.01080436784277,0.06023657402816893,0.015108944973265872,0.08257217407685186,0.028573409099939526,0.048206329238404844,0.034149994168450194,0.034149994168450194,0.0482277987268094,98.54352124809056,603.5279494340282,359.84387840143097,0.20443364992293095,0.5787944021702457,0.02012403816504071
2025-02-01,0.0522981847133239,0.031227952290061218,0.14726975271426632,0.07660684818107485,0.2576666835322941,0.009795649859793917,11.382709811797785,5.979330198395762,25.921218523395144,0.014963204789623109,136.6461993097859,38.40360743000043,596.2651501716443,61.358355327529004,0.06053947573771297,0.014616618765920736,0.08080315756423323,0.02904484789457657,0.05092676438489742,0.034179749104603856,0.034179749104603856,0.04913319636032079,89.19729027743841,608.4704876286224,351.455630529787,0.19712888546818438,0.5614966326443597,0.02028621379797925
2025-02-02,0.05059047672297049,0.030436490077900766,0.14807687386902876,0.07994509320260965,0.26773978717898395,0.010092609736563988,11.60689840191513,6.095949857755848,24.88404528341373,0.015467560391880087,131.51146833540642,36.97957036212632,621.8948666494165,61.182269232061195,0.06222077292957109,0.01568823977136172,0.07808026646500416,0.027481985536475656,0.04974602454734799,0.03775512804983433,0.03775512804983433,0.05170048169295807,88.612306663247,586.0011365335915,332.8657322178571,0.20542365333252843,0.5716119127832452,0.02027927357155661
2025-02-03,0.04774529656639873,0.029625014459332973,0.1476601955385044,0.08180068690547077,0.26993862132248075,0.010198189474619151,12.226547935500712,6.167371220118442,24.994818568115434,0.01465829842561793,143.91687122990476,46.034145307479086,738.0712559951927,74.66907745046727,0.06613166142777131,0.01504855616849355,0.07896972179573936,0.02804537920437763,0.05066248915989127,0.03489008503057863,0.03489008503057863,0.04918827794157276,105.0184098155317,701.414685470948,343.980036368503,0.2012493578105998,0.5380720530533706,0.019331333973774616
2025-02-04,0.04930603534534755,0.030711723064228726,0.14764001126068504,0.07943461593986458,0.26695952467624234,0.010395148561702554,12.399265511629665,6.10489474195269,25.66202143299926,0.014369264309025532,155.48176392038894,44.150221432503805,754.4475215826166,67.65774156441356,0.06239500594167255,0.01536885562869756,0.08160770343783046,0.028073301766826524,0.05070412967830114,0.035271513440814806,0.035271513440814806,0.051333084128629816,102.12476896535073,674.4540580565468,409.90656139845703,0.19946873198574844,0.5411229221994972,0.020353357712059834
2025-02-05,0.049173926217496916,0.027970153958221063,0.1481593888605735,0.07975441297156118,0.2624061829783386,0.010298697013652134,12.167088196105986,5.990817730998627,25.513592384898264,0.014704833304922494,146.829698072527,44.782529746296646,724.4578094974081,62.52062493474049,0.06082083157801634,0.015448040824754736,0.08390604739351674,0.027823736692601225,0.050454539366821316,0.034243683779707906,0.034243683779707906,0.050398026958422965,89.26214761326162,720.9804352661612,412.2784485467789,0.20238626039518756,0.5189848447428872,0.019540537799217415
2025-02-06,0.04689895524361902,0.028508202071304826,0.1496677087204525,0.08021837315102484,0.27370308026544954,0.010335485454521304,12.439351699375774,5.8323008788964685,25.45512003099703,0.01523887382826583,137.36028191416224,47.19248133198916,736.3389228842866,60.8119191398612,0.06194624544539422,0.015079191300087945,0.08181521794981529,0.029831862768711682,0.05014409542486015,0.034254440071287064,0.034254440071287064,0.05009826520911707,96.09648673415514,621.3630920796262,380.3279323669318,0.20635251357259798,0.541492122760798,0.01971825198601245
2025-02-07,0.04545537884666947,0.028766618272601834,0.1544355444278371,0.07635583298262272,0.2721099379660677,0.010398598065320593,12.922945344348665,6.254681260370161,25.240130554121908,0.015613382656242212,125.70936753253038,45.70429651510135,701.870750723755,59.55399733604497,0.060126173455357965,0.014710475821888485,0.08034402750567131,0.02900321941271326,0.052783908958174974,0.03476731160639813,0.03476731160639813,0.05135830024561462,86.25636239211447,608.1512266228717,366.5839991854572,0.2047974888395434,0.5486197954352123,0.020384629425666993
2025-02-08,0.04879761172463549,0.030282135400641768,0.1534666025848294,0.07825360636131407,0.273059422736577,0.01016220375319091,12.003360634579757,6.165277918223561,24.403505408585712,0.014630085578264467,130.3535474284745,45.381406073844346,655.5723021676976,53.82879268341804,0.05799419299821554,0.01507561463903765,0.08092105182605065,0.030081664384741618,0.0494357381909182,0.03682295892035491,0.03682295892035491,0.04978973392402659,79.20373844057228,605.166836434921,319.69301157584874,0.2128631618318203,0.5498179854463731,0.020151937207855602
2025-02-09,0.0485042537331041,0.030714306112828285,0.15242864294441133,0.08126235661813525,0.28334178848839553,0.009761434912344009,12.089860798410543,6.223419325495032,25.030478631301627,0.014857459056148901,136.99980535353794,40.703719646868095,600.1196787685461,57.12927613166414,0.058603541925110816,0.015500857105902903,0.08280970673840236,0.029710239299233103,0.04651828151477765,0.0353441927968776,0.0353441927968776,0.04802822374328196,84.26402012866643,579.8717746561475,315.7799119007191,0.19827918637335618,0.5471579660165883,0.019914103679077557
2025-02-10,0.05053438915048991,0.030677582213837238,0.1507991766178649,0.08022301542278028,0.27774835488481797,0.010418913414338106,11.727492301345483,5.968583885035672,24.65162025621261,0.015025234370097553,163.6986865184035,43.9311901469923,772.1085389099934,59.49799274002411,0.05868428569001767,0.015979040252247233,0.07853529159802594,0.029305549148409007,0.04847744713294215,0.03566319099373601,0.024964233695615203,0.04934552224214539,93.71964828911105,688.5334596775567,356.53651136091844,0.19040171674198814,0.5305237904990179,0.020216775017500382
2025-02-11,0.04785107954500173,0.029424587259366093,0.14977946446038998,0.08137821969391457,0.27893437419096784,0.010365551360094226,11.81784820496742,5.915421773184492,23.560300567458167,0.015306419269361405,153.724485925685,46.89051716882929,763.6927776758183,70.26388379892799,0.05861977519092072,0.015209832183477988,0.0779601290936055,0.03008464292573343,0.04851047546510702,0.03654732015536143,0.025583124108753002,0.051181419764673,104.26940632118009,666.6444861173296,403.23229874492773,0.19304667834669093,0.5708772465527137,0.020873270206718426
2025-02-12,0.04926746213999211,0.02878116433655117,0.14670581265844707,0.08060232266322702,0.2749282942911929,0.010249101269605916,12.28370693646624,5.984059733700161,25.31827171772983,0.016018352203340067,139.12965422245307,42.775430853612875,734.9111598230018,62.67128705550969,0.05912056945537673,0.01454477805993078,0.08101696921605264,0.030959512792516068,0.04665115305602008,0.03657724691347025,0.025604072839429174,0.04905408850478911,94.86571713816095,671.3886329241087,383.6434121941457,0.18842368281690855,0.5780045005948229,0.02077203577067147
2025-02-13,0.05049475818470899,0.029323904300466417,0.15111510765242034,0.08189871339595957,0.2876672343275621,0.010144731829806153,11.723786135540651,5.9631749479506615,24.192604654708635,0.016082722358806454,141.90346833049875,45.18034248287319,699.6286934358449,70.07710290838448,0.06043727024881841,0.015480224010370679,0.07577650929168278,0.03081828749096153,0.05246688043633307,0.03613051894806535,0.02529136326364574,0.04799575054427235,98.0370329927875,727.155448561286,355.7438223862809,0.20106897192867984,0.5365284897823341,0.02200089572346591
2025-02-14,0.049277530180997536,0.028834349185187586,0.15666632596292748,0.08040453001668003,0.2887900693638358,0.009791338555313212,11.541569710305684,6.041659169329151,24.686409679825797,0.015192412971336123,129.8687142426774,40.21478126964871,683.2176076047361,58.869674684661895,0.05867858255604321,0.015216701797852844,0.07932170497650877,0.030228806881522716,0.05027294616318889,0.03516576005230335,0.024616032036612345,0.04950376926719732,90.68674706181815,643.9936049149045,343.5678204225805,0.1964696160874081,0.5461419886100488,0.02029545839784451
2025-02-15,0.04967566473083174,0.02838184026239193,0.1489494048507666,0.07650273730075947,0.30325524599254905,0.009633577738339569,12.088458293799292,6.144324726154009,25.38487380525262,0.014919368947230262,122.1650105737646,39.40063857390813,663.1006971005885,57.92105399123967,0.05739781847810879,0.014477381892940157,0.07648596638657981,0.030105473151701072,0.04889998177548621,0.03340595054948795,0.023384165384641564,0.04852010862232051,86.63958469996044,551.5618390842549,353.2318509108489,0.19448304337915365,0.562869271899424,0.020189130883633558
2025-02-16,0.05043342493851952,0.029159253726749754,0.14983626636970057,0.08030519020938616,0.29829589407240986,0.009424453440886507,12.15824529478752,6.1393152094544625,24.547596365355894,0.014522946423063902,124.18193532216385,39.616499561024206,677.0144303080403,52.66103300992998,0.05839118786654259,0.014820476466879305,0.08266322220343753,0.029695140998280925,0.04845830055052706,0.03531323157589104,0.024719262103123724,0.04968459771365582,78.73235796182577,535.9739358905408,320.256864516438,0.1899575902511822,0.5553684677053524,0.020443558405251635
2025-02-17,0.05211835501696889,0.03037515978113845,0.14522684185963114,0.08204035459803852,0.2652753388496013,0.00968267260395812,12.005148632055818,6.1886839819969435,24.267575866328393,0.014107908405792846,134.94293360864995,36.932586370812544,595.0840868624058,61.528018889099364,0.058949024467442705,0.014996573032125246,0.0810417230020382,0.029825235129879564,0.05052891012147979,0.0336829159671838,0.023578041177028657,0.04923569726522748,91.49264374072601,572.3348830681123,316.69675107637204,0.19865676913865038,0.5467539984518891,0.019598515176232643
2025-02-18,0.04978328783426736,0.031934047112770605,0.15128063218861457,0.08135515423668409,0.2814328309411499,0.010471981676733064,12.247258545079035,6.034765603539889,25.244341217331584,0.014351331580130277,162.97003566285508,47.91034246779432,705.1464228856884,68.27134014502032,0.06010022593089145,0.015179175433989708,0.08235121011521576,0.03092087638465691,0.0493605948853852,0.03353462100566241,0.023474234703963686,0.049385114951958624,99.914442338753,674.4771134759287,400.91057818706423,0.20125003548673806,0.5391649915328873,0.020341470005063693
2025-02-19,0.050430588566161505,0.030695207898764672,0.14853824163991047,0.07823536329626701,0.2918974617569845,0.010498091800386015,11.717871817675277,5.9154109135564905,25.403628311841135,0.015156490300929628,147.64712760371046,44.463729856431115,777.8994410111088,68.99257941982468,0.060244569486352116,0.015505308300119317,0.08135084561625906,0.031119740956246228,0.04835308641545509,0.03488447551765058,0.024419132862355405,0.05123606995475455,97.42941166695273,685.7540696544827,357.7489403960651,0.2025047360307758,0.5535376652643359,0.020467884316596498
2025-02-20,0.04953561264121038,0.02953079147636248,0.1510465219063444,0.07720708710838656,0.29191034252928627,0.009996937923403061,11.830514259658733,6.260631622036486,25.2435767897441,0.015113009848302966,146.52201038654746,40.70215714921453,762.5099504265278,65.77129321661248,0.06290443103820809,0.01597829000673144,0.08110500770258497,0.03003437360501639,0.04927918599134,0.03357986481019173,0.02350590536713421,0.04951355345639608,97.31903403623781,657.376758717188,370.5955310493974,0.21108962616493532,0.5690857800959597,0.019983685413256416
2025-02-21,0.051114120311210404,0.029253159744383316,0.16245373477369873,0.07703158847272272,0.2870698031136214,0.010000372124009383,11.676577153725404,5.93355760566301,24.789675267944183,0.016023682311331937,135.34739240991607,40.61658180621476,779.6084619854073,65.32895110840298,0.06072646359171612,0.015134505657372689,0.08052796667912925,0.03172665751915652,0.0483796028972604,0.033051783576716905,0.023136248503701832,0.05114829005540627,82.06044374681251,600.2051854665956,375.5956175291423,0.19989900774801383,0.5598853374671532,0.02056901786088169
2025-02-22,0.05055458371366857,0.029020671752882005,0.15838703954268754,0.07961550036979291,0.29272756128907657,0.009760398140723605,10.82369267093682,5.806667849365196,25.641397290076284,0.015055406521441177,129.09013215939794,38.75137131490494,687.7715817826565,53.66422745642976,0.062072849481713314,0.015105290720709107,0.08308349589435325,0.030220462618017075,0.04653701011654283,0.03482850441503402,0.02437995309052381,0.051273471925619374,72.14733282311806,557.719521003672,349.69855294829796,0.2014997933467044,0.5436583058460619,0.019584185366731423
2025-02-23,0.05066006169078825,0.02945875640741208,0.14689695097368255,0.08259009696681897,0.29018311007421366,0.009554380288374605,11.591929648522278,6.038646349134906,24.513042231285446,0.014873844504450841,137.04488221671306,40.095792978033636,618.7205823606829,57.30046940060595,0.05946636019357966,0.015318304814073242,0.08086831077394979,0.02989669520364938,0.04797769810342578,0.03500712604048332,0.024504988228338322,0.05190101016316581,83.66715681690218,481.8285976661927,331.4319607902934,0.19916497740500969,0.5466394689916595,0.020920010286768268
2025-02-24,0.04884187595423562,0.030879404385585545,0.14404322088979854,0.08368516168653872,0.2723945470572232,0.009732781180093453,11.672941365133376,6.2730093727069605,24.378963943120453,0.015056324815922026,161.67313415034562,49.82581742885951,753.0519215813134,62.19996391554036,0.05924052229146324,0.01505807898296636,0.08202782745475576,0.030652691085531463,0.04974297818820433,0.034258822197459154,0.023981175538221405,0.04793731105088307,97.41975718835998,599.2233241400636,350.7793447558101,0.2028050838979112,0.5458092203666696,0.02067028994437799
2025-02-25,0.0479849606427612,0.030594429486963566,0.14819877050879793,0.07902439153094945,0.27891164681745934,0.010399072719922162,12.24648129104483,6.041745225952278,25.027140575194817,0.015930161616929697,159.66721758314424,49.06423251117478,794.5167728009909,72.27401082189873,0.060449429456360816,0.015179786185423899,0.07842428950260363,0.03004003305237152,0.05043285419489072,0.03437354629152344,0.024061482404066407,0.04793604107512592,90.19128822924365,640.506235785318,412.9149576200594,0.19921969439838152,0.5667375625626174,0.01995784746443097
2025-02-26,0.048520229869674046,0.031008911199665642,0.1456774795789121,0.07850634125836084,0.2766895961279318,0.010231847336050218,12.287476409325588,6.211621243984884,25.657008119457835,0.0153489197204876,156.00751564366618,46.14733099391156,725.7644490984653,68.5291482274271,0.059065676401305105,0.014408832148269825,0.07502441258795976,0.02957879184375805,0.051856023648852,0.03630272996414513,0.02541191097490159,0.0483194524934048,94.84154728665825,633.7579484502385,432.8043710466039,0.20529706602288053,0.5823413796474423,0.01832833567586567
2025-02-27,0.048397056254923534,0.029336410435888888,0.15075581695272025,0.07370431932144118,0.26578506076704056,0.009870932128254005,12.600761726074932,6.099810046286379,25.93811652634307,0.015794542715845048,145.11830456062594,47.46595602407423,732.5080623572843,63.38032483093797,0.05869720809222792,0.014301693223245652,0.07883272775285591,0.02895440063746004,0.05135606276383962,0.036482785740142895,0.025537950018100025,0.04695814037545864,92.12723313842824,632.2469862312793,377.0419054713131,0.2062879222449465,0.5569514742689947,0.019396594350346057
2025-02-28,0.048603624245443885,0.02889380311089828,0.1482297786013779,0.07888550554216496,0.28434994273041414,0.009979630262493584,12.409363372952148,5.9986193727833825,24.29723730900699,0.015344169647114457,134.47829919567846,48.457038920255584,619.8373085756223,60.45111892074471,0.060105654239682504,0.014581768387622072,0.08213513090970824,0.02996257209537586,0.05035342676404303,0.03457812986586869,0.024204690906108082,0.04727051941551462,89.76743340304702,582.128007126231,368.7186228213304,0.1994941037330749,0.5306634159418461,0.020478513756789316
2025-03-01,0.04735984148577057,0.02916176054515049,0.1540371832665998,0.08036139839862286,0.2851564141558525,0.009752502641463084,12.22121019976009,6.090016236730083,25.124589525609174,0.015495768934985249,110.7313679588039,38.977116239823076,614.4829940613326,57.87308249570267,0.05678457292294579,0.015186319928547853,0.08084810247815943,0.027584392393515327,0.05085266048682955,0.035260587671072346,0.02468241136975064,0.0508616393186466,80.15712875702677,556.2842081392996,350.7416719441084,0.19993792939684965,0.5562148334264907,0.02043167391316082
2025-03-02,0.04807924064262089,0.029857308606180705,0.15958881127187108,0.08393697343248176,0.26857551942939606,0.009912041369808148,12.371414888056966,5.717339487774484,25.456462987874716,0.014637515395383714,116.08472361000796,32.70624332988739,578.699551919771,56.66418606265265,0.06348411657639325,0.015245924225391137,0.07664273939277223,0.02966035467686749,0.05055392283983299,0.03539909121647271,0.024779363851530893,0.049223773923393235,78.97820065860967,532.1065569604541,343.0350067747931,0.1892571877545404,0.5613095478103803,0.018797515809617752
2025-03-03,0.04780115622215278,0.029824255301478034,0.15710083025920826,0.08070164933407865,0.27396468285570685,0.010182183732378156,11.58529354369213,5.870743376835459,25.41641289057408,0.015179906313327706,149.80365316663676,43.37446880982137,719.0818420775829,67.25061114077302,0.063026986844681,0.014616551674512913,0.07770357553425862,0.030579413737268565,0.050023625905053215,0.03652402129853326,0.02556681490897328,0.050322337049006294,106.92470648620647,659.0372876760929,366.6674055598425,0.19597773915415193,0.5785853679023013,0.01909764978433746
2025-03-04,0.04775036831447577,0.03103356190381339,0.15491934459753962,0.07725276580423092,0.26834002600526863,0.010207304745723374,12.217398867874834,6.130341633945758,25.15059968881802,0.015061895660930911,163.34143351297527,44.71659171968695,747.4579212086251,64.26723359242118,0.06386370066821394,0.014965185154336562,0.08051769981669651,0.028962892777874602,0.049471989542870465,0.03403019078141643,0.023821133546991502,0.047878870773893425,97.7142640547114,702.6194548887137,392.366707530924,0.20024386361144583,0.5728815278842855,0.01940194690736317
2025-03-05,0.04857706004826778,0.030557000249384517,0.14998012971386696,0.08006775887335951,0.2808788065981256,0.010329222030345926,12.078985450054411,6.114900536544177,24.764109710541828,0.01595722192132944,148.68241711244767,45.80000540851396,784.9565587721887,61.139989707848294,0.05991506171009609,0.014804526439932603,0.07903465785366061,0.030826646917361655,0.051862675620647794,0.034420346359547715,0.0240942424516834,0.04819491316288657,94.80077620289812,608.4839182456138,373.1499157984418,0.1903498672108519,0.5613740380007017,0.020233846097842314
2025-03-06,0.049927136219091416,0.031017972743879366,0.15427976821838651,0.08287575289034316,0.26985970803349807,0.010046956143225714,12.255967518102613,6.439448302642001,25.1771574986459,0.014375966392675668,142.96903774976906,46.345885320827435,743.2878502433083,60.89942570565258,0.062108851198046745,0.015440156938125093,0.07858048271658163,0.028532594099021417,0.05097332412384712,0.03556391397775227,0.02489473978442659,0.05168998770470228,95.74870491555068,618.5621399682178,388.18523824440257,0.1953064611557963,0.546746275551883,0.02044879987792514
2025-03-07,0.049411067654852925,0.030530153097163754,0.1535776769422933,0.08050171444677014,0.29084636203393505,0.009616576872570205,11.942960014184084,6.30625257417902,25.36675822905352,0.014868132102072378,138.6208005986279,43.29708299918152,698.3828964360026,58.77185639189923,0.05836449728451667,0.015236578461869665,0.08191306504744285,0.029308675162435877,0.04931702489559751,0.03307961361553476,0.023155729530874334,0.051417823639239184,83.61198610481523,612.4190381850409,349.80130149421444,0.19209128404668507,0.5528179590039357,0.01966496184305506
2025-03-08,0.05264149768828458,0.029604300808996512,0.14903127876525313,0.08243893980236382,0.2843419958798866,0.010047297787771733,11.923148659930593,5.960829442689375,25.046312398513944,0.015562153710208136,126.70929423199053,41.59603794658346,651.3405698815099,54.430094181656514,0.058994468269762027,0.014656869251163,0.08239100205325572,0.03040642553310628,0.05211215165881618,0.035694210202880786,0.02498594714201655,0.052194504311803426,68.97409522872258,616.6268273250429,313.3849582345744,0.18585635926173266,0.5363770326645693,0.02064928268405717
2025-03-09,0.048094381648096714,0.03129410907669118,0.14773918266914807,0.07959898681964059,0.28741960805736666,0.0106648591194831,12.051233162967932,5.730259027653195,25.15544979294185,0.015477391834838755,118.36837445916518,39.436436541682895,648.6076221183617,56.49583526313621,0.058674184663073815,0.014867734595346798,0.07708893018609493,0.02836905181300752,0.04773460638357922,0.03382200358936951,0.023675402512558653,0.05235557533157062,77.57892702954489,547.4088387486431,320.7430272497047,0.19013609296777711,0.5466363707291237,0.02000742167633551
2025-03-10,0.05001687541144905,0.03167816609637933,0.15159764482457144,0.08122757249989727,0.2787491346333272,0.010577848723695283,12.344669460479338,5.570856809511605,24.17687674395136,0.01474858910094889,143.55476296613915,49.4410774757086,764.5553719117413,63.22889122653927,0.05919559869743946,0.015291939794733155,0.0828186303404593,0.02990293907734754,0.048629394840507024,0.035330199631442065,0.024731139742009443,0.05107489574032839,92.34796170391282,622.6380672787957,382.1990945838353,0.20097399811194216,0.5533524789005193,0.020035306038227556
2025-03-11,0.04864864694522841,0.030569441818801973,0.15145056596311038,0.08108318831771265,0.2807831485863745,0.010555525017787242,11.84705327722936,5.823899950011507,23.309915995097796,0.014666619836773512,148.20751121791167,52.03760239272092,673.223475064913,65.43202292463667,0.062081195776188945,0.014821334154584663,0.07808504837744025,0.030671687890799455,0.04862088931304106,0.035002997193665904,0.02450209803556613,0.05133499033030373,86.29426536517556,659.992680697856,413.8185430355283,0.19974642347968846,0.5417849477678167,0.02017916025315651
2025-03-12,0.04908265978263735,0.030695229206556922,0.1474098900155417,0.08459117825973073,0.2794406325198211,0.010229780691592865,11.831126957477556,6.167990919118623,24.403715815222924,0.014689381339692786,154.40837860089206,47.06790362645489,710.0124723209533,67.77376191145478,0.06258753231821089,0.015810021328789683,0.08173916972990224,0.02996919440978892,0.05048362544946916,0.035224560407830785,0.02465719228548155,0.04962725063692614,97.41710577971234,588.9875287513458,388.2999938983311,0.20680201144416308,0.5664991203627662,0.01982706891827044
2025-03-13,0.05040207433453919,0.030958791962238708,0.1474384798079562,0.08417899250531286,0.27976659096411277,0.009505310611100241,11.846696546020702,5.993676655895103,25.502604336728375,0.01516622095796302,161.3861205698868,42.02328627991822,791.1226950185571,66.69652516435184,0.05929378706422435,0.015032585379927944,0.0790518353133637,0.02944504751570779,0.04912919232342636,0.03713821914939446,0.03713821914939446,0.04868692326473412,90.59241942247586,600.8354417308711,398.7671647338957,0.2064088268982375,0.5632955260624627,0.020290643002692916
2025-03-14,0.05112142485801352,0.029670534675933904,0.14919226974504052,0.0829080474577907,0.28569587644304095,0.010014340089888786,11.644311335311674,5.820895281487614,25.116183797344053,0.014747065809811848,140.30462667614077,39.92045909840025,678.9122306722114,59.401120492331,0.06062072726604881,0.015048553701237347,0.07977325996219033,0.03086965372298181,0.05070163763177023,0.03626298480250365,0.03626298480250365,0.050548755699343674,85.54191190826867,577.2181090967081,383.7650632368299,0.19705623267396521,0.5683344689430299,0.02056747792944686
2025-03-15,0.0493481480155151,0.028412062058412048,0.1527586714776825,0.08720688528621301,0.280375429493802,0.009474909590375646,12.07077941194083,5.841485894899157,24.558182177564074,0.015023086218067881,132.5806210556581,34.296486648084176,582.1869889065482,55.09962405143535,0.060401863718628074,0.01568278763269709,0.08198260711556342,0.029427552327105793,0.0521749562227835,0.036258093782280724,0.036258093782280724,0.050219144927779825,80.21429666367851,548.0219777313266,333.3392973284176,0.20802510183872128,0.5586643917406812,0.020473050717972556
2025-03-16,0.04765578175277576,0.030260660307718068,0.14669714532669267,0.08087656148972747,0.29572740193361835,0.010261327907547746,12.491464261124129,5.750746205023819,25.537145927981076,0.01425204193157148,118.07412057621737,36.10413297514878,526.6257258505331,57.3075696979138,0.057951727010341604,0.015235121720366293,0.07693902474228692,0.030583233056819106,0.05004852565005702,0.038496297606591415,0.038496297606591415,0.04920117949809064,76.63520820842072,574.7764145358802,347.2023228247903,0.20935704932869348,0.5419698364400688,0.01964851536459707
2025-03-17,0.052398391316103965,0.03003977890154523,0.15019704020017793,0.07970243951888985,0.2827480022376494,0.00968315236624612,12.4747265680265,6.106568558747263,26.02034055523558,0.014752729059150172,148.05816154219812,50.36393749157267,661.3444489938047,65.23915420715012,0.06188959217573961,0.014503247746895941,0.07616720671255346,0.02988728057653158,0.05102552783416922,0.03569509084520722,0.03569509084520722,0.049399402025211675,81.85389010918558,690.4846844076577,400.52055565854687,0.20061698944207274,0.5594046184131499,0.01967550111121484
2025-03-18,0.04998060102667172,0.029934776413838893,0.15234181026444185,0.08063470336586685,0.2857572815920923,0.010312279180546892,11.987714891749398,6.2449316965140795,24.00146199379349,0.014624817251559364,157.6440445180477,50.8391326025916,774.8024858264899,65.95047224539935,0.05917410139594867,0.014943371937572602,0.07529119381287455,0.02986794121480008,0.04757590914819332,0.03529369170410583,0.03529369170410583,0.05058169907053094,86.55351881512331,696.6688438563307,378.7206971963732,0.20578134247518545,0.5599267274573504,0.01987418972834933
2025-03-19,0.050845892379979274,0.02845651760975902,0.15168050425324017,0.08305795376528793,0.2965994483996251,0.009810680955124853,12.03170268128177,6.196865573893912,24.758628951761526,0.014892219153094473,141.18113931417366,46.47925085868967,741.1894085330676,61.77024947921978,0.06322494706492562,0.0151266537690746,0.07860086122091564,0.029928724297238665,0.04724554823828869,0.033408249720952625,0.033408249720952625,0.04972314570962845,95.22696064074488,683.8470258907877,421.2416492192597,0.20118132683026962,0.5549928210041402,0.019564526471578064
2025-03-20,0.05254749254860861,0.029531735537164098,0.15332469330607673,0.07849011786424447,0.28851957361951774,0.009796444692700787,12.15344896223268,6.147066449727724,24.421939339166947,0.01525330601330369,135.92599777900574,45.821603153896426,729.8037378898223,59.97768724616233,0.06001585431273228,0.014898388718036535,0.07698341634129781,0.030887492417543568,0.04836684944496543,0.03560041006550669,0.03560041006550669,0.049157307973238,94.31921553314861,623.1207575790655,396.2455809792778,0.20275810479127526,0.5528211396860037,0.01990906499185212
2025-03-21,0.04978151862540948,0.02971402977250664,0.14759547449831595,0.07826796882761311,0.28826382458873073,0.009738174389059415,12.62604444133904,5.712328626360243,24.246537382622318,0.014729076223184794,139.56904017286809,40.01741816875803,713.3679921543832,65.06085174180775,0.06133000483630998,0.015010276660692863,0.07808199506341432,0.03101047325138161,0.04860232283378716,0.034677893498017656,0.034677893498017656,0.0520917723647292,87.7056866280497,625.0276170672186,359.68625251939426,0.2063841265461485,0.5386431604566276,0.020232172949190913
2025-03-22,0.04845986901957294,0.029574639709074684,0.152607145786975,0.08008435602362036,0.2811956623433127,0.01010848563917535,11.623688169296985,6.227489156135723,23.287247992695352,0.014905609389557145,140.55517442640516,38.96911085084862,626.59460565902,56.92591664371821,0.05948111228716025,0.01471483199486479,0.07913899736169985,0.031168473091484943,0.04880953024760684,0.034703809388011604,0.034703809388011604,0.048873082701938214,78.35585246539782,557.7005286560171,327.5110505939126,0.21787576929776553,0.5530132631284489,0.020423349465636776
2025-03-23,0.05025015967280222,0.03119563190252645,0.14735715739440025,0.07651958938214536,0.2671479224588854,0.01011197301736862,12.094150011445286,6.259758568025866,24.1963749845928,0.01535773389866845,131.07128886775317,37.85900358420819,625.0270654913897,55.67598329826313,0.059404528650485136,0.014677595231035102,0.07714753655427037,0.02896191811761943,0.04990477738307837,0.03583268240865009,0.03583268240865009,0.04992256217706775,73.99084421297474,534.9908570130452,338.58571376645483,0.20517401969938429,0.5330550686870749,0.02022722967385523
2025-03-24,0.05145285733023352,0.030432360072921803,0.14951415453790118,0.07857565319941649,0.274829523888308,0.00992940617260368,12.202543775125628,6.392636044935131,25.927195677004,0.016106472466195614,142.19809993743513,48.90108342237345,688.0411225333893,66.61252816870436,0.058585394491107,0.015261077102286786,0.07813489302078253,0.031221966749321234,0.04936184278971006,0.035088509858193395,0.035088509858193395,0.04937169631304831,87.12673014061518,628.265555486178,392.5264608093672,0.20138980254566682,0.5607343553606209,0.019260234478445114
2025-03-25,0.048211745162475894,0.029049058339275666,0.1507140318275919,0.08292020092694374,0.28072365159457036,0.009895419086810528,12.417133415811797,6.0589279167706565,25.05885727936745,0.014713031703444804,149.48545470464902,47.28442988928691,729.2104192528165,63.96173921448696,0.059279326480048265,0.01475254363200448,0.08133497397298589,0.030108251687283254,0.047824662063533196,0.03546707809953877,0.03546707809953877,0.04904706097667566,89.83110615491637,600.9955184376892,373.4049836762355,0.20286239741182405,0.5709907136193615,0.020354737074383605
2025-03-26,0.04872525665816293,0.02894085547989494,0.1456571137109115,0.0798271586142919,0.2862177992605205,0.010029579434669712,12.420031089153838,5.950816088589924,25.381822001583387,0.014555582347941028,137.2484445044259,49.3758416580496,701.5528131571556,58.95496331132449,0.05759449659495658,0.015608903356194737,0.0813835823873198,0.030813046817625367,0.049804861343273936,0.036344639520975205,0.036344639520975205,0.04847321452721279,83.20374899452739,697.8094263468093,392.4858626589721,0.19268881227299448,0.5876682324655507,0.019963204108008635
2025-03-27,0.04993381528373956,0.029802134785661804,0.14981104093515865,0.0757389234628736,0.2942325502641969,0.00981301181971054,11.744115080608662,5.815990271458948,25.78304348680079,0.014723847205878732,137.50898047649045,50.11618043085434,669.4396855538774,56.3353676478942,0.05976835928992439,0.015141606164382256,0.08094188946700938,0.029806844396134496,0.05034125649122047,0.0352522519337889,0.0352522519337889,0.04932615130926225,83.53772815779965,650.179360700181,375.61529039163804,0.21142381162332421,0.5930301733823651,0.019402391111202736
2025-03-28,0.0481627256647463,0.030408594419539223,0.14958631916889567,0.08078316430799641,0.30194723492971776,0.009770493254458973,11.944673363250304,5.913399105231631,25.24215450181433,0.015180774749022189,130.39659155945358,44.26776488828286,657.772434638997,55.650458355603085,0.058106378112067814,0.014522919181408763,0.07959392405282191,0.029249114058287836,0.052289968398943634,0.03583618270647347,0.03583618270647347,0.049449518402851375,84.54780479709629,575.5967338646685,401.0903013851954,0.19269231995628633,0.6004830856149567,0.020040177928285753
2025-03-29,0.04834347658534609,0.03142431907789322,0.1529309728710574,0.07723732954549378,0.283721131933366,0.009827543469904835,12.39329344882265,5.8340793059350755,24.823454332903303,0.01533493180912016,120.89639629132382,38.434031776243195,599.0815992536832,54.65603406795664,0.05818208883602994,0.015338052631154724,0.08443598180667015,0.03059507450737369,0.051431033135671794,0.03492169642740776,0.03492169642740776,0.04793427893228161,84.21980280446508,573.7747081259533,316.8180666708248,0.1934379390170562,0.5752900264573613,0.019925202862680815
2025-03-30,0.048379100177544834,0.030300687003816527,0.15329770650096258,0.07840633479885882,0.2641462973473164,0.010044978803575962,11.59664486508098,5.750752848460132,25.82672685846416,0.015356660256281036,134.55994421844113,39.659973150945675,543.4493066349394,51.18279948042365,0.06217520375347425,0.014954520980834517,0.07964880542768495,0.030054257826018622,0.0499256775908933,0.03404673726974898,0.03404673726974898,0.049396942798568155,84.62963949872712,598.612418261612,333.60181349569024,0.18696464987754596,0.5640911016622466,0.020266924064527157
2025-03-31,0.048728958458661056,0.030157932760006907,0.15756815604956678,0.08167625309984264,0.27611054117508993,0.009444017256796678,12.383283892440467,5.958541373564396,25.745942549076865,0.015672528767600655,152.10044001573763,41.04463667936651,704.1999125117854,65.01272104117666,0.059680799968482676,0.014776754044558265,0.07983147403244786,0.030766850862663873,0.04993777785228788,0.03370726006366894,0.03370726006366894,0.04806119508436654,96.32571948111791,594.015581786061,370.628700964351,0.1932445514704645,0.5749707137131194,0.0201562205238454
2025-04-01,0.04898861296998969,0.03001283898586278,0.1463898698170812,0.08050571751686794,0.2819768716980864,0.00972670381003376,12.060512719163675,6.229869569779442,26.36955507933442,0.015605507645320746,144.25337248007654,45.3279109383448,798.3498897050287,59.77755663896533,0.06113176928416977,0.01519694288206043,0.08154225114043806,0.03126066043232198,0.05123922222401165,0.034532553176386,0.034532553176386,0.049849922947560674,103.25716612377893,698.3565503881339,363.3971612817288,0.20311652905496347,0.5460905043746874,0.020815699616851497
2025-04-02,0.04791375561737847,0.030219769555404674,0.14975892418975617,0.08302109531280265,0.27482699859761106,0.009711784630960993,11.985033888083704,6.198827963233372,24.18664684010808,0.015424066584824633,140.4407012651416,48.545978583937995,788.6560593141004,61.723297131616235,0.059257360243117556,0.015022871666595024,0.0805326159363176,0.031169937401025506,0.0506884448651638,0.03501482902078401,0.03501482902078401,0.05076625596726714,96.0236792345478,667.9744695929649,355.340830884339,0.21036963167765863,0.5546831612656545,0.019427724853910658
2025-04-03,0.04928075970691398,0.03137171527610695,0.15122821690165486,0.08404723077963316,0.29102748468172784,0.010140563875014868,11.741277056427235,6.1758627449135535,24.337762796038668,0.015254740204109458,146.91086933436713,47.00857671104538,712.5933451644511,60.889236588515914,0.0581245816695349,0.014812003223557644,0.0780028863016412,0.030428988329142186,0.050923825755942564,0.03560586092048322,0.03560586092048322,0.04996609344301323,90.28635078854101,655.0453122898006,367.87543445149,0.21536955369778663,0.5455512586194434,0.019497734787812485
2025-04-04,0.05114416580455047,0.030098304323996183,0.14412142389389626,0.08317580340537528,0.2739082531905616,0.010298030310333436,12.19466287916645,6.090572421918335,24.179388866651212,0.015209920648255715,141.24287567354244,41.168892908380265,681.1024867198906,61.87707115232997,0.06061345672221739,0.015107181077619346,0.07988876677724731,0.030527740104683468,0.04778600763854928,0.03336576903547897,0.03336576903547897,0.04881314478141985,83.32179913219504,605.2802021259156,373.29652284395405,0.21273772172841882,0.5611189968670359,0.020178923319099637
2025-04-05,0.04983502004020876,0.028549931007882175,0.15501407564056116,0.07763092984957895,0.28274321711764866,0.010490383703688993,12.62067770685964,6.0982556623666575,24.99095014356022,0.015235803765585122,122.46270685261956,40.11294505915014,632.3849760088658,57.28620124014388,0.05967187804618274,0.014815405354458872,0.08068502307948543,0.030422952114986752,0.04908668199208087,0.032993789839379985,0.032993789839379985,0.04882175052798476,83.34606181548178,504.42244758028824,311.5623662720773,0.19643058570080674,0.552265458173797,0.01941391716899296
2025-04-06,0.04977585180972519,0.029036931126867057,0.15093474883776145,0.07820195506632109,0.2903922589570063,0.010268420264523166,11.976405419042791,6.026788333716205,24.5528278348918,0.014588720682816353,120.08424273140695,40.246384506581045,650.5468230304709,60.31833620774034,0.06175573075240712,0.014828218147675109,0.07785074545607527,0.0304143939476426,0.04675340058784398,0.035410266373379885,0.035410266373379885,0.049598823689212534,67.06162225357126,525.9633459153864,318.6323947921289,0.20206513212758961,0.5507300700183273,0.01923472949329569
2025-04-07,0.04936935447760361,0.029632400527322682,0.14859095119767354,0.0807621078367595,0.28670436418109085,0.009560892294140283,11.722350715870379,6.294770288115982,24.41336952028953,0.01563138321700252,155.22201041630507,51.0857063130646,704.4907478290851,66.4927008450644,0.05923843933236434,0.014716172984951682,0.07930670940070207,0.029220732140398883,0.04715958542239455,0.03395040014759395,0.03395040014759395,0.048291208178862,90.61618365446611,614.1103660881125,376.8119068515536,0.20046598123217813,0.5554118789950881,0.020212720028733325
2025-04-08,0.04817968001492055,0.029232236922950097,0.15641933534805755,0.08170591788622955,0.2686826818998969,0.009814559994681478,11.985028234645604,6.023915729008509,24.766063602083907,0.015063839793778134,143.33985320597063,43.43544191075839,757.9212357551031,68.04587609585012,0.06106497577272742,0.015110406401948127,0.08087373811151015,0.030239753533620555,0.050944670982300745,0.03498547888301415,0.03498547888301415,0.051572589409096696,94.49527696560817,728.316448265918,354.306774206048,0.1967503925266,0.5646951016157065,0.02057586969668117
2025-04-09,0.04902084319784181,0.027646662400157396,0.14704203018447248,0.08122229686737033,0.26860497828248425,0.009704271648489773,12.115000657801126,6.034030601079449,24.70312668623326,0.014897334561286286,148.55015893556882,45.46735236916785,728.6139608519214,66.81962081940208,0.0632047267866295,0.014930738045599861,0.07936730174640828,0.030403897434100206,0.053480039854196186,0.03411990702028794,0.03411990702028794,0.051390112897915556,91.60484778013203,653.4966326380375,341.0195518156811,0.20921666729319133,0.5868965448735259,0.020524423368580444
2025-04-10,0.05103585021688145,0.0293974660995152,0.1424907798279228,0.08338152855301828,0.27036383417688076,0.010177570996702459,12.15663074777446,6.0647062310247914,24.329181571689617,0.015187540935224805,138.0185672198735,48.749359101292264,776.5451347190423,66.38196600695993,0.06378947947047951,0.015677851286281914,0.08078948972932784,0.02876750662925312,0.0509489426783599,0.0358576599634239,0.0358576599634239,0.051382512575837175,81.94204473774698,616.8233699964709,338.11236658284315,0.19846948808080475,0.5488026018173896,0.01969935102308858
2025-04-11,0.049750836075331074,0.030937388891171782,0.14025757795479837,0.08004007953741381,0.276919161972673,0.010182119424983553,11.744003168963923,5.925012517584177,25.55325652705841,0.015948392799568754,127.27787708984236,45.653550319588675,726.3517040346105,69.39478916844054,0.06259083495273654,0.015251465482862193,0.07852985061461758,0.027176240411197924,0.049474538653732934,0.03511229695483539,0.03511229695483539,0.04945120156316782,89.36832732786478,566.3104901511083,378.33250756868625,0.2031471745039249,0.5478027716349728,0.020008851813372152
2025-04-12,0.05050028638978719,0.029889273941325588,0.15094213493632333,0.07950694917500525,0.27549222236771775,0.010330209045267302,11.49755219809891,5.914766115591658,24.17661213161441,0.01580051082106662,120.21211081439677,37.355902033118106,666.9846984940978,54.57513725009292,0.06123396172072659,0.014416648759038739,0.07958674284961632,0.02805210767791038,0.04948091177051718,0.035145457912473164,0.035145457912473164,0.049315911433014364,76.52041932234978,549.8760791033134,320.2130180068413,0.19897037952118837,0.539149962127618,0.019634958351406814
2025-04-13,0.05010477871703776,0.03030609579618377,0.15066409815843973,0.07780079477922648,0.2815289952674749,0.010256403446940145,12.004601043779815,5.6767243189637915,25.340828348674005,0.015299633676569644,117.15100745825433,39.18769596634121,623.1060120305829,49.54501537047901,0.06112840857264312,0.015259324939725991,0.07818521051539146,0.0288743258306506,0.051715835602123505,0.03516173135154468,0.03516173135154468,0.05031555860760441,74.78863658698701,595.7590235382443,303.22571644899347,0.1977596080409908,0.5527870671258548,0.02031453047711394
2025-04-14,0.049642282004873056,0.030687908132776887,0.1493740517163854,0.0787246579928797,0.29006999235356046,0.009979355863387837,11.892150527208052,5.6951009560641985,25.46669533277556,0.01510869396291889,134.55068603323895,46.106676929790936,755.6249549339886,61.94672042252594,0.06084777116942224,0.01474201716498329,0.07992291662219697,0.03063235655330351,0.049582668965733157,0.034629374659643504,0.034629374659643504,0.04962697830399279,90.98361072820528,641.1393827160474,361.2726733727778,0.19587088025767993,0.5386029312088335,0.019678985053096478
2025-04-15,0.047626160211826196,0.030046696322173643,0.1553744595753709,0.08058007929590934,0.27515166162218224,0.009715304957462222,12.053941101425872,5.982034009913735,24.802837029006866,0.01480470531691766,144.6757674839791,47.1540125278798,723.2035814527756,63.544229371761034,0.06186977507436642,0.014723741095703683,0.08380365777873286,0.030044601991175274,0.04873277455442346,0.035679839114800306,0.035679839114800306,0.050851462117410665,92.14349380723225,634.1607749764985,350.36234467440323,0.1987583743765832,0.5426700583533517,0.01953251286011824
2025-04-16,0.049632248087666614,0.02961592383321284,0.1541714805472445,0.08097331695104615,0.2812711938928801,0.009976762357030268,12.623644637354872,5.878233549635329,24.319719427305202,0.014494715259370591,133.07603013315332,44.87699551729634,704.8384459637425,67.16747381944383,0.06307807144878011,0.014808039372518393,0.08227695461003195,0.031607796493776284,0.04995306598193694,0.03569894747586593,0.03569894747586593,0.05137364871020811,91.4274918900094,643.0875907754032,419.04289024273453,0.19497177350074335,0.5504174225176983,0.020684152699403078
2025-04-17,0.04860356558281179,0.02883254714055666,0.1477948820775284,0.08485135513351348,0.28266139030458437,0.009933277429068788,12.401015659855348,6.208665244904063,24.606692323339505,0.014844700042048969,135.4629412986779,42.19761237096549,684.1265670145443,65.14198887367688,0.06233885146983916,0.015180253461496112,0.08238106364622663,0.029814969635830715,0.04804930321253254,0.035820683973179564,0.035820683973179564,0.049446789725421304,91.80991408270226,661.6695638593202,360.99515430925675,0.1999294779299421,0.5620351836945313,0.02032636243627192
2025-04-18,0.04650504722402255,0.030546759471691626,0.15202440052329444,0.08159844018435763,0.27869067890111576,0.010076689871317577,12.574722262373065,6.110946287407842,25.12589335317387,0.014344822044948089,130.13324275058153,40.74963416678566,637.9379174924169,59.91262404727455,0.06265405222853351,0.014763952415642548,0.08409958288321592,0.03102234594531223,0.0484073038229419,0.03476790011443129,0.03476790011443129,0.048735205277623546,83.49368340702149,619.416108187363,342.77868994841225,0.20128386874631032,0.5599703949546867,0.019292153585230013
2025-04-19,0.04652717911740574,0.02950349969709307,0.15519732860348986,0.07711703908167132,0.2783735837482764,0.010017259284969675,11.908245644920425,6.115911776209812,26.115810223902713,0.014872487555920697,122.6968900971856,36.21163444364793,591.0001509400472,59.21274195947808,0.058678982277437924,0.014734590225456102,0.08526513620299875,0.029373859381654294,0.04882374992477713,0.03417375706338308,0.03417375706338308,0.047881347593944766,77.72758225537916,524.6718583100505,344.7691368048353,0.2032044576513159,0.5852429162758647,0.020627835807819645
2025-04-20,0.049680626555992105,0.029996528515992736,0.1562087236529432,0.07860313797355845,0.28266896265274233,0.010214083552728624,12.416840864270354,5.929050302360297,25.598981428544437,0.015011913550753094,125.71408813601397,40.71139252671292,581.2229521084547,52.333095109744065,0.058002192093595445,0.015545269404909677,0.08240061169378113,0.029303252308151593,0.05220633814522862,0.035224114489272956,0.035224114489272956,0.0489674294890257,74.37259153138876,586.2858710751034,303.51090019723983,0.1966166704795146,0.6021013724375235,0.020771808706482212
2025-04-21,0.050024340171479824,0.031475228075115505,0.1552084596344823,0.07727946168309419,0.27551640239924047,0.00970520138644564,12.612074123305943,6.060852754061669,25.68447768211023,0.014808337116163243,146.93201537173132,49.20101695258583,690.5486852746734,60.32481106865818,0.05851736616925771,0.015636927858571625,0.07658404064069255,0.028432623657552714,0.05009461725280785,0.03428159689630118,0.03428159689630118,0.04992957582214674,93.8351864940506,637.5810156014415,429.65767674217426,0.19309261525124444,0.5530162269109171,0.020772473221278672
2025-04-22,0.052196364221789415,0.030553735265133688,0.1482574372855555,0.07774150188893265,0.27084091261962207,0.010449928625866007,11.839725672696442,6.090043796973742,24.73270866298674,0.014033682687179973,153.67152537460854,42.23881305305817,698.0420020165494,67.4761116903134,0.05886363125778531,0.015102817829349094,0.08370043495911747,0.0299521456612135,0.04906549196763644,0.0352171114627946,0.0352171114627946,0.049123652414744264,96.90838232514643,669.6742096476956,430.0405450534622,0.1886407879865149,0.5311744845294116,0.019527994137560734
2025-04-23,0.050688127872897365,0.031109120369161396,0.15315551893293775,0.08139803828101469,0.2702083319327061,0.010566307147623806,11.754477338554143,6.321354899057561,25.285744824677113,0.015122104208409069,148.784480189814,42.89087338097469,726.1687841804759,65.20576592376922,0.05914480036422601,0.01463641681963289,0.08151806581029236,0.02899501503862899,0.0503552392181664,0.03458961285588483,0.03458961285588483,0.04966523170366071,87.55078768084144,669.9133396152163,374.5724851061968,0.20142724642308052,0.5624368723886517,0.01943760390786649
2025-04-24,0.05105665166463709,0.0307700106144827,0.14716176660924055,0.07899280866241919,0.27672202761725917,0.0105480526490168,11.755147673694992,6.011566440829601,25.059568759096923,0.014296090359700085,155.10097526276525,44.833456807266636,687.2526831045401,64.47280791657629,0.057874859152164365,0.015506937098069865,0.08384899624510793,0.027909959944529668,0.0515205591644493,0.037118247238596976,0.037118247238596976,0.04851027375083102,83.95476739726008,591.6441137409076,407.9144957933082,0.19378571005503406,0.5423624700046895,0.020200387910913217
2025-04-25,0.05042239507293011,0.029706811056222786,0.14801909611946265,0.08141075605762987,0.28327021232963234,0.009781797589234854,11.754894307080379,6.180353480250982,24.880377192183904,0.014030625683754593,149.38101685371592,44.43100886357696,633.1178373246353,60.73561292242679,0.06029077522963841,0.015305110962468532,0.0824134226613566,0.0287160459726805,0.05180916386766918,0.03549970217886058,0.03549970217886058,0.05050015717953778,77.21412612777355,573.0193682106519,375.6670743452259,0.19999943938833364,0.5375496294369856,0.020527690412345204
2025-04-26,0.048441987530788884,0.029144229195935848,0.1585821132425659,0.08268329529243335,0.2808956785778891,0.00936060145453812,12.323094449281662,5.893802314554376,25.447868632908065,0.0148828411776427,121.94921311172337,40.04702163089698,655.242146502476,53.779003126447414,0.06362088397392168,0.015350965646601229,0.0788715824064239,0.029773695829938877,0.04908560931794311,0.03498097235939944,0.03498097235939944,0.04923678069648751,78.98120668105338,585.7361565515903,318.19128702497073,0.1954416209888048,0.5381875258667872,0.02075907466693419
2025-04-27,0.04772230690132376,0.030441475369595256,0.15335758020957896,0.07874640391669709,0.2742045779330618,0.009244304359010259,11.968654885861811,6.071713615585871,25.630138151184173,0.015060661713323662,117.461366870226,36.93712188105327,649.3191073744067,49.12884997077905,0.06160734713222427,0.014710486986801084,0.07951369358788994,0.030213952920857358,0.05285244121827085,0.035998970809361874,0.035998970809361874,0.04972445872137376,74.72569651475955,523.0239747873692,330.45058110128053,0.20632949066625153,0.5616813271916172,0.01938867684472152
2025-04-28,0.04816690016928673,0.031014553400695238,0.15211424488906622,0.07843867422510342,0.27355044933954403,0.009572933362654785,12.161803357531195,6.013470280520885,26.31273788229208,0.015399506290051546,143.2383106924729,44.1482405445053,742.8090672152376,62.2494383863908,0.057666172459906406,0.015133214204244896,0.07962636333588179,0.028967941165370596,0.049734092068203756,0.03500191764048505,0.03500191764048505,0.05048460619380039,96.31908548151449,697.7185938028754,387.070144803876,0.19769882502485847,0.5424864285249704,0.01910186372994026
2025-04-29,0.05029725563546425,0.030618225257633955,0.14344843144034888,0.07648629079309256,0.29184920860590235,0.010335120110594731,11.991231444486353,6.137971725603209,25.48756490726581,0.015128713587710993,171.83036138303802,45.997970555086106,765.1726948474434,62.533204545013895,0.05991746550808676,0.014560039886351971,0.07911434785303366,0.029001786894324238,0.04871105749118769,0.03411216280910585,0.03411216280910585,0.05247826313441595,114.14258403532112,652.496429567802,397.96585842392324,0.2088860418600671,0.52897129967271,0.01933307533430092
2025-04-30,0.046541859504517565,0.031850304068248174,0.14850474050535203,0.07916413750804627,0.2762601500080981,0.010077606496307923,12.909293018975406,5.812485501784341,25.55011636099546,0.014106177654325196,155.48049638148092,46.8843426848818,675.0788659438517,64.36330884176913,0.05614358933870435,0.013997153447244743,0.07588964935899976,0.02948566445297052,0.04911333464690783,0.0336683399907515,0.0336683399907515,0.050592806582313216,101.94328234117697,662.3627350638847,397.75332236826847,0.2076324264764301,0.5435538834869673,0.020098001156217862
2025-05-01,0.051611822635595765,0.032339133909603544,0.1500349897649262,0.08027521870675569,0.2702027996645315,0.00989427330222929,11.612871389045761,6.184107931958927,26.355266435381598,0.015499719916419866,153.5002826509333,45.54084079146853,741.5423570818642,62.88493162960965,0.05791752772329234,0.01445314801368209,0.07411556442757421,0.02898516480701143,0.04795066925572448,0.03479260636934959,0.03479260636934959,0.04902463329033132,84.06631545605974,636.8367262330822,428.34917392579985,0.2009312688681274,0.5182863646252658,0.019760325606012652
2025-05-02,0.049233476956305575,0.03104919483857587,0.16036633750882887,0.08015354479260706,0.27556917838762773,0.009936818493219254,12.048231517225316,5.879236713874024,26.926267588539094,0.015266662478421997,140.56383204528439,46.32996601167872,665.3161634577841,60.91646245283348,0.06201166153771155,0.015632737326770244,0.0770631320452813,0.030528070335221993,0.04692004721900232,0.03609231404481912,0.03609231404481912,0.04937778194288438,90.8964469736261,583.5614373909605,374.71951192254784,0.19283380866744582,0.5472379641676369,0.019641435947901343
2025-05-03,0.04799839272451229,0.030800539850169936,0.1544880140585214,0.07882999046644897,0.2895905007636263,0.010077140774483297,11.898560180250326,5.839487980295594,24.90006235153305,0.014721970189778092,142.74508726526355,39.19928232600442,545.5418190706616,55.621292629564024,0.06445264188938836,0.01469824383209481,0.07695825167299233,0.030961850363504205,0.049632033093248595,0.03666959404280835,0.03666959404280835,0.04970023870547282,75.71234840750682,520.051328072144,322.6616799424215,0.20064728406475785,0.5481116827513631,0.020563557772420703
2025-05-04,0.05007554796110363,0.02976379131619003,0.15080688250794183,0.08232538726830024,0.28739858707611066,0.0102770114229671,11.827576377732983,5.74812664514973,24.438082013372874,0.014938029692230972,118.50259184986488,36.76215187528054,555.9219245563868,57.75601547091065,0.06152993238233094,0.015106644326299979,0.07872354600522445,0.028826473305030118,0.047546170067093774,0.03705273445660574,0.03705273445660574,0.048382624784149876,72.13515530518706,530.136091887815,328.79030031118015,0.1918062817625124,0.552846919285021,0.019685816422265256
2025-05-05,0.05203009514221723,0.03093622431188912,0.1473245931435342,0.0823255169480344,0.27209340573185065,0.010389370725896494,12.4106203137127,6.11540324421655,24.485363536879568,0.015299569174581973,138.62287362763857,44.78004293411382,692.9761966668262,67.99173213807653,0.060995070166001183,0.015546892295140328,0.0764137833470073,0.029271346565267087,0.05212855823473961,0.03499459313811294,0.03499459313811294,0.05060435050522524,88.17491642075824,659.2662306883553,421.25119609089893,0.21012322220778518,0.5428743513949527,0.0202733543229751
2025-05-06,0.05116674078470601,0.030489513499610363,0.1473474829478787,0.0844660135883279,0.27028311266634447,0.01025874414954709,12.074526283761,6.240386675741428,24.455322561190414,0.015311645581193446,158.10116010219403,47.656704614871124,673.3148683299279,61.82898856460605,0.059490002542251286,0.014749540313196296,0.07920358855938094,0.030570975455635575,0.052299981003577425,0.03594017596189928,0.03594017596189928,0.050217016403509576,95.31046968136782,647.7692735943074,412.72643285448976,0.20065481231020743,0.5458465226449906,0.0214806426705353
2025-05-07,0.04878530895361857,0.030451567784982828,0.15022364390078466,0.0814222660686346,0.2874572517664542,0.010222008598684322,11.827743777998082,5.743079975285074,24.627437244638298,0.01464834055948185,152.73638595595838,45.95952146095913,702.14061113718,58.072990678070674,0.058082116184374005,0.014399802162206033,0.0798274246635902,0.030456917154098963,0.04812076055361607,0.035464102713192204,0.035464102713192204,0.05001719810160236,92.39464504700443,585.7051377163871,358.40082193530856,0.20446244193946783,0.5542211918272801,0.02038052965367378
2025-05-08,0.05184076164310719,0.031914818763940075,0.1623261210593984,0.08236660481057596,0.2920162794395882,0.009662263697141142,11.761670907801893,5.9813431143104605,25.138954524595764,0.01517517095838881,150.58684276926428,42.55217153259953,706.7312465693537,64.83390558365595,0.059703311376008726,0.014719643335434568,0.08267076271412471,0.029495891953712536,0.04768391963782895,0.0354159324654324,0.0354159324654324,0.05048083972751585,101.46579198409711,619.528028665883,353.9461948254754,0.20290788588341024,0.5557401072320045,0.01945249333993406
2025-05-09,0.05294760570986419,0.029683934877092904,0.1560821609385158,0.08189382007337591,0.2798959247522784,0.009562091578475693,11.79812311210167,5.9904330788873414,25.83336622605781,0.015063622598518456,138.64243191160642,48.41025194596606,723.624604027277,59.92483432969381,0.059888542263871386,0.014444644638468167,0.07935512798217173,0.029479349482357548,0.04764860930269935,0.03512391545492904,0.03512391545492904,0.04842171523462691,95.68540359907387,646.2941645670713,347.53210455720887,0.20226648223193264,0.5502658145368221,0.02045057758650925
2025-05-10,0.051618014367502865,0.03106387203439793,0.15436992531133736,0.08241243433048488,0.2760144670860959,0.010054716595334506,11.75628086291698,5.824025886511985,24.687973217812853,0.015391706566105714,126.05307254489462,42.15445011678001,600.0699169052369,56.67236016871258,0.057145965467923145,0.014569826687067043,0.0795714038601658,0.030563565250296115,0.048792368058430374,0.03603514273971302,0.03603514273971302,0.046803898691919775,89.94203690164039,610.9490499729803,334.56369842355576,0.2049310522043705,0.5545705371331751,0.02096906720914568
2025-05-11,0.04851017211935704,0.0311880739715933,0.1505550187543019,0.08534019916278897,0.283989140535692,0.009796011569830244,11.884791475713662,6.003676336922671,25.12368150966241,0.01514018998051511,153.06622518984318,38.66892410990419,621.8278522103419,50.937611047006065,0.05877733497297935,0.01440481685665089,0.07856954169144474,0.029700098875003775,0.04869836275748024,0.034098273463695955,0.034098273463695955,0.04939757716593129,76.10030966415843,562.3529145458534,350.6147847968943,0.18658354417276432,0.5411504594892682,0.02015748655639182
2025-05-12,0.05030278361771229,0.029645325714869632,0.15553573921613886,0.07904075284174289,0.2752997046897556,0.009799621506484927,11.815068189221849,6.002466968206022,24.752186611053105,0.015554056444631217,155.49826867952677,48.73424131498102,776.8022181259607,61.41178856956355,0.060283773097448444,0.01566049537274699,0.07916490824258612,0.030633121439833405,0.05112531794524369,0.03393221451808399,0.03393221451808399,0.04782181735851566,84.28513389664751,658.410478970373,415.49662472413615,0.19492323433694048,0.5322838133617022,0.01974745775284461
2025-05-13,0.04873730665324954,0.03119826796121954,0.14845468021394953,0.07556644493193987,0.2733670300849912,0.010304878734138394,11.772535189042294,6.050176041782279,24.833310301494784,0.014859085824576578,156.52855697784497,46.44766451120263,770.6363720360365,64.05640761520736,0.0610304206582784,0.015485078378741197,0.08000335711377916,0.028481023728422275,0.04982946123672677,0.03514632677973431,0.03514632677973431,0.0463473285261152,83.47944358955372,720.6136622610633,416.55662393951457,0.20634560566378257,0.548037018203209,0.018984292568564706
2025-05-14,0.050927980684083524,0.03056434202717099,0.1443773742823067,0.07604050565263169,0.2726538254264262,0.009928702960144418,11.559536652586804,6.469554546476873,23.99161245994579,0.014413471261246162,158.04927785156457,45.561874395547186,740.8156952993538,64.8211772637086,0.06562789878600211,0.015295133130494866,0.0811506182805925,0.03018257367012211,0.04970256741158275,0.03297046761879552,0.03297046761879552,0.04931034449129751,91.9029239024008,674.2455708237968,424.39028418297573,0.1980689826849219,0.5368738468303531,0.020353199308225656
2025-05-15,0.05060730542329997,0.02900862443254051,0.14910344069265263,0.08563999875418364,0.2796577117406451,0.009909924372795326,11.349559631729766,6.200193066205934,24.98154631366983,0.014470781762867336,129.21750001795064,42.920104165716815,737.5319375643418,63.60376966403902,0.06093409748065833,0.015622838530567456,0.0792678939393491,0.029759346695977056,0.048117699683536456,0.03293297505912036,0.03293297505912036,0.048475161823976376,92.05901875425549,638.5202114214622,400.1273985761445,0.19390226750546366,0.5411787041335232,0.019757501350289523
2025-05-16,0.05219068013639672,0.03048314223162009,0.14932665499583817,0.08359833917018886,0.2690310682124192,0.010114948646370745,12.164710083005872,6.072227103152587,25.814364441540015,0.014956831662004691,139.65562809609926,39.1349493364666,701.738610153498,59.21811909635524,0.06029903677453052,0.015050082467307872,0.08179318010327967,0.032031753136099905,0.04962633104066874,0.035729025350219844,0.035729025350219844,0.04976948837497448,79.9931808103281,642.6945345648396,379.8725679563105,0.1968487367500607,0.5319070490765737,0.020054617429847564
2025-05-17,0.0522510854145559,0.02922664908350204,0.14576210418341207,0.07670408931863415,0.2755366413197574,0.009705788156510197,11.492880488759443,6.075628973239,25.62534067475031,0.015394094308493691,129.62196631976522,36.20247967624074,645.7892330127503,55.89660769735308,0.06044360810703051,0.014839008584553396,0.08171709201514753,0.03182520276097431,0.052564746651994114,0.03442653525170728,0.03442653525170728,0.05072086664543653,78.11690344350292,577.8462359417342,375.16421987931676,0.19454159352027622,0.5452433637778579,0.019685868463781796
2025-05-18,0.04955210677937757,0.02868062124263739,0.13948100037297542,0.08026425079144547,0.28001297865644126,0.009952952897427907,11.648343607360697,6.336660771859261,24.20335815967302,0.015605112300341532,121.90422856712284,35.4865338638658,648.9010872598546,52.72920884603766,0.06095968936000397,0.014649916511949976,0.0786751331710295,0.029094736445037947,0.04714165661547574,0.03706314218042973,0.03706314218042973,0.05250026056093782,69.07879179795192,578.3648742628211,318.3506724049212,0.2062681294718547,0.5397467290049712,0.01956461598770696
2025-05-19,0.05055406125826352,0.028117208072815644,0.14261829829321862,0.07685497567894732,0.296063308056089,0.009411015956763896,11.917091702428934,6.1985851822595714,24.97503740908908,0.014699455694518585,155.52557648019746,44.25399226193318,704.0724333285776,68.80345470826192,0.061580526628911475,0.0140417674485183,0.08150684826826073,0.031024608940851756,0.04875114264158344,0.03467370436959117,0.03467370436959117,0.05042215438582303,89.52477208857485,712.7052117024882,386.0593190773191,0.2034031107320168,0.5424307557194418,0.020082152758742006
2025-05-20,0.048987943885468455,0.030622761262419806,0.14444904227317515,0.07842795357610854,0.2798502269718962,0.009921540467614646,12.045942285405527,6.302188216984563,25.271436572072254,0.015236725246873023,158.77591117432658,48.81062002286382,717.1913788350003,64.71408092820211,0.058571940423414647,0.01452484416026469,0.08181017805127311,0.029388554218285647,0.05110931725762369,0.0342557453440974,0.0342557453440974,0.051687906079131346,93.93885186238751,659.499061106884,386.60459120801005,0.19328209944761066,0.5567323615515726,0.02043282304805134
2025-05-21,0.05013918520547142,0.030555802742383384,0.14899153376985466,0.07837608027632947,0.26920680039763933,0.01008013569224942,11.92732322258168,5.788182650640936,25.38778903865571,0.015419317314973834,151.29939332606125,45.966084014588795,788.9748099001188,65.72389420956485,0.06096231591444151,0.015979808912766225,0.08039508196482789,0.029359893774830805,0.052020366270113264,0.03367881716688607,0.03367881716688607,0.05035844682656653,91.26960324076076,659.8128883766844,396.2152015983623,0.20053658840491556,0.601953399206313,0.02075785200341285
2025-05-22,0.04973498450259231,0.028751423425114147,0.15042472349944572,0.08434782729269047,0.2786677873726746,0.010000260889703816,11.519205711358092,5.645133314009958,24.39009612399769,0.014675335982895131,155.68000410655605,47.20545842362793,744.0336030769475,61.064977194340365,0.06049262009512406,0.015106159569967284,0.07859256423076787,0.029867980793884093,0.04973523291291074,0.03462326838992613,0.03462326838992613,0.05051452274838313,93.87424746647154,657.4577097901015,422.79449082093765,0.20745002636761845,0.5639058573482932,0.02039049293151427
2025-05-23,0.0521165849534347,0.028917236297551788,0.15330842308316148,0.08080733694188062,0.2747823246952944,0.010074818525501251,11.858100959852845,6.1109095880694495,24.26643911307179,0.0139621206214459,154.67335362653486,42.61718004411008,640.4091760828356,60.517745629578656,0.05990986260065261,0.014859997583284013,0.08320239229829769,0.02896840443561263,0.0499482901507264,0.0353740368212821,0.0353740368212821,0.048456256921704625,91.66239714186098,656.7511527967256,390.52481515165414,0.2091604006294604,0.53449413328365,0.019266452994517173
2025-05-24,0.049550540948343796,0.029419660658313616,0.1543489215763563,0.0799974432514485,0.2847276002293489,0.01020171586452395,12.337985032143536,6.0451495091829255,24.37717639814581,0.014962934580041188,132.59334075949695,45.70138032282508,591.5056267835151,54.469371481736786,0.05857031114793577,0.01546629951861398,0.08546904016417207,0.02900972221467776,0.051266723032358665,0.036428556557863825,0.036428556557863825,0.0488591484969997,81.40121041688481,604.7702956917518,337.46617780452624,0.20377082649537256,0.561292593086304,0.019835406910660637
2025-05-25,0.04935806273416146,0.028612285505099106,0.13810846934946042,0.08508336970516847,0.30258067006392064,0.010168127305447751,12.120007298685298,5.675901780493756,25.140328931885612,0.014896506139694295,120.18890687065544,38.56429487973324,627.2413915484474,54.33974044501072,0.05981681346765114,0.014943269504089885,0.08137565214146951,0.029078244708813365,0.047478202976172515,0.0350257933767451,0.0350257933767451,0.049604527824192585,72.43902109228591,576.6439305836462,327.76277245746303,0.20024347218509872,0.5302889053822669,0.020548547282369517
2025-05-26,0.04865348181126852,0.030443196862503342,0.14119404949230027,0.08278107910582427,0.28524921313009294,0.009924971388815007,12.130975136152896,6.004404284657871,24.949473075724526,0.015322263727982439,122.44856851056218,45.002697161177416,697.8054151019982,59.490437725440266,0.06265823642806122,0.014932725949201107,0.07791592929795081,0.03018488973194916,0.048342329106492554,0.032719756907071046,0.032719756907071046,0.05208589019208523,78.93526129160998,619.0311078205086,371.8979252056583,0.20366769851548844,0.5381277101745391,0.02070021265230618
2025-05-27,0.04780831924198061,0.029312229073256035,0.15386978793655326,0.07845430344940449,0.2800739922733909,0.009988098968501596,12.009586815238912,5.727246189726989,25.6249499801106,0.016010186419847475,147.8356644305873,50.02614132908949,786.6056777338512,70.01085772468495,0.05961389723983987,0.0147347548367995,0.07688966848171519,0.028980034341110184,0.047489474615965796,0.034098225046404265,0.034098225046404265,0.0493101065846878,90.81561007783515,677.007745316876,393.36328648534464,0.20538562348407274,0.5580017120905966,0.0196076615030852
2025-05-28,0.05002155456845845,0.02865355083859516,0.15950205374328222,0.07892991146952329,0.2710435559635312,0.010021523219302221,11.485432554801994,5.925646626770722,25.981395150188174,0.015876682281367804,144.82890483414647,49.75912755574662,791.5488018710624,62.67983231190092,0.06017471251706866,0.014294310858806378,0.0778541898624104,0.029833277382565235,0.05226697250846586,0.034684841432494715,0.034684841432494715,0.051769594512414446,87.57004483845243,692.8691974772839,418.62032066355835,0.20310390430541914,0.5376511295112832,0.02043299994908005
2025-05-29,0.05008692800910075,0.030055930169028466,0.1635841654195316,0.07933772518934155,0.27269469782866557,0.009897858528496792,11.73081107944351,5.845588551414705,25.060024867327975,0.015075085757608969,143.81407141889446,45.28413802815523,654.8976746115061,60.054322845297115,0.060146066438995886,0.014937881972845858,0.08207278092168911,0.030334368481841522,0.04963218448768453,0.03602975968937925,0.03602975968937925,0.04809490793347877,88.11174408205918,723.12935106959,457.11255765500266,0.20369475210451482,0.5417733470704968,0.02020403969778837
2025-05-30,0.050490469115814146,0.02985281270821201,0.15723826349258782,0.08128559263074621,0.2810918765131713,0.010044567200212958,11.815537935071585,5.917077729372895,24.450099361677196,0.015295464717207342,131.81189311818525,42.69096373987748,671.0583196731066,55.87199882496136,0.05971180944246833,0.015628523079324084,0.08218428731136658,0.03054300566387734,0.050038996457890145,0.03358241464249689,0.03358241464249689,0.04975113850433866,81.74149905248505,664.150549352609,375.92171585080825,0.2034329257832459,0.553875355732602,0.019788848447714225
2025-05-31,0.050633818446456084,0.030483157667939742,0.15139993915916536,0.07753282417662904,0.2811881256661024,0.01013905453740434,11.837174702367324,5.8652340303817745,25.001722411005556,0.015496452373593502,122.6231991506086,42.17051285613349,585.769324226566,48.85813804639292,0.056826856165498804,0.01568882439266074,0.07915896186054176,0.030774438531449868,0.04965518069850072,0.03320915883540457,0.03320915883540457,0.051989168104136445,74.83782603664038,595.9237336850671,359.7403575078531,0.20290162633725248,0.5495418177135238,0.01936482732428446
2025-06-01,0.05071549176463844,0.030776875061424395,0.15589265091252222,0.07859210078634986,0.2862920658472915,0.01007678547134754,11.218841065294747,5.92600254192457,24.31512761460388,0.014248208992056038,132.45287656655134,40.55309074488812,604.7490665270789,52.402397937100794,0.058290982093043,0.014865536079622665,0.0797461685708493,0.03129539908229474,0.047950587145736245,0.03393146762868276,0.03393146762868276,0.049847670539710294,73.49154469150643,585.9545331471481,365.18306003569285,0.19978062887084722,0.5374678610678486,0.018810079996614774
2025-06-02,0.04852100392589423,0.05397337925227809,0.15404878443007403,0.08240739639084847,0.27450333613043093,0.01009182767497501,12.035809065201192,6.163261919539824,24.665234285892545,0.01454628813329701,146.25380119557585,50.25894921011364,730.3389294631794,71.95753200637962,0.05782364665666488,0.014413964329192041,0.08007033563704852,0.031054083956641294,0.04623942901814951,0.03347920004420322,0.03347920004420322,0.049932935620797966,94.31313375177518,689.248683435185,446.0422201929348,0.19442690544258437,0.5332687739413849,0.019955854564755012
2025-06-03,0.048761371248883245,0.05376809583039668,0.15223794078606004,0.08026303095748266,0.26737427278909665,0.010194033034190043,11.860635098394075,6.201430729605164,24.77411259781876,0.014473175386380726,152.53413715449827,51.314333001524396,729.0485295457156,74.77408759860307,0.05850084016921133,0.015747301135622834,0.07942738965776668,0.03063007777939462,0.04822600055642242,0.03401317920150191,0.03401317920150191,0.050540530607746804,96.79291888329068,727.9450079039399,440.5647744956677,0.20978406225466362,0.5660973826006481,0.01888086244291219
2025-06-04,0.047817400282152124,0.05391476317789802,0.14610558073847604,0.0842377363035193,0.2735504495978257,0.0098140665123369,12.151004106621194,6.3373915002980645,23.47778809287844,0.014807282593244566,152.69523383089623,52.18928084068179,699.438426965058,66.75912441531626,0.05881389794573443,0.01563012427882789,0.07756818134621395,0.030959359270928785,0.05029246236589857,0.0338868103531581,0.0338868103531581,0.04919101143821391,97.18527861704855,675.5075601159318,396.5111739858598,0.2102527235340903,0.5561131993085937,0.020156405598924926
2025-06-05,0.05194816598926847,0.053919125903264274,0.15294205665015717,0.08045985620355714,0.2784344139681433,0.010397163053752375,11.834151986248456,6.118870656219949,25.578782983606114,0.015335512742677486,144.2246851404409,54.49898300769099,848.1354647132836,62.43690010182267,0.059658430520397265,0.015462593287111267,0.07957413195810013,0.028933578491748366,0.04904161346558574,0.03411495770263926,0.03411495770263926,0.05057124809800654,90.04552141277622,650.3681305291035,405.30592214136965,0.19125117778947004,0.5733688328091657,0.02039129188082057
2025-06-06,0.04975083615452852,0.054120799377786216,0.1583365099787505,0.08263976870651077,0.2923296674788579,0.01007011877579432,12.560555496907124,5.6887784890907,24.554035640478475,0.015224733089200802,147.2506853045339,46.12947385052001,749.6166366925205,61.627336422238244,0.06276878374398678,0.015503314383776353,0.08075659445541071,0.03033339390230996,0.04855276575423371,0.033548026161156166,0.033548026161156166,0.05000993972202507,85.10480089362922,641.7710323626914,381.34080440192815,0.2024189173554914,0.5733392356499246,0.020088290899041225
2025-06-07,0.05153784859851934,0.05188394412613672,0.15620151156725232,0.07931116007369321,0.28797136434314524,0.009768086289509146,12.593527090341592,6.192164628968306,24.404418947837797,0.015013005807689784,115.60884963423419,39.22051197554874,595.5262054042688,58.92244673759583,0.0598478475391811,0.015255073843695902,0.0819342530852388,0.030993285671485165,0.04908906855817849,0.03431284405350728,0.03431284405350728,0.05188526034070872,80.3315031690835,666.234826412497,372.2355250421628,0.19763212939837352,0.5811830987365947,0.018821075009889613
2025-06-08,0.047609098995348216,0.05343879883960886,0.1464349447061911,0.07925447224198798,0.2772847803288217,0.00960450973019022,12.463419409203237,5.727024637619542,25.33999678580851,0.014625929474693416,120.74730084368284,43.39271112477487,651.0279069956329,56.094542428244566,0.05715949789480176,0.015315894331328225,0.08156014299258699,0.029719507570068814,0.049390654848290826,0.033913415228017205,0.033913415228017205,0.050653393319303255,76.97341956396481,687.2075771747383,367.58466362393267,0.19990169953217074,0.5759234810676692,0.020975828537077832
2025-06-09,0.04984112728782744,0.05631420735754583,0.15260409796195118,0.08097957122639489,0.27919729954160183,0.010540102022667036,12.10676335794353,5.998048998293442,26.523249298710777,0.014345851100150218,151.65273496443874,49.61238818071119,751.5432390067995,64.65971946284891,0.05679238760394579,0.01540500995214091,0.07929770548769907,0.029603054087741432,0.049497396157408,0.03360188295930949,0.03360188295930949,0.05077259491869081,82.04943005850274,693.1525517543391,421.09185930902163,0.19156750967531078,0.5668262955365402,0.02020878226480167
2025-06-10,0.048936247866176306,0.05495880689047196,0.15170186724084936,0.08264229715172638,0.28018356133945055,0.009933042492352629,13.007666161204835,6.049818147876882,26.007897253055855,0.01528964895508645,150.21180355050691,44.81233277205167,721.0240316835881,65.54362281838621,0.061152587884285334,0.014917800839550792,0.08085459093882073,0.02994202179548141,0.051667433717843374,0.03431686451101099,0.03431686451101099,0.05082989601961072,87.98451316343336,751.3215466492015,440.9607101699305,0.20361104531790586,0.5487352021104002,0.020767354697091164
2025-06-11,0.050567785841924534,0.05633090538086409,0.1490506603046477,0.0794032533005371,0.29737121748344336,0.009821351576412465,12.287290953004213,6.113458781553465,26.06352778484479,0.014524170696773716,135.91237652698962,47.920088439134815,847.7956147999677,65.02389048681917,0.059289135327569714,0.014962805655679375,0.08040778413351504,0.029267473431395973,0.05131534740160329,0.035054418549959825,0.035054418549959825,0.053115863343247874,92.08781834948483,722.9717249351307,457.20568705403315,0.20549357969593915,0.5444441554632702,0.020634966884496637
2025-06-12,0.048778460462398504,0.054444758005464736,0.1468563251803876,0.08147700236787327,0.28450719595344465,0.009864894329491097,12.730401641653325,6.153119977115173,25.968201016359476,0.015740436836083564,130.529121238607,42.52216602765517,790.8942567330275,66.91814067753407,0.05979160397979206,0.014462188380194654,0.07799318083712431,0.028644317814836506,0.05303270903681298,0.03528708664252798,0.03528708664252798,0.050742844310287805,91.19731081696828,705.8027955027261,428.139987157821,0.20067204116814663,0.5483617771852209,0.02022805291498647
2025-06-13,0.04915577311908674,0.05402651240296304,0.146440418100261,0.08180412096931047,0.2903207925485873,0.009624028443156756,12.998857555491686,6.238542515686616,25.787570878900052,0.01605092113788418,124.98740364704241,42.44806735357494,774.4878690571202,64.01666241634176,0.06305134428866611,0.015313289464006154,0.08110260427141502,0.029725261455409595,0.052040136283245636,0.035935128449755736,0.035935128449755736,0.05208536790127996,97.41295714611532,643.631123201847,425.2809187276304,0.21789840836837193,0.5368532584599027,0.019695180794577497
2025-06-14,0.05078474078725718,0.052896424251093296,0.14623793433694876,0.08284878562061232,0.2742300457835171,0.010200753650929909,12.888962183564816,6.157035919624813,24.743734901829033,0.014262872635312656,115.1000312803967,40.14078575667233,677.185616990185,59.037147427215864,0.06300164798838295,0.015297305223050594,0.0794861885572512,0.02981488578741297,0.04886360002784749,0.035323269667483316,0.035323269667483316,0.049265022936378605,89.96698724490038,700.9569939188863,347.5377171760815,0.21765404189460746,0.5518717304866896,0.020235522696391856
2025-06-15,0.05156014915596821,0.053588543749787,0.1462980215591017,0.08388645678402412,0.26198998685579167,0.010542536003025245,12.96928603118297,6.052960475441022,24.22834332702849,0.015544558039543414,145.01341100505513,42.20912348873086,631.1492473168628,61.70765513844011,0.06095104747261594,0.01557431070168065,0.07703888037796111,0.02954900045051507,0.05007631725899819,0.03547684182200972,0.03547684182200972,0.04899303871744042,89.23032330072863,644.9943449164841,382.47030059868155,0.21133268669039623,0.5460595162497893,0.01958386349562398
2025-06-16,0.05022594676545941,0.05299281576109201,0.14997541064230113,0.07879600884215025,0.2634998338629498,0.010138913105141908,12.112542351056849,6.225821914853565,23.171978339159153,0.01606053112077395,161.5212293097929,53.69249908843842,675.8985236673386,68.76963489427139,0.06284503321210184,0.015856869511130578,0.07608678507706125,0.02977438916235097,0.049417958241110393,0.03653198209211799,0.03653198209211799,0.04862721872199356,100.5084718242504,680.6575379571022,432.48981874593886,0.2045395702203855,0.5398286205942955,0.019788619962071298
2025-06-17,0.050048872179347975,0.05312867190033024,0.14273923331000876,0.07811280820770616,0.2865194174541035,0.010360820214636348,12.185198490466876,6.089121565666946,24.231986387867323,0.015515639837696528,160.7967738574297,59.13589276024249,743.1569981605365,66.44094592773396,0.06360967433676779,0.01480456857761037,0.07741872839347226,0.031189104581698702,0.04916276616444342,0.03529296594867889,0.03529296594867889,0.048378325740140296,106.98928019601549,702.2939076288296,449.2599530529302,0.19962924571541846,0.5394074131641033,0.020269113041498005
2025-06-18,0.0498939083067271,0.05248823462505161,0.15332069630361747,0.07798746896035001,0.28310281912652063,0.009951795045926652,11.85241452970385,6.074978305800705,25.227583944817205,0.01559546828563792,150.57937653642185,54.398507372272576,825.3621808568068,68.33815436078142,0.06084803944409134,0.015412561932691119,0.07833447983251335,0.030430706969043247,0.04909157652850463,0.035437741578102755,0.035437741578102755,0.04933526942147718,105.80661407090729,706.1534459201298,408.5671826623831,0.1977772755354977,0.5448271974297385,0.020697389765040094
2025-06-19,0.04834333798442683,0.05139748868585589,0.14738724550284407,0.08437671182182849,0.28604164865912657,0.01004324017646244,12.537092135304125,6.01829065973943,25.159918652567892,0.014656661265597363,128.09568780031645,44.177087711883026,645.5839313730208,56.811641718903914,0.059072993546127855,0.014989700497995797,0.07934536554396374,0.029148457721878983,0.049058865596495804,0.03564103033788419,0.03564103033788419,0.051965386313146816,81.54712022753844,649.1850326561656,347.36572485768323,0.20769830909358517,0.5528898026722161,0.02068413268136978
2025-06-20,0.053074162125666374,0.05232529729797579,0.15031016074665804,0.07645498219032133,0.2791320779864641,0.009698722542941239,11.755148501592206,5.644451657696676,24.88796011857102,0.014874382321698815,143.98435548796192,49.788517706657814,726.383996444183,60.774020774466095,0.057304703039948564,0.014974481416756157,0.07862282644510357,0.02929027286948463,0.049610064209430184,0.03413456038626458,0.03413456038626458,0.0499004117334549,89.42003442916531,719.8842259379492,427.64681210836727,0.19680533339492304,0.5432479975704445,0.01960690526566116
2025-06-21,0.05313864227921594,0.05413307585264798,0.1507354437988661,0.07662539777531018,0.27473276878891995,0.009253736140140073,12.259748564817015,5.8020455766278305,25.969760356145887,0.014656050393956085,131.19050491570815,40.08095946711044,691.4439951699622,53.514913823951495,0.05907757047075326,0.01522074068886609,0.0794077368675537,0.029078675017687666,0.052215040493508495,0.03559859870725981,0.03559859870725981,0.04999549992412775,86.8128914638323,658.554082843519,369.6905699412408,0.1955902838823097,0.5028328528532455,0.020246132237619167
2025-06-22,0.05131836636262867,0.05515912649047603,0.1572878077575574,0.07897359843623716,0.2888938795566869,0.009562321256394925,11.925020644600526,5.968146628147073,26.07427189925983,0.014758924987349127,130.5250814132465,40.38739983733498,663.2844087794427,55.526363920297584,0.056762238426894075,0.014565841013583809,0.08154787342229604,0.02899270130064027,0.04914561642002305,0.0361723547940278,0.0361723547940278,0.04843626130025984,89.08838061564958,645.8037714567685,376.60347664866214,0.20477038225755853,0.5397903497660874,0.019513290682101173
2025-06-23,0.050528250071607675,0.05593099387418006,0.1467141906783121,0.07825946059869628,0.2756563687212421,0.009575352028125919,11.8343235013705,5.886499700495598,24.68288750991858,0.015219692250798247,165.99852965635498,45.76413270750584,761.6453131312098,66.3541182401232,0.06117097411852609,0.015067247197224925,0.07738117993917143,0.028192049564884244,0.0487490912708756,0.03396550017317111,0.03396550017317111,0.05238436726990012,91.36474871146504,858.2307377329325,495.998199884902,0.20615956953231387,0.5560764352903209,0.020218309457177473
2025-06-24,0.049670082267439616,0.053589498388904436,0.1479789984730019,0.08288934922888322,0.2732372891930428,0.010219778612288536,12.042987054670636,5.835752058155693,24.613560858089915,0.014920779662621972,165.87505941184264,52.86397183655551,724.9296412735553,78.03380112072037,0.06147789909244531,0.014836373576672848,0.07825172438569589,0.02942463017135572,0.04992416507930079,0.03507391127880729,0.03507391127880729,0.052053994938335506,99.70828478195214,805.7005857570513,454.60224138067593,0.1973899925421026,0.5289654087303081,0.020340391821280997
2025-06-25,0.04910285160527503,0.05045757454736403,0.1506767721912325,0.08366780783527579,0.2738383988236972,0.010142179079565836,12.183375742625053,5.7903086350952,25.7178926055366,0.015344882837909135,163.85201969261092,56.59652361926933,786.7700744540756,75.406473288677,0.06157684247463301,0.014640250614934404,0.0805006529374022,0.02992506988807604,0.05140235226225773,0.03487774142301036,0.03487774142301036,0.050695578062624064,106.26963892112987,755.3379014253409,488.0060987867833,0.19786505364737497,0.5616202285209296,0.02006828998199418
2025-06-26,0.05100499216521125,0.05309809000065479,0.14752011537865514,0.08633620942457419,0.2682179959614823,0.009973545295604277,12.34638854991191,5.826787709394779,24.7659099913281,0.015081990732620251,166.72855494679712,50.1358926671629,745.7400267959365,67.55269977026242,0.06156156381012992,0.015695934031498028,0.07898354282622924,0.028825068341533814,0.04973140156708979,0.03496356349626343,0.03496356349626343,0.05074555104662204,105.1201059280159,778.886645368477,451.3504151572222,0.20021863567690035,0.5494807400180518,0.019414957239750077
2025-06-27,0.05198783638492335,0.05374625269271996,0.15406059992025123,0.0797305081392575,0.2715990721733646,0.01040322029743965,11.84528529588015,6.089280003431965,24.196139069100738,0.015063914052852317,155.8835200830983,48.96893952504956,691.2890363881241,61.60685909431134,0.06195808143707174,0.015257772375795385,0.08209628218917782,0.030214109734844306,0.05154710344600532,0.03543605334776334,0.03543605334776334,0.05025153683908369,101.17441672689331,768.9736471179149,428.9988259862412,0.19737155325922884,0.5436911946104221,0.020207099826236644
2025-06-28,0.05220910135521312,0.05625503281795339,0.15358827264256833,0.0782220104116491,0.2696407921287875,0.009907132415426033,11.726159796863445,6.098171780077124,24.29123137118485,0.015439982571002625,132.78732540723342,49.622378418019,626.4292210402439,56.65337432558934,0.06167930547378627,0.015510553047822858,0.0845632016011807,0.030330419347348363,0.05015665471181785,0.03432161371221189,0.03432161371221189,0.04765884107450731,88.87560084231131,644.8529684501228,451.5203945736029,0.19241290291360735,0.5388524520103686,0.020242196582126126
2025-06-29,0.049857563392328226,0.05674173705791934,0.1493991809483626,0.0830390044359426,0.28167978542375216,0.009420675071692445,11.638323608712124,6.0998216542358055,25.277990839461996,0.014931002951310956,142.9725743729357,41.3305364043089,609.5645555013015,58.13873119459408,0.060735454591079784,0.015922991623481368,0.07960791054044722,0.030984430823008773,0.05117633775135499,0.03688136682344868,0.03688136682344868,0.04880104024853595,89.3826964758789,661.9184678246206,397.442946593184,0.19126042149499523,0.5532971817774335,0.020880579127654553
2025-06-30,0.04952703817404317,0.05451638766026549,0.14896221697108225,0.08205720478087146,0.27544470606463606,0.009961166655006928,11.5420032827755,5.601556564565726,25.409263062662824,0.015396045343097122,155.68353934442771,51.52658694658085,821.164301996398,69.09529716933349,0.05991385584972058,0.015298746803254926,0.08060592628256857,0.0290197780711461,0.04939974227991864,0.03567951748564306,0.03567951748564306,0.04864832060417658,110.28470928327356,791.1289078249051,504.8602773675653,0.19659905557680935,0.5406324937544527,0.02031782702194105
2025-07-01,0.04905688746219526,0.03156136342600021,0.15183128652303832,0.0816739886389143,0.2944720239213912,0.01006387789355296,12.125784480326793,6.122019041879167,25.327611899895892,0.014350535329221167,167.6993151291406,53.95537969412907,787.1663592859395,70.88799770214594,0.05918123341577968,0.014906216467159134,0.0797198207374277,0.028952775716583373,0.05202137250344613,0.0367847059254482,0.0367847059254482,0.05087642245796325,104.00056329079506,776.7970013484653,560.3741602091068,0.20282208642991795,0.5657418913749798,0.019442617005478908
2025-07-02,0.05174261542491693,0.03103447805287166,0.15228180388316248,0.08187201408308635,0.303485447352364,0.010032961544365558,11.599399102928418,6.025901570452898,25.91163773606466,0.014911643409979103,168.05000312038277,47.393999033526605,821.2027872810801,70.66820152863814,0.06038043893697915,0.015256128165697566,0.08163993567861773,0.029816493034164136,0.050437871367695654,0.03433045752427852,0.03433045752427852,0.04966357283332207,101.0587336556915,775.8987836528926,513.2222831183814,0.2022058546825628,0.5641226361412883,0.01972394529321204
2025-07-03,0.05226380573404249,0.03019055281309404,0.1483068111753165,0.07820001153609653,0.29313116193827177,0.01021191568010678,11.932219796408807,6.091630127424166,25.081686648826324,0.015862392159386864,154.67969235413653,50.552511043510734,770.4164303513096,64.43086997407634,0.06041539967112017,0.015075202154468859,0.0810602031464371,0.029880945155186075,0.049570812089396676,0.03392368866675203,0.03392368866675203,0.05007250536008184,104.9780786379426,773.2955397970217,494.3273150822999,0.20091996467588225,0.5808830548453864,0.01991271481793005
2025-07-04,0.0511130401044722,0.02997222875055395,0.15233664321948756,0.08100100221168768,0.287590409353999,0.009681219595127693,12.1959874808886,6.165966320703815,25.090648943248144,0.01563420763610679,125.06066343736208,42.001346956105614,654.1760666874102,52.055152941156656,0.06001844367340321,0.015690277437353337,0.08233249759450734,0.031016183533116217,0.05202233756741819,0.03408646921165561,0.03408646921165561,0.04908707785102034,83.58622757766688,612.5306058121432,389.1625926990513,0.198102785312141,0.5488431244996399,0.020424547720044067
2025-07-05,0.05258797800258397,0.030303351610133936,0.15587643477694454,0.07989871779820536,0.2826893694912546,0.0093311316027893,11.903477539344403,5.723909649086332,25.145097663023776,0.014521898769508301,132.92159755517017,43.46543616457005,774.6760892125953,53.82073585652503,0.05958047250539583,0.014828497473658057,0.08287641957648732,0.031723712392780504,0.05081429219832531,0.03368503074103364,0.03368503074103364,0.051853365904201566,88.35158880436882,674.5859099189441,444.5645155672365,0.21202559242647806,0.5274872878820508,0.020655222000547886
2025-07-06,0.05176569257853634,0.03046414738991129,0.15759827053667388,0.07900743212811222,0.27037128410971567,0.009598977259790609,11.952661772643866,6.012985761769819,24.66972319929345,0.014750117030411729,137.44153790980823,42.22940547889844,668.6803256267303,56.74493883063743,0.06113207504248057,0.015010935150559158,0.08219727741774868,0.030794983242096206,0.051866987913006285,0.03471510668337084,0.03471510668337084,0.04846123162138223,95.34358569203086,636.4230004893025,409.31415382445016,0.20305368420308245,0.5816624675039336,0.020373685798892583
2025-07-07,0.05130105878397795,0.03127899105810902,0.15497381105373095,0.07978290205269868,0.27520904709585614,0.009844004070571193,12.205011091869494,5.91899372527145,24.422092820704712,0.01445872988290199,168.7795468671736,58.590424315756565,783.4370474808336,68.58699486228518,0.0606662543293272,0.014720382189025404,0.07891413420504488,0.030759083603002117,0.05222782273242334,0.03397320174366691,0.03397320174366691,0.05093932172051682,105.47087145902191,784.8389926728727,489.92513956048236,0.19661349052337887,0.5524399396723624,0.020021070735807892
2025-07-08,0.05245663568018205,0.028692251827048456,0.1429150476272126,0.08541088336135029,0.2645240702004663,0.01042093514865526,12.683053525935158,5.759288672843804,24.479071591247443,0.015322545659554584,167.42076316341954,52.40193691912361,797.7039970816722,74.7638633472637,0.058524106474711256,0.015545536842535814,0.08010116355592996,0.031184523663793776,0.04772213064077232,0.03455008347037511,0.03455008347037511,0.050107109328205536,111.34172072810402,837.2145644267475,491.47820727079403,0.20610719984922482,0.5649122471029551,0.02019225083364655
2025-07-09,0.05490391079802827,0.029913092715239446,0.14685271915810208,0.08329981995676701,0.27104498901168056,0.010413542227048898,12.126323901790176,5.623612832741887,25.046164704077924,0.015334999129304047,173.97579092942166,47.718533262684076,823.8179664574706,80.23104604402359,0.05929919487471017,0.014886934186881001,0.08235833569147787,0.031599729550205374,0.04832363946268013,0.034812660234622254,0.034812660234622254,0.05280342680239461,105.00282097191847,870.4073561731392,493.5843064420449,0.20427107426696234,0.577377762201979,0.020019877328198484
2025-07-10,0.051548149589808405,0.030674404163836582,0.1475034212903369,0.08153408942963637,0.2695098985167983,0.010257753490393968,12.221890202648266,5.664375278581637,25.59515041172473,0.015909322679438433,159.41017765443272,51.08138988026638,695.9215327221449,69.63535938511527,0.0571898448211944,0.014485130822004557,0.08054987271864436,0.03212544081031882,0.0493959962991925,0.034590477918825614,0.034590477918825614,0.0523615998916513,95.35123040453566,868.5814863021851,506.5635114633499,0.20500306282729294,0.581444496217226,0.019939114237968913
2025-07-11,0.04888256996517066,0.028971540975929126,0.1511425501322118,0.08081074570158381,0.2686827774947724,0.010427349525254575,12.325208004717268,5.813187175629368,26.446531733561397,0.014619793411332248,144.42461467424357,48.75766295691902,723.4826987729284,70.25004457528792,0.059829981519079416,0.01462090080416658,0.08571645944384765,0.030774630944238823,0.048693434724439155,0.03574517111163219,0.03574517111163219,0.05342797701306327,97.06825621193458,764.4921713969488,456.6039617918749,0.20399872606974478,0.5771018101243024,0.019210278148398385
2025-07-12,0.0490644195209079,0.029383775979926707,0.15165543656175764,0.07681390619880778,0.2721551795336968,0.010349512526149737,11.853408733015794,5.855744949739948,24.882750503678288,0.015729076797135172,144.15893451615858,39.44401666791972,686.1236630023886,63.84744355086846,0.06464222017640148,0.015005608142024836,0.0845223203318413,0.029063051600246793,0.049151067884185794,0.0347048831148126,0.0347048831148126,0.05423559621697557,91.0794164076258,653.9249813480062,416.44607096248205,0.2066224756571153,0.5489781788845075,0.01962986361343511
2025-07-13,0.05060510165174238,0.030307874654237815,0.15020974305952128,0.07751280387782095,0.27597615519197427,0.010502564703447435,11.88375100448485,6.1672229592354455,24.525470271321883,0.015104881752209356,132.40176947421693,43.99842833095193,685.5421446290328,65.41329769516226,0.06001302221220198,0.014583193403439219,0.0801074036218685,0.028779595653248346,0.04890449183419867,0.034422288037382974,0.034422288037382974,0.05079216028207402,95.87050467977745,613.6659976547882,417.2828232172142,0.20768619299545688,0.5795299295075901,0.020382392381662427
2025-07-14,0.052431874385577275,0.030369162257713005,0.14861463415753334,0.08058813941948717,0.2758702514108926,0.010057515845383535,11.798551882123308,5.92668984707328,24.98679077867181,0.015211005830441559,155.1889616933259,58.3372351124298,713.9316603732717,71.51803603501432,0.06196943663009677,0.015140569295617518,0.07671818149349291,0.02904789968290365,0.04966368894379067,0.03544487082551567,0.03544487082551567,0.0501251716234056,100.97229856472777,741.1098876551528,504.98158449070917,0.20604555057528115,0.5712018429453318,0.021045820475204643
2025-07-15,0.050727047196008984,0.028778738125761205,0.14756077987014002,0.08367712910948068,0.27872176893231465,0.009802957230894364,11.934845746511645,5.9096742470203285,24.283274954920532,0.015483976575310757,176.54961652210363,52.3411907369236,892.6341163204793,71.35806161880583,0.06266264110148398,0.015355798818176633,0.07687586984320863,0.029670094149604184,0.05025581097337718,0.03564454709431811,0.03564454709431811,0.04894815209837288,107.03866775046055,761.8546978946788,478.6966584364113,0.19650610727588622,0.5680261304431056,0.019983169170116798
2025-07-16,0.04829874986905208,0.029743347672117417,0.15024778460239188,0.07851756248053271,0.28211396637795516,0.010266229805475088,12.1039892227591,6.153460214471455,25.193429112865136,0.015244771599862332,170.35703123097738,56.32179256001665,862.9701510364627,67.84555894804528,0.06172497743330902,0.015233936105803796,0.07397029568834666,0.02959160169942024,0.049853125127793115,0.03619696099332334,0.03619696099332334,0.050440873209122106,108.47276750882011,795.3593490344525,468.2538322439513,0.2058462127918352,0.5736691397559107,0.021568543638373416
2025-07-17,0.04836503408203972,0.030745299774116608,0.15054458436380072,0.07969361200732157,0.2950154209597446,0.010041089720254729,11.604392219172837,6.045521354353205,25.184720374531068,0.015538051551872871,166.54271069725235,52.12216400787466,750.898172219922,77.70231198344958,0.058556502989244766,0.01455099822489823,0.07767418076589676,0.03018325909950287,0.04926794433557283,0.03427525200167897,0.03427525200167897,0.05237505276143274,97.49598049777187,747.5886318437051,460.03318231409577,0.19947439148088633,0.5594449882427687,0.020133028770294034
2025-07-18,0.049960072013227406,0.030771190555918444,0.14542262761643415,0.0797151600902064,0.2813160032510943,0.010444036086815867,12.071769076476361,6.313429745644823,23.63834012975467,0.014997880292806454,156.4517103450558,47.17626557974413,765.6755295707333,73.38876468627755,0.06023535418914319,0.014540040751906758,0.07749462199983397,0.030375004659513434,0.051393246743094326,0.03485871535331714,0.03485871535331714,0.0495274654422856,89.18176659856594,776.355363356662,444.6094952369439,0.1989071031264916,0.5704614361589098,0.01999309524351264
2025-07-19,0.05052110812894897,0.02993947420889953,0.15780956322835415,0.07948138179789392,0.29163750729746213,0.010023468034861717,12.44294305533823,6.421344059104738,24.135545855680583,0.014900895676629729,152.580853939747,45.17338284616714,639.9114235791398,68.21931597375648,0.05851515081035181,0.014406672589466941,0.07984768156192647,0.031057651745182605,0.04775969603210745,0.034970130500333596,0.034970130500333596,0.04979676316018797,83.77871905168264,808.7717099783033,431.9162202438788,0.2025552659514827,0.5646388042581263,0.01916072502927162
2025-07-20,0.04693457806419019,0.03000145012888193,0.1526694051015806,0.07681462346326642,0.292399923653583,0.010157518179522127,12.579982968786595,6.026773980503608,24.37655777668439,0.015468706335815924,144.70615805476632,46.38415669337787,636.4438879256049,57.520124886607256,0.05758062597926208,0.014661122150860207,0.07624786732212102,0.02988334289993192,0.049899895321091056,0.034252483355305834,0.034252483355305834,0.04940781014313776,84.610536760759,752.1588808293776,403.38751011141915,0.20288809286106335,0.5297992594693685,0.01997941966761329
2025-07-21,0.04756132647091493,0.030796295970428964,0.15214357456243974,0.07719960159122807,0.2734913643829273,0.010283190640737312,12.061864705725865,6.142336834112107,23.322559304259908,0.014800205398592784,182.4570514059333,53.36547582466755,828.3633838903123,77.21585730269562,0.05968583527167695,0.014860033605120152,0.07694461713876315,0.031084782422991415,0.049052328628107565,0.03555596404744596,0.03555596404744596,0.04812643616787937,96.1171646083658,967.3359530688358,465.62251570344216,0.19912914279283989,0.5480070150074496,0.021094522244991906
2025-07-22,0.048437619007418456,0.031017803781670444,0.14694372402790232,0.07619313229233056,0.27327277398030764,0.009988568846622572,12.250463765397306,6.436545032081672,25.45629849590645,0.014941032301049824,189.99982127425505,54.89360279968653,970.4359904663157,77.87568481641713,0.059253290997308874,0.014716843959552984,0.08103797005037679,0.0302015686661333,0.048088362713958485,0.03478726184156409,0.03478726184156409,0.04935324147036857,114.19568562146931,887.2435047085174,470.485641965892,0.2011335007527232,0.5353121979457632,0.02035376993601964
2025-07-23,0.04710630088762915,0.030630467576408242,0.14548206085499124,0.07454329065986387,0.28160869423498663,0.010054039756266253,11.594953240708863,6.09871881989939,24.96386428108536,0.015388746080858015,170.8484866306592,54.54613724258573,829.2214498120297,74.47327264090589,0.06005452806957876,0.01564512381459123,0.08100084710769462,0.028993385269717703,0.04902883926081272,0.03621352569607685,0.03621352569607685,0.04743779144980653,114.96480120757901,882.2929242595982,523.059611811305,0.2007560010963379,0.5365465099109341,0.019037562900044967
2025-07-24,0.050390666662995326,0.030427530010517827,0.1440978061260832,0.07552230845810251,0.2787313437111191,0.009647663037998818,11.208681949025703,6.477981707254346,25.10803226172599,0.01503832311416096,170.71859839617588,53.217607539665806,839.0586310360331,71.00002472726882,0.05941792144377986,0.015286430613082666,0.07885905407138795,0.02988609644089681,0.04888245609077227,0.035615271356117036,0.035615271356117036,0.04928161340382268,116.0586050711594,809.7530189185285,496.84395727677366,0.20736891269486535,0.5265042700793554,0.020542746168232297
2025-07-25,0.05028278925630998,0.030348024229518145,0.14536995111350512,0.08116348431759814,0.2782357699877245,0.01034764704906725,11.89206336708407,6.372558441788374,23.761606243607087,0.01481351039620333,160.30683804350886,55.188333476274806,851.6989994792166,84.75481119762381,0.058814392888485716,0.015845966605410405,0.0790996041928234,0.030830186491288634,0.05158728042562277,0.035572951672245834,0.035572951672245834,0.046712530773910355,98.89966017451688,736.816012543921,470.5401040950001,0.19741417165099595,0.5427803336310625,0.019529904208705345
2025-07-26,0.05120200376328069,0.03208561704461011,0.14346100894048958,0.08016201128568529,0.2848639172073204,0.009888577550081597,11.988297046912402,5.916206636211786,23.85872275245216,0.014684974060583602,164.553990676355,46.1698280209362,722.3084336779272,72.05680773653935,0.059600470629199424,0.015382709718997871,0.07849877729547615,0.030020226738558878,0.05099754383292085,0.036117106417755875,0.036117106417755875,0.052543684608444864,95.31573128535736,728.2743051824865,451.51447824488594,0.1891674235995966,0.5667459661401713,0.02003157320143449
2025-07-27,0.05057152353545796,0.030134328969156035,0.14625032770054688,0.08060690881103043,0.2786666647067909,0.009951581172182538,11.51957324941582,6.081991967404173,24.906710451969065,0.014360751993724224,161.13780046831994,47.75220557897911,731.2692970505702,63.309611274857396,0.0582066563669861,0.015202185102912009,0.07885367049756829,0.03223402793232466,0.05131479566998131,0.03513217883526279,0.03513217883526279,0.05284634283470671,95.76774056837941,741.7291291451946,406.18861302728055,0.19840643949057313,0.5679963207955496,0.019229591730654617
2025-07-28,0.05031337753057639,0.02856753563922988,0.14792753916821852,0.08126129415571245,0.29015539468935525,0.009641191690496096,12.091274880840476,5.974827589978653,25.205766728707484,0.014897281025477192,194.83386542744518,56.783161972726894,891.8610708498443,73.73423113735267,0.059433119633970855,0.015079587972622373,0.0785219383207291,0.028342381978652326,0.047845744750749014,0.03474160421365733,0.03474160421365733,0.05289276510068722,113.80887989113755,840.8093613796214,498.75374211745634,0.19062098405356892,0.5565893724118239,0.021080695241780762
2025-07-29,0.04940899946904829,0.030327854966944824,0.1454272208835555,0.0834687729410869,0.2906868306503156,0.010085853454882714,11.982626694691096,5.922440523356041,25.602670667164322,0.014928285005608936,193.28099160193875,58.96689076387388,823.6800774739658,80.89361993155362,0.060301866888588976,0.015177486987851874,0.08097591536735804,0.02934707461708729,0.05171762119597774,0.035148953728418995,0.035148953728418995,0.053117757313946495,112.48020573078742,789.6250291627885,537.4247804671816,0.19433546426652554,0.5622218161927877,0.021005632110632177
2025-07-30,0.0493644041309467,0.031215335547774097,0.14996144356711763,0.08301491697555298,0.28209041580932315,0.010358061303550428,12.120657413883421,5.812993318063863,25.464249202936102,0.014953726478960903,178.92188865041962,52.312924675298746,761.2563294144164,79.19454426545391,0.057749372041237354,0.014424023623450515,0.08090104614496449,0.029477892120449427,0.04895968364738806,0.035886493277861864,0.035886493277861864,0.05353463967329861,118.99886640396254,824.723760635378,522.9263632301638,0.19973404871028055,0.5618767367160077,0.019983099854520493
2025-07-31,0.04936333052968794,0.031461467510836394,0.14734922077722615,0.08497105141545777,0.27119073865118054,0.010106819413762179,11.908677310116833,5.77408102555038,25.50065637254273,0.014751227923905008,174.07100238652694,53.90267790566958,788.2929534872421,78.23709103604997,0.05732735964427167,0.014631789546686005,0.08588374315533778,0.0293168535498909,0.051064868021863975,0.03300346427181091,0.03300346427181091,0.05173665316823703,103.41498185747942,776.3327039413473,509.9499755751166,0.19873788767161996,0.5677696498454682,0.020630436762273652
2025-08-01,0.049278275853456746,0.030930179048551516,0.14884922985522347,0.08151748489241323,0.28423176799946803,0.010037307851472504,12.093526051875873,5.936582078727516,25.023695214291862,0.014445474316188651,155.71837455445956,54.04673311179305,818.2250948427411,73.24495576948456,0.05817543726207433,0.014635276067232876,0.07874832922504515,0.0313366777005457,0.050196034539238765,0.03502980073981192,0.03502980073981192,0.050386968546051784,99.74806205188182,782.7898545309426,492.60535892894916,0.19447920343114045,0.5392115930858895,0.020672503102548957
2025-08-02,0.050739464779334977,0.029461770170045764,0.15449102901176068,0.08244460250224318,0.2883170400984127,0.010085279540793949,11.705933333332524,5.7074276283829235,25.372346521431265,0.014781670733601508,158.92885930740763,46.77621029341166,740.4331767226988,63.30842490842969,0.06004758983010275,0.014771210815655633,0.0781580011233763,0.03130328627410424,0.049872475678017156,0.03524010376524952,0.03524010376524952,0.05169457639739414,93.88029447010955,669.4722175785192,488.73066740820576,0.19092984097848417,0.5404025914135855,0.020173167020094824
2025-08-03,0.04883985918771331,0.029758559940335653,0.15408625896558167,0.08210781268919626,0.28275226634753303,0.00973702603160883,11.847808404891707,5.91121278387591,24.210949033279007,0.015137589211429318,152.2262366479817,43.01531923071487,677.8055939584202,56.968788535907294,0.05899010154986575,0.015136887925298399,0.08040214654232745,0.028454680652421745,0.04785491654305968,0.03489726712658973,0.03489726712658973,0.04899359232757397,89.10747313523103,743.2668161708814,459.59115520368465,0.19631281531961917,0.5561685782416467,0.02100223081611515
2025-08-04,0.04939699680805813,0.030205625591225527,0.15580198266807138,0.08014617445764097,0.2707012446846794,0.009708157056061968,12.196829454587286,5.998337273181653,23.838212588356683,0.01505198244910044,167.1585246103786,57.781325010281876,910.3815406890097,72.85177993746808,0.05889072198117732,0.014718792687372008,0.08408209688752605,0.02961278766711889,0.04939501748706127,0.03420458425809523,0.03420458425809523,0.050535510042794086,104.89733585509691,824.3258183934656,532.6096773855697,0.20998279956559418,0.5714117650629801,0.020601009376505188
2025-08-05,0.04919746367287509,0.03115089568294798,0.15320340497056179,0.07857979784332772,0.28551927704936414,0.009786982790111462,12.521699202398867,6.008229837426471,23.87833666790688,0.014876550272314588,174.6494002328347,63.50751217832868,910.7588979233577,87.86221366058484,0.058553457550610054,0.015219350069439213,0.08032062769267459,0.029591237643874772,0.050982877197983716,0.03331357525555161,0.03331357525555161,0.05123827631193162,118.13798727292293,879.5993433024322,608.3625090676422,0.20491690401270524,0.5453151023999258,0.019926714556387212
2025-08-06,0.05009294026846942,0.030686448427734277,0.15906810416969322,0.0788080751291383,0.2813941974512602,0.00991916702616264,11.980999652731015,6.011579783580105,24.81058545316878,0.01460139435237151,178.02444288246394,58.6002080118457,850.1161292170706,83.3633419719972,0.061385114764259424,0.015217142495217169,0.08076523973123204,0.028587877288933215,0.05001097663474435,0.03567149355137565,0.03567149355137565,0.0491171081516757,105.23429332284307,884.0051581753384,554.2746447348317,0.2057966214690457,0.5673425554796366,0.019600310663217088
2025-08-07,0.048831084843061215,0.03073007071007379,0.15948514700139324,0.07669863559010635,0.2821515439948944,0.009955647726461838,11.468218624757565,5.6239701495331165,24.41692319456212,0.014545130573383296,182.68461444353574,57.89658974189595,915.2762705501951,70.61847891075573,0.06301905496162778,0.014788800933056736,0.07941418165076082,0.02946119746766743,0.050258523770862366,0.034663251510683064,0.034663251510683064,0.04873029842676607,103.30986299694335,873.7425428984852,500.9621604381646,0.20142405713937067,0.5212889688237499,0.020406695024693836
2025-08-08,0.050783706143564235,0.030214920346839515,0.14872997190712545,0.08192651444990232,0.2804216882831478,0.009368014375934283,12.382521378887901,6.019702305694553,25.443662886465912,0.014593491615071041,182.98722937549212,55.9117023793668,866.513546312411,79.5916207143412,0.06011707683448887,0.015537125452580314,0.08184754249089753,0.030103167059582474,0.051746308924519126,0.03518298086996749,0.03518298086996749,0.050628611945611135,99.41251056819208,867.8644412804532,484.7322536261196,0.19878835291020192,0.5202758184622878,0.020843212857393493
2025-08-09,0.05087505739297441,0.0306884197657714,0.15315196718318214,0.08121878060993966,0.2659122025907217,0.0100499609134214,12.518732771056408,6.312897403091057,24.82500373977765,0.014783908882241376,157.58873866967252,47.770013132163534,772.7888162703762,68.89144348006275,0.05999313251872736,0.015181686922982735,0.08176621960208479,0.028759269467901843,0.050557323649356514,0.034273594082527,0.034273594082527,0.05154505499085317,100.41625551272602,806.3353005733449,468.8642785666738,0.18814458276660762,0.5387353028598489,0.019375846641209515
2025-08-10,0.050736223327617305,0.029886204673609407,0.15637027915094395,0.07997315571033196,0.27256104102462053,0.009770930837715578,11.902422256594921,6.1072649462617115,24.286358598656825,0.014502798166691208,162.2929602167059,44.84157006124377,651.9922945155865,64.9026932531435,0.06107245895227401,0.014941575995020238,0.07834881862537864,0.02911139635081458,0.050391072694955186,0.034386204835310234,0.034386204835310234,0.05102933926370436,99.52587656736704,727.5918706549464,459.32201192667947,0.19802576343206368,0.5463514008900332,0.020294324829978044
2025-08-11,0.05209090613385539,0.029719170495946117,0.15571995464342614,0.0794452422476009,0.2707700606002733,0.009469005393920937,12.312027674048515,5.909783075926558,24.762322094053363,0.015185728513606805,195.57478405716384,55.758018193889434,845.8341993330712,78.12092412603505,0.060775534486562886,0.014825366130659535,0.08077340915861525,0.029323574205054475,0.04803333537603061,0.034121545973728594,0.034121545973728594,0.050307078983840674,105.83271085885782,809.0077380521981,577.0043603968772,0.1963664173661749,0.5364775783366518,0.019289781509456098
2025-08-12,0.05391117596939518,0.030236365348767287,0.14881482948172747,0.07992818741051613,0.2687188669514366,0.009962407590519235,11.855912762387172,6.090842981312941,24.522871643466715,0.015947274136497883,187.33949039953106,61.9908611059555,874.8039370661629,78.7189287510581,0.059194000344382214,0.014915427462412222,0.07859668745260705,0.028194312824592213,0.04993287361694229,0.03445676191037913,0.03445676191037913,0.05135473640602052,120.97112677796052,759.9325800658149,509.59621596837053,0.20201357962032387,0.5431971630755432,0.01945669662957335
2025-08-13,0.05003911414888273,0.030256584480022518,0.14802762563051067,0.0839372924957639,0.27148251347656854,0.009832858510160754,12.059670744338804,5.863436706260036,25.324393511765063,0.016230379573387792,173.06587013434927,55.73014683384377,857.3861246757508,76.14966332406583,0.06137165022399782,0.014331859860252318,0.07857612421265456,0.029532214003539354,0.05187885953646049,0.035403117572554266,0.035403117572554266,0.05000048852743534,111.42878280969154,776.0145088000214,496.6916556410034,0.20304261416860447,0.5391322729998085,0.021153444396857363
2025-08-14,0.04977333844827247,0.029848722824211794,0.14563963257546925,0.08378224324152932,0.27551380044400714,0.010273545063102591,12.506422131863284,6.0072841499542236,26.3273504151401,0.01483033555382977,175.6644367833782,54.9755274532937,978.3230089897302,79.81585664835742,0.058792472226179116,0.013287944256937564,0.07753595441001776,0.027735266645784667,0.05093116995829808,0.03531970916984915,0.03531970916984915,0.0485348747614135,101.27097098744348,879.2464116599352,511.3268116355196,0.20920112516093675,0.5302405774635508,0.0202330107057377
2025-08-15,0.04855837529662047,0.02997787489896524,0.1515620434013009,0.08329750940507974,0.2725965897656738,0.010168570644454764,12.434877179638496,6.07618215402082,25.274576939721214,0.01453147370790976,170.80124413561967,56.60979956547327,917.3897114842455,81.81263702626003,0.05927429232634175,0.014703338983302713,0.08182606770289644,0.028943008648263182,0.05264562525096833,0.035545141845920336,0.035545141845920336,0.04627031460313094,95.58291457622012,788.9263699032484,492.98334582986075,0.18798716266686585,0.5473007001980303,0.02125742170203925
2025-08-16,0.04825728335307304,0.029839202850789583,0.14636050960888128,0.07307452414716775,0.27221236782000624,0.010203195367291544,12.514771968936454,6.0242852954700865,24.51705334786869,0.015223483460079096,148.06324601161822,48.98857666069164,822.2542624294333,65.81965356886491,0.05834054736785359,0.014738209510276512,0.08098407870362324,0.02908784504700105,0.05174091062568612,0.03578442055785413,0.03578442055785413,0.05204795543387001,101.85785242842601,766.9291617011136,451.4994086486567,0.19410077599201753,0.5575517529696112,0.019225498389563504
2025-08-17,0.049318877082555966,0.029647263036908334,0.15142721123705458,0.07672724844099534,0.28655947226984385,0.01040349582535079,11.870936056878147,6.139123611338162,24.35545389626673,0.015480457024057198,162.48150632353776,52.424356106335566,834.8871796438409,66.42431918668814,0.06137499110938274,0.015592354315887671,0.08590128641534545,0.030819840685664696,0.05113297767624017,0.0357998864128552,0.0357998864128552,0.05052827067074801,97.63588097155996,807.0747268600346,497.3888305359669,0.1995589780036867,0.5175577856554576,0.019219765860217685
2025-08-18,0.04989037515941214,0.03046587422926384,0.15420344114479068,0.07907434492339453,0.29193694037327717,0.010313406271176072,11.487869264272675,6.233902191532287,25.744638243726463,0.015038232099895688,194.4647916913096,64.33550209410853,925.5369748138272,81.40061483402025,0.0628102571567715,0.014715096389153826,0.08443294200634412,0.029484761331460864,0.05026265867943332,0.03507578736784581,0.03507578736784581,0.05223779523948572,119.74685655447497,1014.3419911388294,544.0172511682028,0.20637290461981622,0.5512631511901533,0.01997901497659999
2025-08-19,0.05255909496941641,0.02901674144370217,0.15041823030765009,0.07739291253931557,0.2817083418438172,0.010112026990832674,11.714541590393749,6.178374995482006,25.20108853384088,0.015025904359057651,181.15065495799385,65.27270293851126,845.0656572865064,88.84497011151346,0.062191113736717915,0.014866382329358465,0.07795685722313657,0.030025637263215166,0.048022753717174606,0.03529602057812806,0.03529602057812806,0.04949166466007854,128.56105502582406,1022.3724746115406,534.6471390145667,0.20615820789780936,0.5558761501105831,0.019826071872562637
2025-08-20,0.05279151620579538,0.02869590701817143,0.15156490212606577,0.08373282589702885,0.2730431995121226,0.010278254144158774,11.773608957027616,6.148565766847483,23.651198802541693,0.015264254177537132,189.89951795870186,57.4100689169362,861.2167282998469,81.7528844861986,0.05971478570496196,0.015356305075325979,0.07723424071932049,0.030303295489590067,0.04898567683686469,0.035581713615818154,0.035581713615818154,0.05158619744756182,114.59018647069647,997.7944638034102,591.4720472133205,0.20456016379491962,0.5579772325625965,0.019157843942737333
2025-08-21,0.0517218013154651,0.029848384790174477,0.15308620502814488,0.08091333011869045,0.2767106016763986,0.009969529417254984,12.443327933569318,5.867046439868201,24.027254872056698,0.015204382813111024,180.0124925095854,64.19415675160225,903.2315037950638,67.83945168282715,0.05897583332369968,0.014844642879422117,0.08313154350278606,0.030477347921338046,0.05051898743273393,0.03465431245225642,0.03465431245225642,0.0516390333154628,118.1965893677491,1014.1316118198174,588.3740818542582,0.19850217406493206,0.560887001935468,0.020394651488540198
2025-08-22,0.05096379333991759,0.031677388569129675,0.14475906093672336,0.07825966029655557,0.28311891139630435,0.009803037416463089,12.128940674888502,5.717139049721496,24.9232995115135,0.01448520849206672,198.20242359568948,53.47356868643724,818.3526530977045,73.16814092233311,0.05926103643741292,0.014485546980483259,0.07740331850055063,0.030088196418724227,0.04944948383824648,0.03553038800797777,0.03553038800797777,0.05091880996943258,115.3930830006372,969.3910438778145,655.8165029553107,0.20088387545335373,0.560891043512769,0.021102921370421954
2025-08-23,0.049611985826842675,0.030208073380884066,0.14400740312991897,0.07746511030234503,0.297396913361107,0.009730126670681863,11.960479893119771,5.920383174387344,24.71750674593316,0.014599231161853434,171.37529900219485,49.6001697413867,793.4286918372326,71.84928658483635,0.06278104821656857,0.01488175028840455,0.07901244383581711,0.03027682441222734,0.0510344297795266,0.03493715698792443,0.03493715698792443,0.05040906459328717,105.28214007476126,788.8920007544097,514.8932600916946,0.20186012140330695,0.5219240284342417,0.019750590115255214
2025-08-24,0.04902099475248714,0.03152148729583311,0.14583154191134332,0.08143443078062115,0.28507429888846586,0.01002581334917918,11.675031959993419,6.016363476063941,25.44284331945966,0.014402963371298181,160.83322617774857,55.05190326220462,788.5882882404479,74.02732811431703,0.06419623706897463,0.014120005435386072,0.08403824542420046,0.03180366874718011,0.050956386969090786,0.035210564401648395,0.035210564401648395,0.048832439374841156,101.89092106850676,745.4184342788645,483.57559043468194,0.18984805509072558,0.5636885178391391,0.019115207789980854
2025-08-25,0.04861871483132271,0.030522739120118752,0.14746010633515733,0.07829528373570464,0.2902669122333486,0.01010245235545443,11.407836364035742,6.25800504091983,23.83851858714534,0.014744412147903797,208.7588341049186,61.08623908788461,928.0519574929112,85.14462239038086,0.060664746414235554,0.014979606083133878,0.08300992012665213,0.030394726530833197,0.05365116903699684,0.035245825261417944,0.035245825261417944,0.04959900356680433,119.05652993020023,865.4111577875354,559.3797163883963,0.19611378679603123,0.5592249839935729,0.020132081201050655
2025-08-26,0.05296623141736199,0.029540364811345782,0.1446443517960685,0.0801350319634476,0.2943404827119732,0.00972927775102808,11.918409360844448,6.030330754988162,24.602081369300972,0.01415572681635078,203.05723066811757,57.93648689841721,931.9174720618577,86.17668375067217,0.05873153714491417,0.01478190167543298,0.07962849088172011,0.030956920943104756,0.04888098292871214,0.03586837124298443,0.03586837124298443,0.05029257078510975,124.60511615004737,1056.1469341100471,583.5197088282683,0.2005751003388316,0.5517786850553554,0.01933197708046294
2025-08-27,0.05276612800870964,0.029332894824091047,0.14388928938359605,0.08163832205244448,0.27181278372545353,0.010214661835883671,12.155223016176894,6.126099030841813,24.10744800852448,0.014804813459338715,204.79674589378993,60.09627286422956,953.851251382215,79.4400130071361,0.0605734088684825,0.014571511481191306,0.08026919548837784,0.030168441478700323,0.054050304198015736,0.03332560755633934,0.03332560755633934,0.04834959189962878,111.85670742711713,1012.5815769114632,550.0683781387858,0.19317721048684616,0.56256622648333,0.019983744141003547
2025-08-28,0.05231756539314625,0.029323026405923592,0.16113278405394954,0.07799787320712052,0.2789573638629931,0.010082625568277832,11.835951958700306,6.071542091895855,24.353041807214872,0.014577390381339551,179.01697982952373,62.11311062365479,868.4541671182008,87.01725328716466,0.06089902551907268,0.01482893106979798,0.08138910240215212,0.0311634689472227,0.05301180453160174,0.03555868318921203,0.03555868318921203,0.04905250748944398,110.06100033709058,975.7501523070434,585.7841352872105,0.20007211883221898,0.5394480875748553,0.020281704632098364
2025-08-29,0.052131180713783344,0.02977108987574209,0.15619207059723703,0.0815536688717037,0.30499800591316184,0.009506749135131618,11.87233490895467,6.229665980617811,24.845521403988784,0.014936037901465365,176.59602851366762,57.6564384211407,798.6931816064772,84.60926339639778,0.06120627270603744,0.016048626343003063,0.08080555851645471,0.029611608441026647,0.05021067958011086,0.035557352655631175,0.035557352655631175,0.04784293343525152,110.85526579748634,1019.5455173770317,576.9458731834214,0.199201481800032,0.5717913791987752,0.01981491905726108
2025-08-30,0.05149281026272068,0.029177900079369393,0.15256143098142266,0.08000605523112564,0.28809999265693376,0.009985628226639526,11.80270356926194,6.136686231611565,24.51438101230801,0.015411232826403002,175.96153369070916,60.50385547601122,831.5720242715975,76.17684651635251,0.060143447068198665,0.015951696585590605,0.08314560796880083,0.028890932850031338,0.04999775905851434,0.03381024257775927,0.03381024257775927,0.050080331754044416,110.32127882382731,827.0385366890356,492.3001827981552,0.19473201951186908,0.5643920342813277,0.019622972742594558
2025-08-31,0.0516336862506805,0.028322472492258163,0.15066346475591166,0.08144465135676203,0.2721534037689617,0.010124563403629895,11.521420526038991,5.807163598849362,24.719022963469243,0.015468074281622274,167.6013087523083,59.26546392339121,802.235576839644,70.4857085232465,0.060029447585830294,0.015930596979762762,0.08091978459155015,0.02897963025402644,0.0505597296496902,0.03523169100074115,0.03523169100074115,0.04957868044480254,104.64403695305181,847.016432842808,490.1842406018156,0.20608236840070637,0.5082580149034286,0.020152370793085374
2025-09-01,0.05096672606782461,0.0288667620941157,0.1502884632472243,0.08083793863421992,0.28047146872950673,0.010179199258469836,11.402071640873352,6.007278878409145,25.32393638649271,0.015595416392952092,192.80391567959026,58.88506132257505,785.846042584008,73.99280898945406,0.06131841854096927,0.01579684449835873,0.07735110679699381,0.029261087139009625,0.049900691599773866,0.03582811306462956,0.03582811306462956,0.049901273253008624,96.26869052025361,876.7227989144656,499.0819629406468,0.2021339774370262,0.522729224409419,0.019537954702161797
2025-09-02,0.050640143461923526,0.029363505666961505,0.1501940670802452,0.0821476440156083,0.2720171343095616,0.00993764474094084,12.029390483663601,6.049052944931669,25.24857627999059,0.015687876367815497,221.5121171451205,62.09073967794846,958.9885772333143,83.23818312936599,0.06083022649936854,0.015332421992240232,0.07860281887716776,0.029899282631525165,0.04785377302697857,0.033566172526292584,0.033566172526292584,0.051111783835633855,130.2811862878935,1062.8053851176066,625.3786587431647,0.19616551735817467,0.550372200809293,0.019227754366966263
2025-09-03,0.04939217298458129,0.029999456927271823,0.14359598390781575,0.07706278253684919,0.2636465099349833,0.009903589257140018,11.729925597095772,5.911443063635973,24.646935072016433,0.014947675365921124,177.9862519394607,62.78019092357668,954.5342307182683,90.9145557597811,0.06042851560744671,0.015163084829354466,0.07889402042416217,0.02913475888794822,0.05046226566852677,0.03393605486650749,0.03393605486650749,0.051161550331326536,127.50547249308664,984.3854158272657,599.7358581846078,0.19563820172310917,0.5693015044055397,0.019038362507444468
2025-09-04,0.049109737371538356,0.031152831139883316,0.14968084485548352,0.08369561275913645,0.2718843448900421,0.009930607653897252,12.111818271588943,6.014242362060493,24.00471457503827,0.015542582356727867,173.84135963558097,59.668606860667964,830.7400279919887,91.0924653696616,0.0624359699418289,0.014847909678641994,0.07821103852187311,0.02993076671637222,0.049021490834254,0.035208530551665555,0.035208530551665555,0.049417278746330555,117.97212516307451,1018.4111577872105,594.6809824482656,0.19858884723473502,0.567432433129495,0.018924567442018
2025-09-05,0.05098390242077702,0.030025150932893832,0.15142892383330894,0.08003233558775293,0.2765063194595828,0.010142607390796815,11.577114816649381,5.709564359680658,24.70784549064538,0.01545437504905605,178.91767416533895,61.68829118357035,783.9737774332723,83.18950402704951,0.05908366567873757,0.015488481182578975,0.07975764538820418,0.030221659213156542,0.047658807830405776,0.03426570394624099,0.03426570394624099,0.04966574475776865,112.69014780040223,926.2139687650138,585.2040335908677,0.20719304289112683,0.5778883815338045,0.020302439572524696
2025-09-06,0.048107150633084926,0.029798291219060812,0.1454792609244141,0.08115491817231624,0.29023310317681034,0.009756239488963984,12.20368087168211,6.050869105915187,25.979060416566067,0.015551691145662103,160.351978101742,49.36838218287429,726.921696926316,70.24644331367517,0.059712170703784755,0.015294503590110226,0.0782295073861806,0.028910528096892013,0.049504329977869535,0.036942142925479246,0.036942142925479246,0.049563002643077586,100.74614500190195,912.9072785845168,556.2900926517308,0.21541614263541825,0.5620413351873228,0.01957724592739639
2025-09-07,0.0481319049088888,0.030984791474529573,0.1574274067086087,0.0821953470471556,0.2855271888660324,0.010090135599017558,11.90814676490023,6.445653669676651,25.865844140991122,0.014332593067169448,155.7765364220781,52.52708644812599,780.0122325467319,69.48893332046755,0.059610250350036476,0.015023971750129261,0.08020812028440114,0.02976475689647751,0.049342076188115536,0.03700547539896478,0.03700547539896478,0.0505671405695332,92.72914429568387,878.352103793057,532.1221799903975,0.20035717829382144,0.560044957257653,0.019165558078880582
2025-09-08,0.0534719723659377,0.02863231496213591,0.15284600492119962,0.08201284442180276,0.28733412110467016,0.009933497862420019,11.429124589457215,6.243327927525935,24.661406563377657,0.01433851428759742,194.443500225866,65.89380612717056,987.6156991506928,82.06896952769465,0.0605300234373045,0.014920535738897718,0.07788698590215669,0.02983224424026701,0.049377425306969154,0.03489824142074987,0.03489824142074987,0.047858118749711326,128.12806061729293,968.6572640676205,621.5563915213529,0.20002518762875054,0.5582321344865401,0.020979994155675145
2025-09-09,0.052284459586095434,0.02957031539593268,0.14735846878142153,0.08140726763049522,0.28707613655798775,0.010043580509428707,11.538272725701916,6.084231043567563,25.567190459605154,0.01424536135859323,187.44546406378777,69.46759351249541,1011.9850032760086,83.84396984251984,0.059911152938110036,0.014986417745949608,0.07847271191589596,0.028134047184915904,0.049033422579153906,0.037243868508257574,0.037243868508257574,0.051685531444147274,134.3567070487656,1017.4846765144141,653.5803132132377,0.205991023403859,0.5329927131283428,0.019749523226985415
2025-09-10,0.05105941380764293,0.02883325406941933,0.1488154811265624,0.08048731853731039,0.2806182958994713,0.009876698388088643,11.746215528904823,5.980673832296249,23.69301036811101,0.014690919804273731,191.73522519072137,62.16647260239652,910.3956548067591,88.94422061636283,0.06187655676150275,0.015690420198954665,0.08181569222735915,0.029539473114003,0.04884651699769261,0.036381252041541065,0.036381252041541065,0.05044263062983432,132.4134453491107,1064.1258778715487,646.5656461226331,0.20346647850432997,0.5492993261856558,0.019486911427368376
2025-09-11,0.049215111838699505,0.029603756781964287,0.14745249194953214,0.07776379674747207,0.26980529296667694,0.009994798756237119,11.635172451084706,6.056575373467454,25.444003563141727,0.015032598776886107,196.5235678132531,66.43033741341549,1019.4563106847152,74.94306627693504,0.06451929893241731,0.015969001457467828,0.08037692919852289,0.030141610650522885,0.048240639928260214,0.035204704071939374,0.035204704071939374,0.048375515736630466,124.92299387764831,995.9469201154184,582.5133105403537,0.19141275874905403,0.5223476968714605,0.01996975233919094
2025-09-12,0.05036629623705522,0.03149961601294262,0.14830352680880068,0.07940792278460346,0.27586165752518693,0.00988631976845237,11.134854069584131,6.176434383233287,25.912124491212797,0.014905050023510018,189.6673980460907,60.753410523075736,1055.568151856312,82.27557918018304,0.061639771221497,0.014869906676406992,0.07876150746889586,0.02964370014871381,0.049217516295938166,0.035574643719582716,0.035574643719582716,0.04768075875789349,116.54373627964856,976.4813510203576,554.2580616874386,0.19351620665888797,0.5512065950021736,0.019656170915431957
2025-09-13,0.04965761002430533,0.03153992148219073,0.1524881519332519,0.08035155537717219,0.27807381957674454,0.009999521479265389,11.755992219609151,5.758293025637521,24.7722921440986,0.013857302920470799,177.96299518892155,50.26555118893129,765.2792308785462,76.27817545589433,0.06036173876071089,0.013646142392258045,0.08025031190421897,0.03025591244182424,0.04808945966312009,0.03663654388327435,0.03663654388327435,0.048362177735337415,124.47528840144543,790.4453755539406,548.9236776638551,0.19516648512129825,0.5481632010538813,0.020057024874306332
2025-09-14,0.04914409734371223,0.030070250970648214,0.1501734554454711,0.07788625747035688,0.2843484738270188,0.009879623423584033,11.902843128346731,5.804259642376976,25.79157103265935,0.0149985653680863,176.26861051830426,50.89854038053018,756.1489728908207,74.43264337910722,0.05944557779394505,0.014434834450804457,0.080405702111071,0.03171394628644664,0.04797216882945596,0.03508529130284417,0.03508529130284417,0.04776613275983435,112.35650424840246,893.1436116420392,549.859736837542,0.19658729690784005,0.5643987025872035,0.020973227173218856
2025-09-15,0.04860419461172714,0.03118352331514023,0.14864617496950833,0.07757278587904297,0.2991346195874232,0.010144865169018446,12.1572059353193,6.058850988557149,25.634036422931665,0.015020570591821405,213.3011160430266,61.5245852297317,897.554087598813,96.1058640325996,0.055807375557709975,0.015464105047665938,0.07935259767231083,0.030163021394117598,0.04971169517250163,0.033632000829890936,0.033632000829890936,0.048552239088600666,132.08303559472438,1044.2908703814858,596.0297212925998,0.19193439060436154,0.5869102511134422,0.020028660076251686
2025-09-16,0.04862790752960181,0.02924441231754181,0.1558628418142976,0.08109966706329191,0.28982018106688756,0.009952345144562013,12.17282690268573,6.148477122260733,25.712718006088515,0.014699950521678858,220.68407824282113,60.617534829503256,927.5693655180268,88.83775041180058,0.059021081887296316,0.015495296126419783,0.0805612969356697,0.031449541862446466,0.04767851266531297,0.03481320730378805,0.03481320730378805,0.051251024568210624,137.1308638684206,1016.8437858307296,622.9633093112836,0.1909777715448794,0.5336227062147559,0.019919618927031767
2025-09-17,0.04738513725042848,0.02962496417481826,0.14764203622839744,0.07757822953430965,0.27532387713061013,0.010030836392423274,12.049990388121135,5.776855192415965,26.960662961444026,0.014706023669113437,203.41404804132597,62.84085338336971,929.496299218488,87.04065303768924,0.05899547592008665,0.015841464422029747,0.080846715756738,0.029733018902185975,0.04986392236648689,0.033251458224697945,0.033251458224697945,0.05134746580756592,136.43288165020724,1112.164122028993,646.5595597065026,0.19534590132504326,0.5689133552400252,0.020239458311909188
2025-09-18,0.047271743876018325,0.031759513116755414,0.1511807916643261,0.07874165853190852,0.2814902931036623,0.009796276799275748,11.754439640429421,5.730548710548384,24.246838681187015,0.015252418622526206,212.20810242637288,59.802814500352895,813.182936319409,92.99287413906687,0.05929122558551425,0.014969294837317015,0.07848537713423205,0.030142395201776435,0.04943401892464502,0.034431768516127434,0.034431768516127434,0.04792173095012693,121.1754563045225,1018.6271583548374,601.4282567073437,0.20375251784079462,0.5425199778198654,0.019379496643473947
2025-09-19,0.05098188329644168,0.03180018356600807,0.1487371216465659,0.08083229126593221,0.2762050417412455,0.009925886406064361,11.449089036827198,5.992736053423525,25.075100676134944,0.014822085607660112,205.46969878015761,60.245605541560145,805.4406604421993,84.7404698794251,0.05751591970621031,0.014295350582969133,0.07944771773026794,0.02901610494741868,0.05064905685141664,0.03515397870121441,0.03515397870121441,0.051547927323852584,119.7622692858821,812.693114146799,599.8775151130935,0.20384151970636355,0.539438315991692,0.01976743530319928
2025-09-20,0.05068272023694192,0.030156646368912774,0.15434346722449035,0.08008910625984603,0.2809104796675512,0.009561009780265787,11.828701629757694,5.7778024940190305,25.294693545278985,0.014475075212246846,184.5173691517188,61.438115907952174,852.1648250749487,79.57953980620323,0.061343180740309866,0.014305450459539053,0.08310533089330649,0.030576673590048356,0.048642091515050966,0.033766471311394805,0.033766471311394805,0.049679663012949724,108.66632775183723,814.624694014045,517.6558408623679,0.1989986707129692,0.5259400609907594,0.02012521865919132
2025-09-21,0.05022038422229461,0.031280185748178944,0.14851017923734158,0.08056593609564089,0.2610390873261808,0.00949993927547463,11.457732548316457,6.293552855534652,24.95204090122484,0.014968865662319326,169.61732672221476,56.348749632423235,844.1427458241355,74.91047024809163,0.05761616220827041,0.015743352062619453,0.08146304655615409,0.031166625953893256,0.045152131413364556,0.03379829129689099,0.03379829129689099,0.05169104305938952,106.05297839157112,832.4512947453524,524.9775740091657,0.19486014768252224,0.5563738446186152,0.020074930401737922
2025-09-22,0.0484543011345641,0.02923863062983313,0.14606482524201092,0.07735844966190573,0.2609598898051236,0.009935714170547554,11.144484451741565,6.179364089108337,26.141557853867646,0.014867161380648896,202.6977443166258,60.632416239802886,1018.7001553850489,90.96511973745841,0.05849031639637663,0.015013130611968616,0.07840029619857727,0.03047454593875862,0.046685037982143913,0.03401412260708832,0.03401412260708832,0.04973917255844573,116.55667198732459,1112.3244970717758,619.4191530765395,0.2062996807197632,0.5525368867257534,0.020356067313648578
2025-09-23,0.04905674710885203,0.030549982202535197,0.15437468680270638,0.07936539577197169,0.28085653857697596,0.010166404564401835,11.332037484809344,6.0841904879024415,26.706458037409547,0.015135435498297486,225.34754075527306,69.14988452107055,999.5009873353947,87.15770822564369,0.05856923988474618,0.014485069417696634,0.08118499319167588,0.03086190156669984,0.04799876573897959,0.034721538469444146,0.034721538469444146,0.05048934603838125,138.6252185263954,1153.964485412831,656.3755021995955,0.19819229205017444,0.5440276992742995,0.02131598156383875
2025-09-24,0.04945104730861888,0.02915730155486431,0.15016768322273152,0.07536587006841437,0.2805729829078817,0.009322388766674404,11.815265701149926,6.162280215078027,25.936979703004955,0.014771750614725679,204.76790073825882,62.90346040139648,927.5302485945874,90.29896518515022,0.05940307208889653,0.014893766752906408,0.07894907627331862,0.030385445664652025,0.04896831776902726,0.03391932991153292,0.03391932991153292,0.05111074933777331,126.63552838583641,1097.0208060553555,635.2366344570337,0.20003305245262384,0.5469762681468888,0.021736605413031997
2025-09-25,0.04766003219947465,0.029795787115859354,0.15432480577663876,0.07980680802253952,0.30062103130058276,0.009520334403724086,12.39102071769685,5.799919433945614,23.88310536887286,0.015021055236707102,206.4990599460994,60.17146652325161,936.7216367956927,86.54791337705838,0.0600047542353593,0.014577824593007736,0.08388669609783905,0.030664897438959445,0.049610266647394506,0.036042770895597175,0.036042770895597175,0.05030267140864939,120.93801317957566,1072.2744744070392,632.9556260158113,0.20159225810688053,0.5562761566464697,0.022146345907430313
2025-09-26,0.04882776719037355,0.03122221646840727,0.1516107145274418,0.07982386125989772,0.28236955124613217,0.010058656788505146,11.980630309793655,5.98040914989941,24.70571880935982,0.014674529001856996,216.0922099501834,62.19894825703736,903.8621327383089,86.90934187810952,0.05858760737749113,0.014154034837000208,0.08036674657891948,0.030684921347734484,0.052068426106485655,0.0362381633813522,0.0362381633813522,0.05074217787542476,124.91614559873919,977.8401550886484,551.3219165319905,0.19511907748891255,0.5310352808839865,0.020769845566528992
2025-09-27,0.04948450374398931,0.031033455613772094,0.14322075608536688,0.08091618907301978,0.28646826434755,0.00974566852039381,11.768758728476852,5.95632876264667,25.57983513652221,0.0144747636631181,171.00983464012657,57.43715057447466,767.9349847541085,73.04817229651123,0.05951758805430187,0.014017259766262773,0.08227903579174049,0.029619260205058357,0.04899947715362103,0.03596353864554646,0.03596353864554646,0.049797218285601956,108.9936858283757,893.4527214372869,571.2324701250249,0.19829159914624417,0.5527816911953274,0.019913598439284683
2025-09-28,0.052454935636654834,0.031200859164832565,0.15187144030358332,0.07872190276240101,0.27548674694046943,0.009814068497467889,11.834294936703767,5.940385609183376,25.12130740826625,0.015009447806054347,205.7444573820754,61.521911180601975,726.6633408752192,70.05701407016801,0.05897747315014,0.014833049749992661,0.08219632631660152,0.029893683587510746,0.04916462001968136,0.035381623506955936,0.035381623506955936,0.04788148465634983,93.82599975282666,881.0042642116251,553.0484286987869,0.20081852275881898,0.5682412885578821,0.02025185957879946
2025-09-29,0.05163511802755033,0.030118068848695875,0.14887795575837365,0.07880915199060907,0.2782022400965507,0.01047442712474799,12.379452562303769,5.604090351444564,25.55712462160586,0.015107966572996475,217.79126422660678,63.77907837090781,1052.8181840242946,85.00054678200561,0.05818448098791897,0.014276332822880357,0.07974169470849134,0.02980883228552711,0.05116450582215118,0.03388759541920572,0.03388759541920572,0.05042056161680956,117.52349203337575,1053.2535880170738,708.0156730387511,0.20317800573079792,0.568021861925085,0.019975859928070498
2025-09-30,0.05111493245866239,0.029091843483370083,0.15313851928620317,0.08044007466234514,0.2823984219609566,0.010082032827684422,12.246543458176644,5.749688476733733,25.942232748226562,0.015434914416603003,212.69758168458304,69.0441801357996,985.2853180619907,96.74317582376104,0.05848029952526615,0.014568575600245449,0.07689116006256715,0.03064915308386852,0.04931251511803566,0.03573426452670435,0.03573426452670435,0.051276670865493396,139.80196492039028,1103.218774977992,636.2178717809289,0.19913523417322387,0.5709808216897025,0.01979831279395754
2025-10-01,0.04848280313864903,0.030469515244474953,0.15426636399147817,0.08044320223770099,0.28010486008864677,0.010204673780922885,12.098228413123884,5.870556462925051,25.30668513143739,0.015390378798135549,211.45590001216954,63.77786392931367,999.9968123953255,85.27160172193533,0.056826864386165965,0.014200207620063146,0.08063292119875885,0.030317955121071063,0.04800579147924433,0.03564551413653293,0.03564551413653293,0.04999166604078055,129.80531291667194,1144.297831577779,630.0675922459094,0.19847630532841143,0.566809383304109,0.019630748948205917
2025-10-02,0.04887304404387233,0.029512217801154865,0.1552654369323039,0.08146823883076998,0.2904054426634649,0.00962471051695978,12.592227159368695,6.103041192092723,24.861963255626122,0.015528860522552439,223.55560453965867,58.24291568045619,1028.0444508288845,87.59458713898641,0.05927127529081016,0.014746898311132996,0.07781912245432496,0.031190630000780758,0.04748877639732595,0.03571760150562412,0.03571760150562412,0.049891738199437694,123.3107024609626,1153.0594837429721,726.3517819154473,0.19736904363082122,0.5549232263400419,0.019768271625268077
2025-10-03,0.04923615027856089,0.029216433389729273,0.14783419125463637,0.08080684907195812,0.2846492733546124,0.01009525330474754,12.498645999028568,6.111350604540592,25.958326574333128,0.014874055573834899,199.04938287592083,66.14903463673157,850.9037440386221,79.01293381997267,0.059965507150644554,0.015505210132953954,0.07861791479732572,0.029324583447694293,0.048993433203851626,0.03619940733631907,0.03619940733631907,0.05155392066794378,130.2167752023542,1017.6310190871576,615.1858105005443,0.20011329793614652,0.5550917799115,0.019755910097137997
2025-10-04,0.04976969811227363,0.03206233795549104,0.15220401394449534,0.08067812449316623,0.27815146553746417,0.010105335882034805,12.09722581228571,5.875743767884437,25.76241734810864,0.014687430476042975,179.298521784293,61.65788755278106,899.3434099696531,76.74379971191341,0.06240626581834119,0.014780773498857203,0.08059435521966296,0.02880676193989072,0.04835525608130245,0.03567743482418798,0.03567743482418798,0.05071680913637755,115.49855299017202,1005.3429183721806,562.7379020042926,0.20540356449707461,0.5626649683673052,0.02073055116140543
2025-10-05,0.04834924099448742,0.03172720000161501,0.14620767188208908,0.08085608040855641,0.2715240985783881,0.0098229080450386,12.572330675031017,5.892145361534696,24.738159265361347,0.015077554247134212,165.72069393248208,60.81602184015882,826.5595710436355,76.65582350793515,0.0601842577178933,0.015430269534618287,0.08244570397142238,0.029122535013807144,0.050758234987899734,0.035639319336121064,0.035639319336121064,0.04831160302092468,110.67651280627179,920.880775553802,523.3013924894329,0.19741250036513555,0.5227717744490136,0.019695938169625157
2025-10-06,0.04807119010189537,0.030821553359744087,0.15276951328899582,0.07832228813787775,0.2681091381618708,0.010101585143393495,12.158459754975244,5.8491930542703106,26.51485295986612,0.01619655785335237,218.73875356819366,64.90990454272591,981.6592209001209,83.94535999995709,0.06117243695396613,0.015513064595212518,0.07955519811984257,0.02993761244931217,0.04973115818391452,0.034070582773794524,0.034070582773794524,0.047339321422019805,142.3219783518973,1085.6082038981167,630.2319242867705,0.20354891922624946,0.566903711258582,0.019991335306762902
2025-10-07,0.049029445530356375,0.029468357900108825,0.14298018163069298,0.07551032779372298,0.2818878553915891,0.010041216920641638,12.299712301739142,5.742582905877782,25.42066912440239,0.015626300850412216,215.2823329002112,68.45507643950303,935.0487434522939,91.82102995384602,0.059023391397547434,0.014495328847707047,0.08036421999567311,0.028654105773454435,0.05234733005902931,0.03456227936746363,0.03456227936746363,0.049382115894595874,135.53567364966474,1054.5431772134932,703.8219529183245,0.19939317545882482,0.5531264363662303,0.0194923976029873
2025-10-08,0.04886747176819456,0.030531256552604275,0.16165542979537809,0.0771359622828807,0.27581765545504267,0.010367068139735924,12.186336355137959,5.872101524675103,24.90653233463975,0.015332807753752934,219.57142257599443,73.87875365212118,907.7240779608454,87.65845177040897,0.061323306948607284,0.014560314508800014,0.0803301646116395,0.03066926231630923,0.05035813093676639,0.03447324585369224,0.03447324585369224,0.04918368996525505,139.83300542139796,1051.4745611460733,694.3779254586842,0.21203535468681128,0.5631469348514775,0.019198093295297286
2025-10-09,0.05127127301029536,0.02924567339779757,0.1597747431512138,0.07496659001247802,0.2864397312175232,0.009974267754791672,12.454043762822295,5.927372834986706,23.92620541110224,0.016102341299233085,205.658186963315,64.45296893468958,910.9432835963931,97.4100925533872,0.06122327979627636,0.015446433375397549,0.07727182779158948,0.030241203547854558,0.04882742081913966,0.03424936284368904,0.03424936284368904,0.04947675657539784,132.97262137241358,979.5487280695494,659.6648345678869,0.21383994562201547,0.5591723316262093,0.018982218110414475
2025-10-10,0.04906977099153301,0.029983448791125064,0.16116032458301469,0.07905100917937198,0.27721657080407275,0.009765973886001178,12.01219028833393,5.813741795069236,23.00642586206047,0.015433900947842626,208.50081924770402,62.84815302342676,992.0393562742438,83.4962524304281,0.061692966436726136,0.015434543616446033,0.08016733456527414,0.028279733168833948,0.04791569652337426,0.03344588789359822,0.03344588789359822,0.05094195973295156,121.11793056233863,1018.6897883660845,591.913494381347,0.20026737433329497,0.5634583418617332,0.020551429087769177
2025-10-11,0.05130207323429003,0.029629716305373435,0.1464020521394639,0.08241355445429967,0.2785119492886922,0.010365595490048108,11.903760913010354,5.99311966855992,23.84461001807935,0.01568987693577163,198.369643536837,55.895319107371506,894.1673558093051,74.5759625735276,0.05914832658679953,0.014652687489641181,0.07889039082624312,0.029347382439518007,0.046128213960623665,0.03412035615800432,0.03412035615800432,0.0510806395883866,113.20902616328165,1044.9541103373333,582.6576740736452,0.1889774874451201,0.556269741193361,0.02081835315979393
2025-10-12,0.051826412021311476,0.029946480904854165,0.14589064151618827,0.08031618100906154,0.29995920645009466,0.010311780031569628,11.65380510113184,6.040503011033637,24.738692412402415,0.015663145932056276,174.11848395245215,56.50493081049907,835.9093878120042,74.37646626133649,0.061451057629256955,0.014964520904186021,0.0791775562380587,0.02773502398415415,0.04750061101243902,0.03439903857522645,0.03439903857522645,0.051614841507930546,113.65866089292611,1088.6746444212984,599.7670146482137,0.19239917622124086,0.5549995642331188,0.019657065536791838
2025-10-13,0.04964344878879979,0.030173187798282517,0.1405620099630518,0.08010429802494765,0.2769348801319906,0.010063336830241566,12.265265017210725,5.870113759260868,24.350242330541946,0.015561858419408697,180.55706567894916,61.62950054328143,900.1524062430057,77.0466968504282,0.05975048081761109,0.015119691508136714,0.08230939678799631,0.030234440798795576,0.04985944741322841,0.034685249174531425,0.034685249174531425,0.050108574583163736,108.88723302318802,1032.4025111932363,610.3690152871887,0.1988637514422129,0.5497523349667144,0.020496637650365974
2025-10-14,0.051266031946886774,0.02963202601636679,0.1460138229303804,0.07894103014505002,0.27665285755034696,0.00960938432952664,13.217444712845957,5.8311720139939975,25.665211311299768,0.01495841449155846,220.8780661802354,75.81733487611481,1053.4730797591712,95.84253263829038,0.059137716235327986,0.015138541649396955,0.08206649923967552,0.029271714258950723,0.047354390023808916,0.03570921793446792,0.03570921793446792,0.052532859516300746,141.14532356623184,1297.7914770091918,673.6730835496371,0.19749267951173322,0.5702973427369196,0.019580740967208486
2025-10-15,0.05165983255341965,0.03068248418713259,0.14983570293027448,0.08100482405047403,0.2798811938557208,0.00987719566957175,12.10386929500326,5.881426902781607,24.368511998899535,0.015813878891507253,227.10231326193065,68.57504278949555,932.7155198582027,83.70351896674663,0.061380509457613086,0.01498215568551639,0.08246631885732535,0.02936319479404782,0.04989232153480852,0.035813226248593136,0.035813226248593136,0.05121284007495293,137.09694955958108,1188.7880868486168,695.8718599192824,0.21316136631298163,0.5498979995217598,0.019569904133011625
2025-10-16,0.04994342587762535,0.030756222694185802,0.15570185398626443,0.0816763433735865,0.27275734145290664,0.009858492991780342,12.417895850136098,6.1080756631608235,24.013900708682577,0.014966728024011316,214.37599309178162,71.65386651950419,907.4243717061075,87.61309653433585,0.06018394547333874,0.014859883496165476,0.08252939522702432,0.02949599077966696,0.05019017151134175,0.03338429549212265,0.03338429549212265,0.05069899493222668,135.5466588531755,1130.5376963667104,660.9821377567148,0.20305050730542715,0.5583238344190173,0.021166968065247056
2025-10-17,0.04763805146265658,0.030429311418169756,0.15340865283389882,0.07543801401967716,0.27630147813717953,0.009616745444441684,11.938387775275146,6.120555304197703,24.327358605579764,0.015024995136831778,196.54350326429108,67.80389631883965,873.4571499483036,86.96753432911636,0.06046895604587275,0.015008567187729322,0.08199071112003445,0.03171385506485591,0.05111969527999401,0.032931924210752445,0.032931924210752445,0.046871047756971665,131.71602119759729,967.7845130994139,583.0210406670575,0.20364933106375666,0.5479305289217173,0.02104850804770646
2025-10-18,0.04838274164331928,0.030594277824086635,0.1427096195592837,0.07767956737937885,0.2821029012193771,0.009883500975551572,12.267549968805358,6.184035942342909,24.534156435941814,0.014382320265288987,192.4958468296185,53.5447212173771,962.7043026294533,86.5000045557265,0.06169240843534341,0.014915632360458717,0.07854504900521246,0.031197195224100825,0.0518214095048534,0.03536258821920808,0.03536258821920808,0.04785407289634662,126.44041134946619,891.5527308878642,539.7714158871185,0.19625762152163628,0.5723229057411325,0.020164349071169676
2025-10-19,0.050182930728757014,0.031172671830629564,0.1458594688966759,0.08011465675372913,0.2885033849072068,0.01047657712881618,11.878569993472437,5.88621834306953,25.445665870145863,0.014705524509481118,192.4359228515902,59.54962753046492,871.1966311963289,69.5788289416355,0.060035969445058415,0.01500650442934582,0.07663397755960683,0.031029521016512147,0.052081561502260634,0.03771163658328026,0.03771163658328026,0.05139451572825881,114.30264550701105,944.2560136347332,568.7385686665524,0.20368985407172846,0.5346988614678972,0.01913482179196578
2025-10-20,0.05121367591922232,0.03113160702545214,0.14740633182279655,0.07530476703606756,0.2780917338212916,0.009779856253644244,12.15566332277729,5.858160379793727,25.277985178839273,0.014638805739564659,214.4377218004504,68.31823672887036,1033.514990935952,90.37467502876586,0.06022499139334242,0.015227742554189051,0.07334447943951715,0.029867996874157532,0.05191624917588655,0.03594110771616412,0.03594110771616412,0.05060495535057835,139.14390512028493,1240.7713056425248,659.6709658665525,0.1974416035547944,0.5483409828917886,0.019739051891778832
2025-10-21,0.048754060850243315,0.03118140413175327,0.15068141051647568,0.07728351893053068,0.2940176094611485,0.009671261939751435,12.447820546543237,5.794232553262269,25.502570431994435,0.014850814151013097,226.07931648996686,69.34928248822779,966.1573824397956,98.98235576856968,0.06189063182024458,0.014487816658071287,0.07980146123373529,0.0306102748532253,0.0516599537349485,0.034763082269185605,0.034763082269185605,0.04938406868986068,137.39766353914302,1206.9410209197474,660.1965758496063,0.20246472009752178,0.5604691874713524,0.019174333257395208
2025-10-22,0.04866773142632335,0.03161126103950226,0.15095194796484818,0.07764249248649378,0.2904882566619552,0.0096205316976899,12.630799695866909,5.8324298639976515,24.650456936556232,0.014737484912248555,196.42668104515016,72.18642923379429,1017.6832786631843,105.99403229735802,0.060430236373418524,0.014782134018471197,0.07571079172417215,0.029935798908255717,0.05065306259935798,0.03594538121387898,0.03594538121387898,0.05087280142918441,135.27167394774537,1159.0596860430323,656.5790162237066,0.19099497259395,0.5616172096073332,0.019509763062189912
2025-10-23,0.05122679433107026,0.03052413195401413,0.15033785076559725,0.08053019143953381,0.2944690190712841,0.009889942152500013,12.303782124800701,5.7765375829806285,24.999138706250967,0.015066367226663784,200.338150406675,65.8725604263837,974.2249232257261,102.57575015699165,0.05980428893771567,0.015908342687640322,0.0757928671440139,0.029602388747156778,0.05046478125777002,0.033494852010430086,0.033494852010430086,0.0522806383067656,130.95102695062528,1112.6999601827438,650.6354345212502,0.19542836681121756,0.5604209443286053,0.019819552443215076
2025-10-24,0.05015985669396227,0.029049550277957765,0.1446073878871592,0.07720770312711456,0.29137462376157713,0.00969002995252295,12.102599716782724,5.8284956402365005,25.283214357868957,0.014530772308755767,209.4905267645426,66.18042661588647,972.4682554096325,90.55386953370414,0.060621720676552304,0.015391765715237446,0.0784888245515103,0.030407798110361112,0.05138958329827749,0.033831140736149706,0.033831140736149706,0.04997540079308776,130.69490538533088,1160.7881504997215,667.7916573103262,0.195515347396384,0.5422505435157046,0.01941622326479938
2025-10-25,0.04810778700198628,0.029768277358569864,0.13776009817920762,0.07545787682007016,0.2765150169059835,0.009774974362211973,12.53039659432396,6.295405278250701,24.560206469338283,0.014910162656068907,200.80076120127922,64.82644021200964,849.6629412426313,81.32233834968366,0.06081839181797994,0.01522378249000617,0.08135111706461948,0.02813041479823306,0.050500110325194164,0.03399198003496665,0.03399198003496665,0.04873497724195175,104.979832673068,1068.2623262421416,626.9855954363846,0.19902017935447033,0.5412160715607922,0.020215413960929046
2025-10-26,0.04845944075573198,0.031732705882991194,0.14980234972335285,0.07356802875209285,0.2876372060020829,0.00992195938436595,12.487987873738607,6.24412371572569,23.474973186201783,0.014753707798812184,182.82363386059356,61.79994384031728,879.4373925672361,81.60529332312552,0.0583449453652357,0.01483478883830945,0.07507196677238712,0.028407750606676503,0.05042897630936958,0.03497274893628064,0.03497274893628064,0.050525309225844243,104.58317680506315,1019.3254310266273,569.862349997472,0.1909554214390085,0.5572191372298891,0.02024720467097268
2025-10-27,0.050961738093130676,0.029620271213595364,0.15106934195481234,0.07951533846835966,0.27692464746426204,0.009909418591432692,11.921773962942227,5.755510079333684,25.814956127870335,0.015429745814184267,238.54695694535118,65.90607297443043,1003.4138421090271,95.21938817825291,0.05935461137170716,0.015731959617872715,0.07748946554366053,0.030379602332188057,0.05138575017791663,0.0346639780082199,0.0346639780082199,0.04941240121508653,122.4021671062553,1098.6753020463077,694.4554595179131,0.1985380454894664,0.5354500132399729,0.020401885343678927
2025-10-28,0.05074852315443465,0.030240041349580665,0.1580715410267578,0.07981604846505404,0.2702891608961137,0.010152207920127006,11.55295609506451,5.734498276353909,25.903107623050047,0.015536540850509761,256.0180346384639,69.97443728730548,974.674902316744,90.10360469015654,0.05851677416897616,0.01595414095084986,0.08062661805391846,0.03129664074939519,0.050407135898552585,0.03514278686426154,0.03514278686426154,0.04970793083806653,124.8893775334824,1238.7601799092233,673.6123873955554,0.20172001770593948,0.5407826648742892,0.019565733707530335
2025-10-29,0.05023742764854364,0.030236526151985806,0.15482050927347576,0.08046978930930226,0.2902207280665094,0.010196304056112517,11.466943638406562,6.123685946288786,24.258862626903856,0.015194815658389215,218.85119057038142,73.1443725366065,972.8106293293805,91.23635509022563,0.057495244328096363,0.015669808821230907,0.07699149525819901,0.029442867182394056,0.04900573660844649,0.03536077616907605,0.03536077616907605,0.052029735422586244,127.86033463683533,1195.0528201195464,723.2954223757012,0.20651651718917213,0.5500839825565743,0.020452112144569035
2025-10-30,0.04893427358831965,0.030693873114158155,0.14987181081908046,0.08125466839207787,0.28203641445231115,0.009983582250193196,11.72582219325228,6.174895944657823,23.91056027681159,0.01522488972209441,220.7351109730866,69.31045986525417,1007.649205464258,87.76726551965086,0.05761963760048026,0.015254798562887268,0.08027176480728451,0.02951522690107062,0.047876708570304245,0.03473181946257594,0.03473181946257594,0.052137628426032236,142.3012458780525,1087.930126847272,689.8083287108744,0.20556733906000094,0.5421150236606823,0.020396098304650483
2025-10-31,0.05045905702489706,0.029793211777183706,0.15066878042780213,0.08132879799811196,0.272407396986488,0.009812339983286815,11.580961626349714,6.102067801755673,25.688741035538225,0.015494106621154163,220.54261928145573,65.79740612560417,944.6377164990039,88.31192967558562,0.055382110869770435,0.015596662482137775,0.07854231285705121,0.03027300364677609,0.04834414490372377,0.0340161624806454,0.0340161624806454,0.05128627665295608,136.02556417104321,1078.8322321331739,626.3204066612669,0.19957989404507723,0.544537866506326,0.01924579963960825
2025-11-01,0.051361107811543565,0.030034092193554254,0.14683691435439497,0.08087321158962418,0.2749635927682994,0.00974243483541313,11.396513373411514,6.012970188795367,25.60576170151816,0.014807646053797877,183.15027798570736,61.24122759966082,875.9365756666496,78.77644124800298,0.060149815049984214,0.01572324379570308,0.08348536889659501,0.030029963813298588,0.0514698715023774,0.034302811542362,0.034302811542362,0.05111937922781982,123.43965931815302,1111.8167186784196,553.8235798148927,0.1963195110975053,0.5589857397568537,0.019211359943503488
2025-11-02,0.05054174671514431,0.030637381956767323,0.14303397992206576,0.08030833553554857,0.26001220643915957,0.010109312840517247,11.588880949769614,5.903297433862866,26.551854851962492,0.014854021808768747,163.7419137686031,61.83734656861821,827.1589369930822,77.51645825348008,0.061981591289629205,0.015415191863571424,0.08409642246651897,0.0283195325099725,0.04696922190987437,0.036746606492067437,0.036746606492067437,0.05156904687533079,117.5093127025805,1058.382872596185,591.9893690372534,0.1982539401395358,0.5751842307449307,0.019992070791000464
2025-11-03,0.04843101196521713,0.029542689975231518,0.14777470125440112,0.07750966274352028,0.28452634390777687,0.009596589889695474,12.154573484803485,5.784570582444704,26.274514176677727,0.014775392803217212,205.89541733446302,61.82852869933779,935.5268728864276,99.17195117800482,0.060713253782043224,0.015499144008242788,0.07935737970370235,0.029044338123062736,0.047670790405866116,0.03527066978595189,0.03527066978595189,0.05021312563343751,137.41187956023657,1274.397608885533,617.3333064999117,0.19115793521094748,0.5475363246599159,0.02001927508430243
2025-11-04,0.0502546948879734,0.02927415338891602,0.15846026961004642,0.07844619694864363,0.2774699609496865,0.00988546199720923,11.61976297828756,6.144580622720311,24.1951040018303,0.014275097939209553,225.03357166813902,72.24845181891287,983.1131582833016,101.83373500612926,0.06202759848194757,0.015785342232766494,0.08025675730280689,0.029597775033122452,0.04770554365489932,0.03455197980041176,0.03455197980041176,0.051335056536260484,139.23592412997658,1229.1006240292281,692.543532004396,0.18728855097966635,0.5497117526699394,0.019532276439138567
2025-11-05,0.04828385006699104,0.0299238363299814,0.15144892671137108,0.07970029505182126,0.28301345307435394,0.010369078499939734,12.405083070120362,6.034397702211741,23.972984267937864,0.014617962409533957,218.1177642928225,70.63473499634513,899.3218945459569,91.73875183885718,0.061145121694098865,0.015667992114276174,0.08331849767941586,0.03043922952624971,0.04711749044186489,0.035813369711690614,0.035813369711690614,0.050676106302912555,137.12382856696593,1319.2880250019361,764.3064267029511,0.2013921960279062,0.5496021414309571,0.019289307554283985
2025-11-06,0.04943991631996778,0.029716352270652197,0.14893324623178672,0.08001901442676922,0.29594677351415394,0.010387761571682488,12.449039680035298,6.097998954954093,26.075648785498174,0.015140517004717267,225.77079868825328,68.8232989022427,913.4506361502451,98.56628780111615,0.06182614583364228,0.014355952647191491,0.08037053559024333,0.030103066223392396,0.047509957243819206,0.035048364594624085,0.035048364594624085,0.050012425863885025,144.04891510127058,1223.230387568381,713.2807381181891,0.20082082330938245,0.5462642198995981,0.020158291760742714
2025-11-07,0.0500623727712603,0.029598060546841134,0.14782922898344486,0.07979806361481229,0.29740991434017794,0.010208657156171766,12.734444217998028,6.150224433680546,25.061478504386308,0.014170735634108391,225.0415137766978,66.30940529710378,901.5787523515311,92.86796523194612,0.06130214195581781,0.01489396965381397,0.07937139061586442,0.030027310961322228,0.047074236953064966,0.03509312577256252,0.03509312577256252,0.049093057309904944,143.60530007674038,1098.0067691456018,668.3208274495438,0.2002054935905454,0.5550715040106983,0.019790888988862165
2025-11-08,0.04611795127227585,0.028677713869237387,0.1509706007694825,0.07993290607202719,0.2954100378052598,0.009896568083319856,11.448205623088374,5.995812751598629,24.529231601663195,0.015446656419238468,192.1015968850667,58.94263843144442,884.4738107406155,87.76139953058322,0.05819701070392458,0.014620479344225602,0.07722672660098018,0.030302166171489328,0.050095193910731084,0.03613478793660711,0.03613478793660711,0.04818914991856176,121.84744500901257,1031.550175428192,631.988117754477,0.1895273228587601,0.5458777562639054,0.019789386479601264
2025-11-09,0.04776043695014001,0.029175363172496842,0.14509738467259778,0.08042817020808758,0.28494350179973377,0.009954179753215798,12.398505485223973,5.923442456363104,24.686267998604052,0.014975125823496617,195.06350231612547,58.049402071968295,802.4091617439252,82.79761838857138,0.059783500375173056,0.015341765027576493,0.07786659479449706,0.030795203056171377,0.05259790830106127,0.0355767122076561,0.0355767122076561,0.0469649702899526,110.99178049669845,1087.3673825397727,608.4416538833902,0.19172744426494745,0.5240540930077052,0.020035424718631657
2025-11-10,0.05015570190964114,0.02852030600093484,0.1545261833854786,0.0804972020867233,0.2840593773227028,0.01036142833295291,11.384229565630056,6.008270055487777,24.717134138198574,0.015491755285122524,268.9088347188926,68.51002933363475,914.299861334981,107.47487440608535,0.059859705141690485,0.015404895209267093,0.0768159636546817,0.03155029303537561,0.05022077659696117,0.035380918588690274,0.035380918588690274,0.05014275228319984,149.05951483553707,1094.8340908596576,796.9055745481243,0.20464986981130068,0.5653319317360032,0.019251090988382367
2025-11-11,0.050789207862060905,0.028787913278968347,0.15060222258744554,0.0750526472516969,0.2771399003039238,0.009810246151316133,11.578254603401692,5.91187791409355,24.074388535445397,0.015970917974967837,208.62605652154866,59.13297880266405,823.5195212587302,80.67729150055831,0.061819176774165964,0.01543829977885971,0.08097289564912445,0.02972804054947545,0.053534888444968724,0.035153136365476643,0.035153136365476643,0.04905143609310703,127.31982029216334,947.2454671256111,585.1846630156037,0.20002799261190912,0.5630932871379071,0.018865803752047196
2025-11-12,0.04893437945099882,0.029278272166729655,0.1511251443897271,0.08090588981520216,0.27855173463846783,0.010007043568792671,12.405858747244396,5.924590395143355,24.1368439666678,0.015638604443801992,209.74085309500356,71.34924088603307,958.1730810589885,93.26290144929563,0.0634687423444315,0.015191129725645241,0.07772373991930936,0.031015157101547824,0.05051655842457867,0.035023030593371085,0.035023030593371085,0.049319783589084704,140.23054590617826,1002.710622530682,646.839313972234,0.1938208755167406,0.573456509328371,0.019408116043860512
2025-11-13,0.05008211069333024,0.02959667383033649,0.14961416820731632,0.08306786876552125,0.27246679391445233,0.010171762595377323,12.128762469112957,6.001017147550668,23.68977832708958,0.015497392014306404,203.88410919016098,68.72394557094623,892.7797139542085,92.59293096023275,0.0627132688805962,0.014780675285864846,0.08044251831980155,0.030470966757105717,0.05035530097366834,0.035772090884293214,0.035772090884293214,0.04909041290433345,136.7860867991465,1108.3355404931847,746.6719017468408,0.1881738723180379,0.5351849849305846,0.019617526529633743
2025-11-14,0.04849191130169302,0.03185417954673025,0.1520033837870168,0.080550583590681,0.2803402155500115,0.010068733447987439,12.192529411327346,6.1220569189808165,24.767636369252834,0.0152710598257711,209.7987069056551,64.07083531828751,893.0985412973469,80.51634502679656,0.05738748519415527,0.01426506357492088,0.0802422063913493,0.030003360738890237,0.050067076249321885,0.03440458575642197,0.03440458575642197,0.051942309514913104,141.83233709330966,1153.4133707177425,756.8179357241411,0.20082951984430772,0.5522012106209724,0.020068814350023386
2025-11-15,0.04952822281292083,0.029881876851380475,0.15301862613833164,0.0827099365977861,0.2791396126006041,0.010382514967442249,12.370570704993673,6.207388605829157,25.079266539383454,0.01581659221102563,202.0427721808978,65.1201849306705,833.8989445248441,90.88913541436055,0.05669878684765428,0.014353914424797354,0.08383367023537028,0.030547203365230886,0.048326373412578956,0.03325333057978206,0.03325333057978206,0.05240068449040926,120.78562880493574,1023.0662995467491,611.3441060924256,0.18923097018404134,0.5694118124959671,0.01983215555411596
2025-11-16,0.05164092207243324,0.029470403051887483,0.15946444327497358,0.07993870199000534,0.2657916682972843,0.010397778046349122,12.323539595906485,5.7539280917773965,24.319774141048736,0.01570286442322271,182.27638454103678,52.6229117150839,820.6763147044894,78.36509556968996,0.05902541168890116,0.015185254818336647,0.07554208698057165,0.02985350437963539,0.04924020192567355,0.03510702613695885,0.03510702613695885,0.05092289597935438,113.93199368274036,941.7276041530288,569.3111850059103,0.18868208606809408,0.5622722053959827,0.0199281622355048
2025-11-17,0.048794670923414725,0.02746438867536076,0.1574928826008509,0.07935776825924037,0.2684170920881738,0.010219785348877635,11.984973862013085,5.800179983381941,24.724553311508945,0.015248136089888387,225.83804290871993,62.945905132036806,944.6340579294724,97.36272386011468,0.0596949686839958,0.015408892032277582,0.07344003499700988,0.029302228884544215,0.05081233548305715,0.03600467075758905,0.03600467075758905,0.0517960687521487,144.14982545694605,1387.3555926008319,645.3275845039739,0.1949058701207615,0.5433767152931394,0.019823948032791545
2025-11-18,0.048840740416875146,0.028340387021381766,0.15434528428792618,0.07897713314990949,0.2840863387220871,0.010982125403060443,12.498744037790946,5.704707631661755,24.559873134741014,0.01528828587840435,213.9643789571143,73.11923948545878,1032.041289003586,89.30982387325172,0.059382272525016745,0.014904342696543775,0.08051179956112149,0.028451343118478294,0.05045339970280069,0.03449667483772407,0.03449667483772407,0.053765532969118304,139.61748039708422,1317.4912527218335,670.1846580128091,0.19551962021772432,0.5349974809845441,0.019716922467715416
2025-11-19,0.05030846774848648,0.02905172014074886,0.14575284764720184,0.07864881503093267,0.28746621121554544,0.009913526661943332,12.40710759386284,5.9250904198965815,23.850163600201544,0.014399229437359518,216.7366672414635,74.91322176503473,1059.5220202790938,89.74851217549057,0.05735739180318242,0.014828964800021209,0.07945387412902867,0.02830016804358218,0.05118743807286803,0.035657337567863094,0.035657337567863094,0.053476346518278095,128.15131809906381,1158.0892356473769,700.7500333691149,0.1928004399900169,0.5334583656720857,0.01948211752746062
2025-11-20,0.05188665195368362,0.02930292486638863,0.15176800748133257,0.08044972331559695,0.2836399029308345,0.010282430093909747,11.90175340265947,6.575528725984777,23.8726848318958,0.014900029838413566,221.00489440671845,64.21949476441684,947.7280872806966,97.0751629201303,0.061459778980056355,0.015130923022279856,0.07965276891749809,0.028887531147263168,0.04995095158291869,0.034437691139639716,0.034437691139639716,0.05021657598096427,130.61938700934027,1129.8382204001628,728.4329269396474,0.1962650277954679,0.5760829842033011,0.01969929583813687
2025-11-21,0.04820281845048821,0.030070857593631022,0.15361663904098086,0.08091089190304467,0.29023764107471856,0.009784829530583414,11.515620676238434,6.349119426469045,24.331756169015843,0.014333926090609536,199.81279396361518,65.99768070457087,972.147744864562,90.03332017672501,0.060135003942748795,0.0153078026403675,0.08186516824824157,0.030488012309226445,0.04868559088353238,0.033909477552871506,0.033909477552871506,0.05085464369297981,141.08950858385685,1170.5479105161003,663.4521311040371,0.19990026638531766,0.5579596652771606,0.01975490035031102
2025-11-22,0.04882866197288169,0.03058000017394007,0.14623268693865246,0.08158775501771878,0.28626494282740234,0.009517139216313636,11.878142642531744,5.986719761403409,24.19746590056718,0.015373576847830021,179.40254758734727,68.9212148930226,765.650202421489,76.45598388844421,0.06176314195893238,0.01567122748999725,0.08188900146576737,0.029946987895285375,0.048872470593660414,0.03457515830402639,0.03457515830402639,0.05255955784093641,120.30861339417746,1018.8490129407214,641.3922138628355,0.2020040707791942,0.5405981244794368,0.019691689965761636
2025-11-23,0.04765246278511387,0.02976919752862045,0.14919711328184956,0.08197344780061876,0.2833635117321822,0.009976494080858081,11.79815097621674,5.879425202914691,24.612289096792992,0.0157949788780089,189.23239313044726,57.30783957714906,753.3228083586678,74.83429002601088,0.06026231725842738,0.014401001959668359,0.0807650147631388,0.02800764007892915,0.05135794419295249,0.03405087985838756,0.03405087985838756,0.0500931564860454,112.81639154363202,961.4402956395661,621.8533064186876,0.20000413259325345,0.604925013373815,0.019594770533288543
2025-11-24,0.04721455670784851,0.031371172916805815,0.1572208395934868,0.08155836395423062,0.2636253301459552,0.009904615090003637,11.676154554875897,6.2871439043609305,26.793063954046104,0.015261200048928253,196.0346432126001,71.2861621313587,955.8855712882249,101.61019245025888,0.05938190886635338,0.01491968287546458,0.07920136711151991,0.030264012274109957,0.052081605053787665,0.033582062957055105,0.033582062957055105,0.049872961719725106,129.295895718971,1206.5034717445972,701.4298991442539,0.19852157126411363,0.5583872055880527,0.019734383337626036
2025-11-25,0.04872742305959129,0.028534534764227924,0.14744577952726612,0.08429418007216079,0.2734258211964146,0.010198676982454961,11.976726569660869,6.310428496090688,26.474144253672723,0.014718839874374732,211.79083522305987,69.96264322872155,961.9978151057728,98.94556158019459,0.05746590490430676,0.01532582825621061,0.08119920361446972,0.02990775721412131,0.04841852719166038,0.03449391244791005,0.03449391244791005,0.05105372822824086,140.1040002503901,1138.2693694776585,668.8805215481304,0.187472321327941,0.5523020481102726,0.01965126445777092
2025-11-26,0.052227686392010114,0.03022959983261462,0.14767264885154566,0.08501218202940372,0.2728538928998736,0.010299104228936684,12.829853165600776,5.782282592387475,25.06099802289486,0.015191935273743244,227.93253162986906,76.62692859657781,983.1174710976185,102.18610969128316,0.06289446176333377,0.015361843628595955,0.08279883199470564,0.02961307114785845,0.05227547866723126,0.034446453288261236,0.034446453288261236,0.04922230212353673,160.85520857879612,1203.6158091472923,744.6384084671586,0.19065888593886027,0.5184397124946674,0.021329236706034184
2025-11-27,0.04962511908271914,0.030199871784575547,0.14688178102517077,0.0817438240184017,0.2711241905602015,0.009735413971835909,11.94400857109995,5.947775912942346,26.813663844381868,0.014616534933056861,185.60624224314543,61.491103081012504,788.2560390085206,84.67407032270106,0.060216028489023105,0.014823596564383855,0.08290531715587036,0.029039523429811524,0.05181623484875715,0.03496877227689698,0.03496877227689698,0.051189224605973055,113.14408099411739,1017.2763503316521,603.3387256718592,0.1970121628937812,0.5237538262292953,0.020032313201057625
2025-11-28,0.0499555393603868,0.02992346195002803,0.15398288583313108,0.0803930480341963,0.26639213598307826,0.009890120350489237,11.384724045811474,6.113988325559397,25.082714980850408,0.01493397800514831,200.60803431038318,73.93677781519189,936.9813977118702,89.01786443960532,0.058989664360985995,0.01431140277655648,0.08398907432145611,0.030332136935442934,0.05150999178018323,0.035460748784568355,0.035460748784568355,0.049541590494348135,133.8467605017998,1140.0438554550665,644.5758395825874,0.1980338613517962,0.568782787531709,0.021320879857352794
2025-11-29,0.04925798621904191,0.02988295348557297,0.15165485425114641,0.0752192230907526,0.28866151278558505,0.010222904948467624,12.011079944763825,5.981708069185628,24.676412076144977,0.015328795699732277,211.95192626332837,64.48047608161994,879.2233533966051,92.88382686056623,0.05869218104855813,0.01468068779103094,0.08176105835701274,0.028919647350076634,0.05032953567589582,0.03549004935289824,0.03549004935289824,0.05205862331883309,118.36806740661628,1133.3017469478148,670.5321266835952,0.19259614180011658,0.5360902441098482,0.019456421501095444
2025-11-30,0.04890244507949651,0.030210769543644465,0.15569393125042316,0.07893976084106234,0.2708717584891675,0.010079815888601223,12.052014641822021,6.066629682101862,24.192152292775045,0.016142552171941008,182.86913628101829,61.49027498785984,780.5151663169767,83.82919947454788,0.05897832901826398,0.015137933186860663,0.0842500886450927,0.02924405409390577,0.04861458193511545,0.03411466289083163,0.03411466289083163,0.04960404242645966,106.81406227803846,1083.7408954909442,555.1492514970421,0.1983384837606475,0.5678694335493141,0.01836267058650833
2025-12-01,0.04845571027137497,0.029140556862761836,0.15269651273433843,0.0807672504106484,0.2987298587107186,0.010132917467333786,11.66540590166001,6.057259963254819,23.622670372047917,0.01613932790971541,227.5592132388769,78.93043016592546,1104.2614376599818,93.09044763905669,0.060686079880403934,0.014666448206905061,0.07984725909640282,0.0289894313292635,0.04888688067964064,0.03587058719323914,0.03587058719323914,0.049771761615146584,139.4858318723169,1209.5055039861618,686.6672728837972,0.20269327619326694,0.5444083046632048,0.020390978946973008
2025-12-02,0.0508440229696146,0.02940308626155165,0.14859105178202278,0.08193914325113555,0.28140047147728275,0.010272086739387063,11.809879504281122,5.979306690790137,25.049254246852993,0.015187327160371283,221.17474115732276,76.25009921669832,1083.3686922353463,90.57014911712035,0.0604396090010703,0.014940277215444185,0.07865171152871499,0.02904735544787778,0.04882777765454096,0.03443312707173185,0.03443312707173185,0.05028936275347277,138.21897278093465,1265.6204302329725,711.9173775013752,0.2167078800510357,0.5323228829615718,0.019761157251494604
2025-12-03,0.05101657973377424,0.029939035460877637,0.15340237652798383,0.07789322826501556,0.27971497724152905,0.010447467012635457,12.486080349565974,6.219813409948099,25.50077299466619,0.015593682619091736,205.47155246055155,74.227618823546,998.0925480823902,90.29980229372318,0.06079728257370734,0.015360428594578417,0.0815467245876645,0.029775525101318458,0.05119942124244841,0.03660452464838268,0.03660452464838268,0.04991921072428859,133.30183729259883,1202.1633299961302,697.6724520468782,0.2030905687744011,0.5499112457483141,0.01875984350740166
2025-12-04,0.051024551590832516,0.03117858273959864,0.15081221113741725,0.07847022620168899,0.2825039003532774,0.00983399970323146,12.768317538635646,5.705411444588166,25.149804553177134,0.014898247352423732,209.94900309764193,75.67431429531064,967.80007535122,90.98422035746366,0.06068060713481437,0.01596352970184532,0.07902148109283377,0.030302891140511188,0.048930214176825776,0.03533519894487603,0.03533519894487603,0.0479480276118512,135.1953463056296,1193.0649983104045,663.0844498743797,0.20202129089323764,0.5687524472475377,0.020450210939908158
2025-12-05,0.04702484571176704,0.028912356429332747,0.15520394756578595,0.07880678925755176,0.2796577197119815,0.009319341927705067,13.152276013330896,6.009576100174099,24.17299644529053,0.015208742213356266,210.5252074379149,67.15414583481082,905.0203936034653,91.85416170691735,0.06082712236120724,0.014664596955429144,0.07931441833040774,0.03056113803273829,0.05055997332955018,0.035172723301240626,0.035172723301240626,0.04830347868430282,132.50144648825906,1249.0933475260358,672.9217569322037,0.19461079773740392,0.558800230132216,0.020177120640113344
2025-12-06,0.04908708094024894,0.02916224801109243,0.1493439235297237,0.08007165023002683,0.2745889551977574,0.010110593509115686,12.497007348341661,6.006244396878196,25.063621568927747,0.01546678453658314,194.2442520726085,64.45161321212,913.5302724075468,82.90915718260958,0.060763287109644126,0.014860297557563839,0.07890048840246262,0.02818824009529876,0.04792327249912593,0.03417224263572839,0.03417224263572839,0.04658498157115024,140.39532282029637,1023.484013337289,626.5755659428636,0.19707212883360836,0.555627126906886,0.020804820282962554
2025-12-07,0.052249323808389314,0.0312461099672035,0.14745612646050474,0.07812699591732622,0.2672478894348382,0.010081496790108897,12.242223287150718,6.152771326606514,24.972019705671133,0.015341314192909445,191.19453955240013,65.19197607839276,847.6747847232001,85.70535155440523,0.05795373941893577,0.014228591956517028,0.08309853241015677,0.02945174494915089,0.047951025619584725,0.034878255573892306,0.034878255573892306,0.046870013704544196,120.92303885563369,1048.5521544302394,661.992619239449,0.1990324656202148,0.5592702766738407,0.019646089085341274
2025-12-08,0.051421756446042036,0.031516089191267825,0.1502686447050215,0.07761574415281212,0.26844982005376106,0.010096258414060706,12.182734924997362,6.235829056664149,25.91537975378573,0.01566543809139891,234.49593937722017,80.29313394927698,1019.3011246539844,101.37800329508433,0.060006454545387194,0.014395506734470815,0.0806767747765075,0.03181417782529815,0.051838249303630894,0.033750594733409585,0.033750594733409585,0.04735100124741508,140.3676758000591,1260.6365912201095,825.6236657086523,0.19907811661485703,0.565848964245859,0.0203764700063157
2025-12-09,0.0502150488235931,0.029642078104659755,0.1486423952183783,0.08223868474672218,0.2692410322869364,0.010028036935806518,11.778668797421348,5.936717224686599,27.43208510551784,0.016154743548095363,258.8626190797653,71.96816198367723,1007.618516778235,106.66269386679105,0.059237719331902645,0.015013660068218944,0.08107542742822879,0.032063550762941095,0.05265033430550416,0.03423388509650959,0.03423388509650959,0.05246450400257035,127.189614383554,1210.0276846439717,751.2862685048633,0.20898590747079662,0.5479393225873638,0.02009899662765968
2025-12-10,0.049906095301455795,0.030110022007932804,0.16319138650377213,0.07509280093176258,0.2852121580807979,0.009866418707543118,11.84710613519247,6.287029125935201,26.489993812578653,0.01447986876483411,222.29445491807004,79.44177521232608,1037.9450081073592,105.76777769474562,0.0600737878738038,0.014460960017360813,0.08245908657950887,0.03111880635544302,0.05147409913666531,0.032708461518672335,0.032708461518672335,0.05079766377613636,133.78343491124582,1260.6351786604612,784.8785865740085,0.2064640125369433,0.5584983026244007,0.020044160418320762
2025-12-11,0.05010781996730084,0.0294288567321652,0.15775919950098483,0.07566347173041586,0.2742583581846474,0.010215658295138532,11.2587657707928,6.002431184144969,25.39905518865068,0.015106894966571197,233.58732472919075,72.61169745411702,1020.8389108800046,93.10089052594158,0.059395373063376895,0.014775087726430918,0.08029706627548952,0.028602895311830905,0.05103117838367294,0.032746856668614106,0.032746856668614106,0.05135452986537231,152.65785484974998,1187.884268769189,706.3615410788524,0.21002600446499062,0.5756311986346311,0.019129296867437535
2025-12-12,0.04971627632679079,0.028822235980071005,0.15307685163009618,0.07978215655383457,0.2767475660590889,0.010331504485633539,11.86725046274508,5.772432621420255,25.57372219290346,0.014980383457598268,233.21134873100942,72.97585540680703,988.6949593693346,89.02630640115126,0.06022733616527168,0.014250840542335877,0.07898886360331595,0.030865480807369595,0.052806250116783394,0.03514591586818082,0.03514591586818082,0.04979995722409419,137.315611347462,1182.4325744722291,676.7473935570214,0.20201741756828784,0.6002446012901881,0.01976113679642066
2025-12-13,0.048263680288092387,0.0305412297366998,0.15465290603680856,0.07860971696141564,0.2803932463623273,0.009871142877673903,11.827858531763352,5.816785935713093,25.59543869189831,0.014775425680610358,200.77594786354146,61.81286301670662,866.4492331117491,82.4387503428646,0.06011966307385051,0.013818458019138889,0.07762563763841553,0.030177100215951682,0.049998870914199786,0.035712082895583745,0.035712082895583745,0.05062707917167682,127.45048851309738,1131.812868615352,690.4423265885158,0.19756267946828573,0.6171124777126334,0.019165484991901877
2025-12-14,0.05007919261705826,0.03140490729002247,0.1483853214015825,0.0781616500080811,0.2913457798167113,0.010000943043921807,11.931128517570343,5.77566303587542,26.5661114259538,0.014746795007231913,196.54787980071552,62.88053712799616,841.1698720727641,76.52138047591728,0.06084619570491134,0.013836271976164856,0.07941384355494126,0.030051888043427746,0.04952533453793677,0.0362742003923398,0.0362742003923398,0.05197819788430418,119.6436985793193,1141.6529528299334,645.3884276716768,0.19209637541157562,0.5663742445068715,0.01984780390815227
2025-12-15,0.05299674675307207,0.031079750402089133,0.1552243225525291,0.08072248263064108,0.2824028979441189,0.00993596665529341,10.988319600154034,5.642044585773497,25.444673365027707,0.01433798541685678,252.25646555770592,73.26152211246148,1008.8778328148142,93.5569138650796,0.060420360113926284,0.014581628011574243,0.08011990709998867,0.03147000486656153,0.049406930527607605,0.03608675977983417,0.03608675977983417,0.04881560542890301,138.05614201184795,1359.970793022302,760.9898540072757,0.19187543779801514,0.5784394802818577,0.019602597799214416
2025-12-16,0.050680365010775164,0.0317743917607186,0.15819819284118716,0.08122024996816796,0.29434762275847937,0.010232716838527387,11.728676001462706,5.772173433163735,25.09341104824376,0.013976535759787872,256.22256400979916,82.08590494131357,1022.0880162355636,91.28466540759021,0.06136717972133034,0.014060137216004302,0.07981795022461088,0.031844076526230815,0.049181329061012226,0.03349172433040785,0.03349172433040785,0.04940678725712186,139.52560935819596,1513.094724451605,716.674095880546,0.19635704951673766,0.5584623846790344,0.018843344424661672
2025-12-17,0.05123943726338597,0.031130922283263394,0.15653179784145146,0.07986356716816674,0.28273624788716806,0.009712875026883236,11.681727651973832,5.9932410058836325,25.994433194082777,0.014391287245639347,225.97071602004317,79.21894055565895,901.0607534499602,90.2089336096074,0.06138670085133553,0.014251498276667973,0.08140966513916706,0.03064555416413874,0.05143288514776143,0.03427299819584131,0.03427299819584131,0.05142810970502373,144.3091356220102,1319.8357847737957,711.0091902713899,0.1959227744136799,0.541339280627901,0.019759707522428584
2025-12-18,0.051076539689763605,0.03105391668014225,0.15462215065080606,0.08218105075488387,0.28696494662752875,0.010078106296292822,11.948711033422267,6.1411206302103665,25.92041493751715,0.015396833398451083,229.34946942997078,66.11993227413039,913.415284250045,79.32756633196924,0.061310242758715876,0.014512331162594268,0.0809412202290057,0.029518968558083093,0.04973709076100788,0.03509536918512016,0.03509536918512016,0.04896369168346389,133.33038649632059,1215.3482793154558,682.9745697061331,0.19971416142567291,0.5366153856021203,0.02022863402169154
2025-12-19,0.051203918105130725,0.0308936258668833,0.157019577444969,0.08329639867592699,0.2775920717210117,0.010335621322452698,12.570516625146075,5.738802929313706,25.286653651071045,0.015245938544723215,215.97211105284225,63.11690190367772,867.0182114272174,85.55068336582194,0.06008705530600225,0.014654499158285003,0.08431657244891763,0.03063407805968896,0.048626163100575284,0.03546559540892033,0.03546559540892033,0.04816006812736365,128.87878061996247,1152.1884480345054,706.103015376895,0.20807466086828283,0.5209553795656741,0.02026869886473952
2025-12-20,0.05010610545439296,0.03079144886738529,0.14818864611678026,0.08173501185697177,0.28778311357317543,0.010003780470210758,11.455658502663528,5.735957879800882,24.6420818861561,0.014531840089981773,185.04770547886002,57.76143815595599,835.3807925485336,80.1240256070793,0.05904641850309002,0.014959223969818998,0.07883237894932947,0.03115044493898581,0.05042147716999117,0.034869413097034035,0.034869413097034035,0.04790576993916503,120.30208004424463,1067.1690270492647,622.6720536935027,0.203426467342548,0.5534673792126866,0.01982263738250807
2025-12-21,0.049137772094458416,0.030213989802580006,0.15179606666452614,0.08277083548997649,0.2794927173279578,0.010212565210634872,11.650045364224855,5.722118578329985,25.403640796151556,0.014980871624983287,194.577241038634,58.83614343876581,823.8115405568184,77.64431893706887,0.06030718246135622,0.014744412909397913,0.08282565668097201,0.029634325336911033,0.050421193641478304,0.03518170244225602,0.03518170244225602,0.04947545199359019,117.53110152465554,1094.670723237998,583.3752641342562,0.2155547459472696,0.5200979967329532,0.020057789301833124
2025-12-22,0.04819597022982042,0.030070716837847025,0.14779197276874656,0.08201723655790366,0.2786901760587794,0.009592818584585489,11.931085079240926,5.759486312050938,24.319516582418157,0.015185944349224904,194.04779660143487,69.1202849601476,954.8503247518291,98.11525926859218,0.05927792928768176,0.014727733123145875,0.08054337367764407,0.029875047450733952,0.04939434309339631,0.03426768272037985,0.03426768272037985,0.050273583932196365,141.45741417962893,1297.7809453272384,745.1873659558179,0.20048339039048538,0.5506026261094789,0.02102833480703558
2025-12-23,0.04657317128491992,0.029805803564997752,0.1574290850439526,0.08435260793814035,0.28040554314968036,0.010066689914010154,12.533406541447306,5.833680912992234,25.041408483421673,0.014530210960497657,218.64460636250772,83.45313151021276,959.097742062092,97.02875922556085,0.06363739726315563,0.014543427027954282,0.08124596214886562,0.02903152671369242,0.051709559287279244,0.03306442185854996,0.03306442185854996,0.049295475886105604,142.59898220292993,1249.0836160673198,763.0167740232166,0.19846553569812864,0.5586097720305977,0.020290146666903333
2025-12-24,0.049174280269925215,0.03008145513119327,0.15720286893490384,0.07806968655480134,0.2811052938955513,0.010761609974285902,12.744330385295545,6.0036118942049335,26.78928303451184,0.014619759370549802,209.23790920593478,70.86654142002475,900.9506562080769,91.02060588486512,0.060233936200343535,0.014829809198424228,0.07724405836347555,0.029922282388892645,0.05133304528544378,0.03306061857896796,0.03306061857896796,0.048751984857562145,145.47262523610962,1157.7030556876232,752.5433657230698,0.19971046794868405,0.5352626736402554,0.020885075463148044
2025-12-25,0.049073369964318735,0.029895857372978545,0.15756882573002554,0.08332869472395898,0.270856425356431,0.009235635702191151,11.847710815901552,6.1213307198795235,26.326807534265306,0.015354925533452902,181.34877889396722,61.095347512765436,785.1892895205132,77.77259098260211,0.0638436443268751,0.014938693228217526,0.07951380302875065,0.030969174977469524,0.05075063623396327,0.03568437379881545,0.03568437379881545,0.04801379606330404,114.71513236929508,994.923666397823,648.4910465331999,0.1980044584292253,0.567880164801265,0.02105321126489309
2025-12-26,0.048921859552418456,0.02919723386732449,0.14788854663087186,0.08341133035748062,0.27560342939621346,0.010138255199501818,11.257401160512453,5.6008789958191505,25.032922353213305,0.015519633940612437,211.90488943234394,63.22990515353658,827.1466032510301,85.0024379190459,0.062479047345324994,0.015254413739716968,0.07992693241588637,0.029497669645441957,0.04903646524036168,0.03481696164046993,0.03481696164046993,0.051422032338986894,140.37035125274247,1117.015341308596,687.7458758877725,0.21060183980047711,0.5487204248862982,0.019941537041737404
2025-12-27,0.04842684088560492,0.02932446906319735,0.15279585727155504,0.08090626475801231,0.28281083978449906,0.01009841842852127,11.351507472796243,5.938772769079044,26.40836645653948,0.014555313143952808,173.51727343273765,55.99700554385168,794.4864385682407,82.34383804644371,0.06220487024225192,0.014271333466173007,0.07919844446387515,0.030715331326598625,0.048727349734700685,0.034934042975500325,0.034934042975500325,0.050735592817295685,122.67163900079342,1022.3757772285928,651.882780970157,0.20024987537685246,0.5372472665420533,0.020422138763266085
2025-12-28,0.052822691345596307,0.029867299045434812,0.1510652329826864,0.08292197855775514,0.2770774238450903,0.010294042437523403,12.21161819433834,6.059283892322594,25.857134726592978,0.015338510722646232,180.1394117931493,59.669820116343104,827.527037525082,86.80421821009199,0.06187565327399707,0.015055354391945296,0.08140544424239696,0.029115014667866444,0.048789826372253944,0.03401729025520065,0.03401729025520065,0.050175118025333344,119.752136260585,1007.0604624908332,684.1963094483674,0.20047034065468622,0.5324686176887296,0.020411823155609375
2025-12-29,0.0522216269643533,0.03137648615798978,0.15185741598879618,0.07839288628685158,0.28696066391342023,0.010105492100212445,11.934936596805713,6.004483537414403,24.787527356749045,0.015502310743368984,222.4859913019066,72.24743399757062,1030.5688630643137,82.25319839607471,0.06133861850095843,0.014779665253791503,0.07933305151498792,0.029099001359582218,0.050373067797846754,0.034787272838773656,0.034787272838773656,0.049984453645108874,141.6923151553038,1096.8804885544043,812.3803948636207,0.18802345606668636,0.5509356582466612,0.019850226365227194
2025-12-30,0.04921916315942343,0.03167709103669082,0.14438310891557837,0.07532136987180162,0.2872314740762631,0.009732226006642877,12.251660928891972,5.578605358303147,24.8224024677331,0.01542312381221102,223.34129910498686,77.63684284730596,1014.9702154345607,96.76907744087494,0.059890718471977106,0.015244600462798352,0.07891334274338574,0.02918037230920961,0.049333759645669356,0.03596823063845037,0.03596823063845037,0.050050656842978984,142.93099514997044,1133.5812066632532,706.6871921348923,0.20274088168600796,0.5374825030715868,0.019959932776061527
