date,churn.professional,churn.studio,dau_over_active.free,dau_over_active.professional,dau_over_active.studio,downgrade,events_per_active_day.free,events_per_active_day.professional,events_per_active_day.studio,resurrect,sessions.direct,sessions.email,sessions.organic,sessions.referral,signup_rate.direct,signup_rate.display,signup_rate.email,signup_rate.organic,signup_rate.paid_search,signup_rate.paid_social,signup_rate.paid_social|country=BR,signup_rate.paid_social|device=mobile,signup_rate.referral,spend.display,spend.paid_search,spend.paid_social,trial_convert,trial_start_rate,upgrade
2024-06-01,0.027860052586703803,0.04567508154081929,0.04008856327573785,0.2338474922416375,0.14716988775174594,0.00826070401257591,4.013615835711717,22.09529446978566,11.521111916332966,0.012038011127515773,55.57983096994526,21.786587319307632,138.00630070031187,38.09052094580217,0.05308040730177973,0.0121549718930456,0.07174001878410358,0.03349748910358952,0.04101412040877363,0.028964114715709702,0.028964114715709702,0.028964114715709702,0.061884125313256204,36.35965890675447,187.30528468862997,200.7197047582826,0.2232681412494588,0.40625886581311427,0.01802844824352339
2024-06-02,0.02756351628226399,0.04355900036518054,0.04019344306711854,0.2358922824818637,0.14186967786723878,0.00784810908826796,3.8625909675053753,22.064405645767064,11.178286191131818,0.01177127359769442,57.224693549267705,21.302937562556018,148.72336619473916,41.395975246905785,0.056471165648218365,0.011476972735002465,0.07324687011167395,0.034020866086068524,0.04164024110765763,0.030845906303471917,0.030845906303471917,0.030845906303471917,0.06124446015698401,38.9961294670708,194.953761337717,205.3481171996141,0.22335793204835983,0.4469890368833853,0.019118687645140665
2024-06-03,0.028811911497680413,0.042877009152269274,0.04238862188898027,0.24128274284996695,0.1406685096281996,0.008161103427739602,4.044170369468588,21.393476437054538,11.92878237605778,0.01188438738172924,63.047566997153595,21.45253035199649,161.99267780671406,47.08934800926935,0.053864988793207995,0.011254300458548548,0.0724733319247358,0.03387251478518458,0.04267890042068006,0.030091547941599683,0.030091547941599683,0.030091547941599683,0.06468608850492634,41.52263232459836,172.65366458480426,228.83443207272654,0.22375924640402417,0.45679218120098575,0.018189669708424387
2024-06-04,0.02717279110912501,0.04591070848951355,0.041426727017134866,0.2341197888156974,0.1434065796942512,0.007863798356053083,4.052727707971129,21.78077611865855,11.325864332478448,0.012531751581748282,67.0839703423498,24.926112455231376,166.09701744078296,41.28190807639905,0.05863865288836951,0.011632699187981075,0.07934236413411523,0.035539141859203115,0.04273211574859645,0.029008893521583468,0.029008893521583468,0.029008893521583468,0.06299870855813614,37.874713265911154,217.80944808229327,244.31792744491614,0.20838447660296883,0.45680313983916604,0.018915840085212205
2024-06-05,0.026891902022312786,0.04603705822611498,0.04054471186083432,0.23752622294546816,0.14648535231711826,0.008033603634426506,4.1096127641645985,22.428945240233052,11.26865566747527,0.011884843841532558,68.71525191577209,22.340065238915408,173.59392109642084,40.01386998393207,0.056742668623582126,0.011973565436966828,0.07387758443263115,0.034229607400245755,0.04212161826859572,0.030799623054588388,0.030799623054588388,0.030799623054588388,0.06004746187008596,36.60531993807826,201.9888697136954,238.92414034118764,0.2263650905471326,0.4562670583793353,0.017999166108767613
2024-06-06,0.027074105493636726,0.046118424910057076,0.039918398065991824,0.2404686854085238,0.1356417895689247,0.007802713238605752,4.059723853873332,23.74802742843663,11.804276611602873,0.011520253034347032,69.21721328322053,21.438173066434576,178.11489072038128,36.939052787142266,0.058613725847199205,0.01199758610006273,0.07900879680228834,0.03640961497529347,0.04047857125407738,0.03142420359569452,0.03142420359569452,0.03142420359569452,0.062982927067514,36.03190324780659,211.3851123849528,236.84738399767883,0.22006557932013182,0.4396888540510554,0.019037352810183254
2024-06-07,0.02731369221647521,0.04320246645404433,0.04082215246486863,0.24726808602798991,0.13599687902960245,0.008148772213841075,4.133825408917133,23.165951335456146,12.062815219579656,0.011702183723230964,61.58598411337985,21.02294809343582,149.800001557077,38.47809977489962,0.05644661014811773,0.011898300074997103,0.07397927751274484,0.03357681412259143,0.04064353756192423,0.03271334711366308,0.03271334711366308,0.03271334711366308,0.05816067858030561,32.51345343957908,215.92459774400464,258.7128633488976,0.2176873071612982,0.4479558052781511,0.018193337702292714
2024-06-08,0.02666727861546024,0.04431199469373748,0.039901699356620295,0.24616867488653071,0.1366983968125265,0.008070134295447137,4.0156170728635265,21.776288122907026,12.00254589594164,0.011581980993821493,60.654620165475905,20.310208154152104,137.9880464767555,36.04698745601957,0.051235732853405026,0.011084220820863907,0.07711777931502957,0.03297313404492699,0.04163742166329778,0.029583049647732812,0.029583049647732812,0.029583049647732812,0.06108514885034482,33.36938146107929,209.297671089617,245.7405470833338,0.22707521159106714,0.4706533470450303,0.01715981580088922
2024-06-09,0.0270127395655344,0.043983562212027746,0.03878285789818815,0.23419832201532575,0.1409085806889977,0.008087439297278511,4.085987535306702,20.856956668847396,11.751972381813095,0.012267753996934283,65.58935591256068,20.78740932729253,158.47935820087145,35.820682791976104,0.05588025719703882,0.011718225689329367,0.07535473331896281,0.035230209411948044,0.0416277165009151,0.030440203535780093,0.030440203535780093,0.030440203535780093,0.06110342646330873,37.25162208880237,224.1787607311307,242.29734793140764,0.2244032716573204,0.47071403152785923,0.017237766344045637
2024-06-10,0.02957170645553319,0.0436297826797844,0.03876165835372484,0.240211857727302,0.1528196704792688,0.007990535415176563,4.253465974454544,22.043503260049878,11.107445767628638,0.01192432763558128,68.6616195410624,22.757519506479873,182.69136011466017,42.82692249483782,0.052454005097124744,0.011850093724125262,0.07513959500142796,0.03411996195580773,0.04340814192386192,0.029957976090653475,0.029957976090653475,0.029957976090653475,0.05988731597751891,37.37199081266387,221.3033054506613,261.3499087320742,0.215592623985875,0.4489175722036407,0.018366731152170825
2024-06-11,0.028865743497202192,0.04497119553759191,0.03960284310855729,0.22993441722470903,0.14702166061411542,0.008030806821352746,4.012318480189958,21.90639387491916,12.309202800867087,0.011828831441951976,70.05791326867916,24.932661153547222,178.45662865037968,45.78977553944858,0.055288606635312945,0.012210912691105044,0.07778821105818892,0.03194791757087694,0.041315201820205996,0.02970900547193131,0.02970900547193131,0.02970900547193131,0.06191943263821911,44.39926941791032,205.2629196703395,232.1321762627589,0.206930599883774,0.4549360316140758,0.018475772568957438
2024-06-12,0.028152861510265238,0.043452171365681226,0.0408041546640068,0.23403506994344306,0.13465385723393264,0.007761953743504309,4.030221881273422,20.003103850924695,13.151261687113397,0.011838815533025751,72.65309483186068,21.489155948968786,168.43120672049307,39.30948222831371,0.05296731667702235,0.011904372118720625,0.07201437345634791,0.03427342715080699,0.04099970344683429,0.02951715025306987,0.02951715025306987,0.02951715025306987,0.06730536382068565,44.33935003961562,221.26191764284462,247.8850623999754,0.20537444542847483,0.47209671801695485,0.016778815289750337
2024-06-13,0.02894282610518921,0.04285366219945237,0.03947951452548714,0.24049340494364096,0.13454802437581004,0.007667312184635346,4.176573083391279,21.416632366563984,11.892710788126346,0.011866456320283375,66.52827581494623,21.745660252812808,159.4464901568967,37.353006730773835,0.05338273032230252,0.012461439442229166,0.07644185687294285,0.035887231831947926,0.04166960334390865,0.0299693154338624,0.0299693154338624,0.0299693154338624,0.06346984796437606,34.579356301865694,215.55801183215084,245.9237620394806,0.22354343785299807,0.44676377643642484,0.017915513731286907
2024-06-14,0.0292954704463398,0.04640259743234675,0.03774457873855556,0.2454811931309805,0.1339031937827057,0.007547774079760433,4.490475164438141,22.04767007034945,11.92698234252725,0.011904615592368805,60.72229195294405,23.746557360542564,155.54695547401943,41.586962580790676,0.057687081911303895,0.012691477360305644,0.07259878759621376,0.034043041206908285,0.0418178010154254,0.03048351750013032,0.03048351750013032,0.03048351750013032,0.060726603352934616,36.211907334699916,183.40893885868294,239.84861361098228,0.22917053257449532,0.48259124731800684,0.017840718453752572
2024-06-15,0.029661791221447617,0.047613974236257864,0.039250938642823856,0.2281728293899491,0.1477016320026196,0.008064378849547619,4.375021760979583,20.899835658657707,12.110071614698887,0.011682364626584736,69.97721265510349,25.141289115387433,145.99878555741603,40.97393237020242,0.05200312856082822,0.011573388877343818,0.0707583144415799,0.03403221846826632,0.042719995264528424,0.03012827594999218,0.03012827594999218,0.03012827594999218,0.06271259081627222,36.461001978536004,216.57680982231892,219.89187838245502,0.22568483710435017,0.45564625742769377,0.0183905019709938
2024-06-16,0.02808942020866948,0.04659839962122958,0.040807867562716656,0.24098054714787678,0.13650711966795198,0.00817403611327419,4.051810615212757,22.017445338690674,12.290393770457598,0.012289101085828093,68.04601293475015,23.231919303049537,166.50518106957367,38.422621619020845,0.053546660869117566,0.011452321873227575,0.07336839811265025,0.03470182508415013,0.041124398031371516,0.030895182003702296,0.030895182003702296,0.030895182003702296,0.06346772529863544,34.73454002052844,215.55095575157608,222.4708696787093,0.21442868298239626,0.45325903329552003,0.01785986886614559
2024-06-17,0.028833692348722736,0.046273904744713046,0.041777690331915175,0.24605046718066576,0.13726109971750808,0.00783197467734833,4.00683968233201,22.330904812100766,12.549269113644108,0.011934396683445163,76.49288190144878,22.82143072232065,167.64278369477393,41.77163314573903,0.05465634887312256,0.01138193002908159,0.07966246565359783,0.03440114487289155,0.04322565650319298,0.029802286645854766,0.029802286645854766,0.029802286645854766,0.06472007325319641,39.897667781878006,212.39770311160697,256.1778296392135,0.21504778235603117,0.4425278170209867,0.01839893599417501
2024-06-18,0.02930112021082944,0.043400629020756504,0.04126663284721519,0.2584928228278983,0.13923097063169956,0.008150496292852492,3.8807831361184317,21.437077336232576,11.621093583182535,0.011690485734940644,76.3246230285156,26.99293794342337,187.2542403292135,45.602187791427994,0.051808516076302824,0.011524528757558612,0.0836758412233267,0.03459608692281572,0.04268170062102798,0.030459331077939005,0.030459331077939005,0.030459331077939005,0.062354913873763594,37.11672913925253,209.2032954567876,227.87091228526447,0.233002387555406,0.45817103102450424,0.017708037696950396
2024-06-19,0.029334929396908266,0.043640293469873956,0.04066557204108286,0.2591734333200467,0.14401765562876823,0.008006424470706682,4.05382132904064,21.768751885674188,11.97197966128847,0.01226450401675221,56.91117879967473,24.644025118036446,159.96943453398208,41.3524060725502,0.0541286574378602,0.0110266460521998,0.07527933978974462,0.03504250590693739,0.04135683604279825,0.02861155513926645,0.02861155513926645,0.02861155513926645,0.062469974377769494,32.33032162554435,191.6936019196197,207.80118496165258,0.22777614054437584,0.4520487581812861,0.017703264414559935
2024-06-20,0.02844442816615289,0.04455073327168026,0.03990820913832492,0.24277766554147742,0.13239548006904725,0.007733915119048478,3.941694041524878,21.555831646618653,12.294089924655673,0.011502247990479,67.83709194812458,25.144160136554593,182.04620812554617,41.80354145158909,0.05404551306084904,0.011825495832304885,0.07560808733162742,0.03526594100757267,0.04370691446536774,0.03053173081976561,0.03053173081976561,0.03053173081976561,0.06390730677495995,35.59987439091566,213.06476739016063,221.69310484445435,0.21628755600356966,0.43022670458973233,0.01752008784021362
2024-06-21,0.02783894492229994,0.04633547962295183,0.04016765119111366,0.23507522908401646,0.1447723723479491,0.0077892501049772215,3.861228255182205,22.100696965515024,12.196816956222754,0.012056508122267892,57.415283028378454,21.82716991462848,168.04825369718282,42.49406973649622,0.056225412730985906,0.011680999752493702,0.0785612272332249,0.03807939360119396,0.03935819535298168,0.029192084103167898,0.029192084103167898,0.029192084103167898,0.06248049383828446,34.27287707334432,231.30885197925693,203.90341833439345,0.21625369410683754,0.45685009844364804,0.017916866029495486
2024-06-22,0.029176595699692477,0.04684306408394866,0.0414713956695216,0.23748927156487643,0.1469307935110155,0.008161379690658598,3.9447368522323187,20.890006013343452,12.464533873262651,0.011382123559745072,60.25175365494721,23.99945237554471,152.91703234835774,41.75749524468608,0.054660292125640504,0.01241250245059559,0.0737385400374027,0.035653443749331055,0.04467084131333611,0.02911356690244851,0.02911356690244851,0.02911356690244851,0.06253479488226339,37.53603986740671,195.8874559356563,195.78716475780882,0.22846360703049487,0.42955593083117816,0.018418406767262443
2024-06-23,0.029014852347754857,0.04554359579630484,0.04027581996888207,0.24116107073564605,0.1369245804864346,0.008260199268129317,4.076042745196073,21.77416797283887,12.836939092174404,0.011837505052038627,63.57871755256993,23.593775211309186,166.80695469791542,44.054544693705225,0.05705053341308987,0.01220093294970003,0.07128308215886989,0.03568379046341516,0.04400723006906951,0.02965395818220803,0.02965395818220803,0.02965395818220803,0.062885167332907,38.640543271094124,166.16680616846674,232.9385742970115,0.23176751995054642,0.444885458649102,0.017729931707887735
2024-06-24,0.028987498468104448,0.0427159914073809,0.037651927053600216,0.22552269306682107,0.1337839697837603,0.008150159266489347,3.9807430409992914,20.92328068123052,12.382401570075931,0.011846705277395325,74.85124632764399,21.96249435384843,168.04430952300163,39.78801974704166,0.05439635583918561,0.012624868738051156,0.071693852349616,0.034457338947953955,0.04159983807232434,0.028918012768081442,0.028918012768081442,0.028918012768081442,0.061289169469623435,42.72423597670804,200.9667261028272,257.6226712055274,0.21498492143332434,0.45050654705143955,0.017408655578516414
2024-06-25,0.028648041415190065,0.045479072332930165,0.03882742458476673,0.24298497840139385,0.13442134952325033,0.008194660271435597,4.023355829712973,22.374861657452456,11.748281758119742,0.011465952771570167,76.85405806532451,23.569597754975863,173.28481589676613,42.22839088739374,0.05348221897409554,0.012369597317110527,0.07433320507903007,0.034016450548463376,0.039912231287470214,0.02882493661119541,0.02882493661119541,0.02882493661119541,0.0646485471300296,52.14381750634805,220.94794607644866,292.45351778117293,0.21652181872269924,0.4726951250124692,0.017878189211847924
2024-06-26,0.02827787918574004,0.0436501626086526,0.03957222456119979,0.24028439559660686,0.13973677059067377,0.007870093532857505,3.9267278177082146,20.775959161782797,11.624205018209665,0.012482411422797362,78.68944640866569,24.775279842558646,193.61248096435122,51.83646809879149,0.05639763679636251,0.012981933856454285,0.07389987340583776,0.03353341717906659,0.0425722888317806,0.029604744341909985,0.029604744341909985,0.029604744341909985,0.06387026637265612,45.275066602806156,207.93447027585952,266.51354454600045,0.21999919344794547,0.4557279695301417,0.017521817421981264
2024-06-27,0.0277311559033866,0.045613903533612915,0.04001733926486791,0.23261514687488605,0.13587055172422413,0.008312742191134105,3.8831053305208334,21.268706859702103,11.816344948951668,0.013053531767804119,66.6781435483685,29.553201452294722,173.06825430856193,41.587439267515244,0.05568775680468341,0.012749763322920193,0.07657934265681646,0.032869961390471124,0.04062249738135516,0.028950167807283614,0.028950167807283614,0.028950167807283614,0.06327941549601891,39.19886999486725,210.4214906002449,216.79886271308848,0.22201678972248676,0.43219163230408275,0.016667676946094653
2024-06-28,0.027271613273271423,0.044958369218879954,0.039615234357448105,0.2425597477739532,0.13603784825477297,0.008074213927727418,4.129895711780983,20.812290832765854,12.135801473404996,0.012052925567226334,68.60971345600079,23.376663523732127,186.04394040469126,44.33150936032159,0.054914613648692816,0.012105030436707166,0.07641139999351487,0.03519326443985338,0.038784660521165665,0.027926823045897955,0.027926823045897955,0.027926823045897955,0.058009838713304604,33.65522830464017,201.7360821122059,220.47411802516345,0.2175968000365197,0.45600314584466983,0.017222669812194974
2024-06-29,0.026883859035964037,0.04604511629230432,0.03855119041378006,0.23840829742501912,0.14299457347276334,0.008452987127515861,4.018913715229835,21.902576082217983,12.35575275841542,0.012336461522154049,65.44818783371318,22.553495809256034,180.12196407520457,40.69079702227949,0.052348849863123166,0.01198796067356523,0.07430256478394057,0.03404665565675304,0.042034102085246175,0.0298847838211802,0.0298847838211802,0.0298847838211802,0.05921058064783935,37.67469326168654,177.8108845298335,246.36654635391054,0.20833057259906884,0.4742479749416937,0.018349322171214988
2024-06-30,0.02824330252909605,0.045921560980053934,0.040185072695597644,0.24314828698647692,0.1404233997848079,0.007983047326207323,3.775045738470415,22.526963816574753,12.06155335522459,0.011789368090235633,73.10113405279762,25.29501592732802,181.9221364322263,41.89837939541853,0.05262069423919314,0.01264792132874817,0.07450793052460046,0.034373263788082184,0.039783890313561464,0.0296484865848025,0.0296484865848025,0.0296484865848025,0.0593658609351391,39.6205494922634,174.4755588477916,241.5618328237763,0.2141338614108711,0.47746282056550343,0.01783024473269978
2024-07-01,0.02920172022372222,0.047542506936272697,0.040383159620074674,0.23468925846199462,0.13747725468438768,0.008235632560842459,3.9247740635814705,20.814972168255867,11.952844211952758,0.01223245428783193,87.1824546020053,28.535694592447836,207.54899516795427,44.58004335835225,0.055022231487353176,0.01236299920402324,0.07300541986805081,0.03364494270025866,0.044634221302170846,0.02852983013243018,0.02852983013243018,0.02852983013243018,0.06180229330395957,38.14135029910311,191.77933687400545,264.8656708338221,0.22033184708061293,0.428875127120086,0.017723921765591337
2024-07-02,0.030538384771674507,0.04639003051586638,0.04094013838347756,0.24420045347834432,0.1441963540737529,0.007641723804102958,3.8480352855323865,20.8943239330339,12.263502842775095,0.012406357755800979,80.85561438204155,25.61737840250319,196.45515426023155,48.80656520314145,0.054551887135882764,0.012422020310740875,0.07301984289852484,0.034020753205839166,0.042610933492797834,0.029931892257368278,0.029931892257368278,0.029931892257368278,0.062374829620596005,40.40879498738698,223.95938960500715,291.79111065553104,0.21128633342740746,0.44596124079638977,0.01826538321459928
2024-07-03,0.030088686781862155,0.044818355398127695,0.04113794823068681,0.2507439817254638,0.15197757775454784,0.00811248487892167,3.9101691476696456,21.395137085646027,12.490998101622125,0.012277818373805796,68.0259464118313,27.901847430517698,175.47718254518907,43.162622356288985,0.0570944273772775,0.012389644681847448,0.0766502354053376,0.03452296722469313,0.0445262360032146,0.029941178297248072,0.029941178297248072,0.029941178297248072,0.06209849316209651,40.11740929770017,212.73097671563505,267.6391914716554,0.2083207748209064,0.4276758312640472,0.019264379244196658
2024-07-04,0.02896695906858321,0.04422067019946537,0.040523583870453427,0.2467493535753432,0.14724948780417507,0.008173963266547275,3.936735327311503,22.302817879807638,12.421985705232707,0.012138712610403828,58.69839044206256,25.9303819652914,161.443476815043,38.78492431098054,0.05281125070490884,0.013080336538246277,0.07977698889902635,0.03273667548076594,0.041218467174584,0.02987548816833376,0.02987548816833376,0.02987548816833376,0.06359485243996177,36.02204497922114,183.1184714309014,240.52030396379342,0.2094633442942268,0.4586551804272354,0.018636943889707634
2024-07-05,0.027982942455230912,0.043009452737367344,0.041649812869607894,0.2530237326541918,0.14039103693014438,0.00795170037544366,4.13045799391504,22.697727763086988,12.701252307408723,0.012857162465000509,74.5662877762731,26.796959278306424,168.4790987363007,44.136600897728194,0.05245472769697582,0.012102545915448756,0.07480365557410824,0.03373663860186596,0.04329390684771171,0.02964927173145222,0.02964927173145222,0.02964927173145222,0.06254583086482865,41.933118418174956,207.51030616056204,260.79581162172445,0.21398976090149693,0.42606469373661443,0.0182691006332439
2024-07-06,0.026963377870097734,0.04559978533351416,0.041579030719839614,0.2417301732834618,0.14274165093650099,0.007875309638691121,3.8052890292357606,23.43206521674535,12.389379493957657,0.012954773338423833,63.492521001146976,25.544201984325618,181.82246104962803,44.59605682940257,0.053117783502520756,0.011642777508854923,0.0748945792635208,0.03413490667911782,0.041019921846776365,0.031371537314383954,0.031371537314383954,0.031371537314383954,0.06041855449922944,36.68221012268225,190.56592876697619,241.21716025709827,0.21886320630380512,0.4364276824511125,0.01725938638004756
2024-07-07,0.026784397769395427,0.045091023343281814,0.039274967501681496,0.23991926654364126,0.13844473442693925,0.007789895171749578,3.706558203974982,21.658258666551323,11.526963172717991,0.01339252623026608,61.97829354091444,26.24146900151289,172.8532360101824,46.064266681077854,0.05515859333155834,0.011508889634003108,0.07947030680069132,0.034014090963305245,0.042178761251822065,0.03019738006756337,0.03019738006756337,0.03019738006756337,0.0614706423727268,30.882196870650166,228.029194977243,254.81268836788053,0.2141829481642504,0.42376205783997095,0.018166886930742098
2024-07-08,0.028679810762049878,0.04569793477716739,0.0392014246152324,0.2609157727842544,0.1372505326718848,0.007926798682721219,3.958267478158957,21.05401900451868,11.889529785642114,0.012934765012762292,65.8464522186924,26.632721893891148,186.0889011115413,50.82615999680336,0.055555254987776886,0.011862418113395567,0.07380049071359214,0.03458273111848339,0.04076868900254464,0.0317691491262554,0.0317691491262554,0.0317691491262554,0.06216057199182349,33.347160121873294,256.0479822118306,262.1941805172409,0.21533976981408395,0.4645541740360185,0.019599761363657167
2024-07-09,0.028015229188862546,0.0443852253341547,0.038293553337038676,0.24366933213686215,0.15037810026297804,0.007726474552811593,4.172067696424309,21.318837497165696,12.070089523585771,0.012281120423761003,78.00384870019363,29.503640589148876,193.68740920994952,48.1481743826001,0.05409082377062847,0.01282853292764034,0.07701972493604414,0.03249145169041455,0.040784555178380866,0.02850679152808586,0.02850679152808586,0.02850679152808586,0.06318617162472709,39.3921879325057,232.6259405010201,275.75092105998345,0.22756049960804667,0.44972901051175923,0.017961942389388343
2024-07-10,0.026508674380812315,0.0464651968690989,0.03999035825389308,0.2435098807468334,0.1377539192767999,0.007981626998816911,4.023556814064651,20.965682579137095,12.661847927818016,0.012795025596274915,73.32334896549195,31.438835965847428,187.9064785925656,45.26816471617667,0.05563170791467133,0.012122597531005181,0.07329810249065098,0.03293513521904012,0.04315443203136972,0.029548141168818525,0.029548141168818525,0.029548141168818525,0.06149291396880446,38.881117932620015,262.2236959715208,281.1315651990954,0.2216431713200642,0.40936556625970494,0.01729869950508415
2024-07-11,0.028196584720745196,0.045113548343988466,0.040464612884039707,0.24310554496642303,0.14461941850257662,0.007771652444862587,3.876403510239796,20.995381987801643,11.592959059307155,0.01218963720210552,63.41205636809649,36.22057647420203,193.19644275455394,45.32706563511252,0.05469760730899669,0.011753960174320689,0.07265125710928223,0.03454048008907024,0.04160624651380985,0.02918954358704222,0.02918954358704222,0.02918954358704222,0.05835651813736741,36.90036415016668,203.81656717852374,254.66494592423038,0.2236859918798542,0.46686447575612516,0.01740754602830688
2024-07-12,0.02788063010799055,0.04573691589246563,0.039426274631486014,0.23554484006345017,0.14787618198168745,0.007480381516334809,3.842794288178306,21.791310010296154,11.989123522704372,0.011871229465575894,68.55202568607027,27.404292580402156,210.7929408195366,46.274109662210684,0.05549713750434757,0.011598676325022756,0.07080700451826241,0.03334298787835288,0.04123166578441047,0.0274367095360181,0.0274367095360181,0.0274367095360181,0.06049315296092384,38.10134918471357,234.05156007948088,244.68446066063163,0.22510964436689543,0.4534791108747522,0.017588652244627787
2024-07-13,0.02789669464353084,0.043265407947969646,0.04130680978735938,0.23899808557902458,0.13261041479997807,0.007883452226243908,3.894611753934178,22.811350249115897,11.311226397588943,0.011724249451549472,67.85945825670912,27.29655035627935,199.44150391625936,48.20791157604963,0.0554622565113347,0.01195628079919605,0.0692372635315779,0.034530917536200245,0.0424880818798368,0.028020965938176576,0.028020965938176576,0.028020965938176576,0.062023061260013904,36.69959405692694,227.51407219821954,254.9264508171944,0.21962400749913574,0.42435239102865113,0.01774706082865486
2024-07-14,0.028453605593542496,0.04656089805042396,0.041199419164630234,0.247550782401166,0.14571990846492672,0.008239635412918521,3.843983851625558,21.891060204263738,12.001114281931391,0.012583245828316821,69.8353806768952,27.47880247243526,210.43565516697026,50.87806213568067,0.05673067300335986,0.011963678140874175,0.06931739708425731,0.03470603864749875,0.04062338648464973,0.02868681020182971,0.02868681020182971,0.02868681020182971,0.06480854931031038,36.51696512318096,208.2591101324565,254.54230322347166,0.2265535497817073,0.4471652230657167,0.01848421358027045
2024-07-15,0.02837715243995207,0.044658102005654954,0.039411348460463604,0.25089827808138765,0.14377083085165807,0.008504400222367434,4.003722315725258,22.109340431780726,12.257760296713435,0.012463886737798163,73.07094129233857,28.310581763397185,223.14823229215926,51.91646448977414,0.056012426905940695,0.011987027486802094,0.07311848847151668,0.03373734319605753,0.04168135802652477,0.030448202271538233,0.030448202271538233,0.030448202271538233,0.06223395970276002,40.29976470001912,245.52538892915987,260.77920852699987,0.22745263593632017,0.4717536717552381,0.017963487740043034
2024-07-16,0.029314042897342924,0.04739818896808462,0.03943420884332293,0.25068618347869714,0.14062664280576226,0.008127817863560382,3.7372212246662073,22.159055945616203,12.206298587186893,0.012022881297367135,81.85837362591288,30.810809052898076,214.36401227118412,52.56489825441847,0.06098285507589533,0.011729140221418603,0.07567371203669948,0.03577558506407889,0.04231119892590556,0.02999905702223739,0.02999905702223739,0.02999905702223739,0.06458827952156432,42.806130169608046,238.26836243507606,267.6823187307337,0.22238828702397445,0.45787195506524503,0.017804900007714036
2024-07-17,0.027807624734107573,0.04504223452192893,0.03758398272951487,0.24652592332657886,0.14050756816913523,0.008522014467893056,3.9256629417214413,22.550145752327225,12.728202823149934,0.01195789821729687,87.16610552598333,28.885860749609773,229.60281625949705,52.14335029060192,0.05451924703766621,0.012667164824277613,0.07540429114615887,0.03272781333213502,0.04171447283998771,0.03070493158964634,0.03070493158964634,0.03070493158964634,0.06298356954074483,43.004219543134155,249.4629100975085,266.124604776397,0.23707929013686738,0.42917327514212517,0.01838886262305989
2024-07-18,0.027730352819165267,0.04695271885283531,0.03894112407446414,0.2464312049763051,0.13531654123475842,0.00818015121233301,3.901497950140125,22.01277155054855,12.640214668682361,0.011842932008393179,76.17803544440717,30.131208509205518,220.3870729087922,48.55317983783388,0.05546087018355977,0.012501558980733353,0.07555783748096391,0.0350755727584961,0.039033046280128096,0.031173259894739985,0.031173259894739985,0.031173259894739985,0.05999886490525449,41.423228658322216,251.36560570928876,308.3438295698354,0.21885574390638626,0.43669676135736557,0.017702291692327152
2024-07-19,0.027994269291125116,0.04362765167064967,0.03928711793393038,0.24173621984268498,0.14018519257386747,0.00764661937109541,3.9876878552418464,22.300001184833633,11.943826093045205,0.012408386468307378,75.75035419173416,29.75403847767415,225.5586594083431,48.89645162360728,0.05339387843516454,0.011899138839957522,0.0749983985736584,0.0337054980961352,0.04128440050134493,0.03170382042649982,0.03170382042649982,0.03170382042649982,0.06191061510030274,41.876036110959205,228.88702255957304,278.06991499782356,0.21590625933444435,0.44657707372241373,0.018279551160058142
2024-07-20,0.026320632748967617,0.0455414341819855,0.038674715283056,0.23299381981283168,0.13792940441818657,0.008090458249241539,4.333981190634346,23.355620564593487,11.478566408449815,0.01277339625726032,73.39018168438844,26.621538484042954,211.3228165795562,41.65124485192082,0.05334203430646707,0.011821200662749087,0.06888221093785328,0.0339821623029215,0.040362767143704674,0.031084307424875574,0.031084307424875574,0.031084307424875574,0.05573950627013776,38.873756373825266,243.50770867151724,293.63216440167236,0.20825745700436482,0.44929345377121876,0.01780604385480675
2024-07-21,0.026771492078818834,0.04477336388165809,0.038083736143614065,0.2488291273644636,0.14095331072137515,0.008350652690947426,4.061675833204365,22.0507207821088,11.400954696317921,0.011729710250424399,70.19067956042566,27.31704167248863,180.94830979140835,46.83945430431501,0.05478416728380121,0.011984298376323201,0.07102189266335579,0.034250066457381455,0.0443732294131083,0.03126996099314442,0.03126996099314442,0.03126996099314442,0.058614058858960434,37.16595527320627,243.17588353394274,265.87070509983386,0.222130305028332,0.4538626525759555,0.01813469082602872
2024-07-22,0.029344440842262322,0.045027946574504485,0.03947754690577153,0.22914601904217263,0.13568759926597293,0.00823446729186252,4.104015049035249,22.349915949606455,12.03197905285981,0.012446570108323831,72.80690708207786,31.717088406289726,170.4515681288432,51.84787079595419,0.05544229385133987,0.012388810011109693,0.07446049895824898,0.03250886392115113,0.0450500589751427,0.030542185059432837,0.030542185059432837,0.030542185059432837,0.062152115426024904,43.62107259618265,246.01898352005975,295.3985459181282,0.21953728948370588,0.463213595639805,0.01958746000230577
2024-07-23,0.02824770431167932,0.04755850889965249,0.04141516732288639,0.24724684242046596,0.13940221144876278,0.008043086324061052,4.252535673476849,21.263220227860668,11.559952646287426,0.012189278767486674,72.8967579397173,30.48900972879201,205.25655827621782,50.74247157968039,0.05237278805448982,0.01158057453336236,0.06976134241318706,0.03346475428471431,0.0446755118295237,0.031245925241277263,0.031245925241277263,0.031245925241277263,0.060491521596078054,45.721367010337225,252.30062774119767,276.6526996708046,0.22456239259566646,0.4316854630836101,0.018621842188088357
2024-07-24,0.027642324323896735,0.044670843340164156,0.04081001002966433,0.23721675494880234,0.1383613096105796,0.00792044617103385,4.180077293111659,21.566122990588138,12.458168292744359,0.012223363694612388,70.49641627824579,30.033110867942312,216.65759396111528,54.12338895506503,0.05306438717228319,0.011772638277443662,0.07389996305485999,0.03299162513418195,0.04394186152607223,0.03034605810604295,0.03034605810604295,0.03034605810604295,0.06237936489291975,46.69876891943193,258.8153661363752,277.8269013652668,0.22149793465662607,0.4434286798182208,0.0189356306036909
2024-07-25,0.026833285046826288,0.04571516533546798,0.03905606552411208,0.22861189449135788,0.13802941046359687,0.0080126403534233,4.135623560262491,22.406067814940144,12.571760137084702,0.011996713309659991,71.54239385200181,34.942588996287924,226.80743580446455,49.699985040269645,0.05446216600655147,0.012042042161793182,0.0731618510847655,0.03564911925122623,0.04148647053778115,0.02965509864478312,0.02965509864478312,0.02965509864478312,0.06475510140068907,44.35709370372037,229.0408634380311,258.6415534602263,0.21258548590665682,0.43952569485616527,0.018183807582883772
2024-07-26,0.026944212786070884,0.045605642980226735,0.03935535905078872,0.22748554159458506,0.1402020306346541,0.008179785018277937,4.164997715823312,21.09379125266927,12.642189078513628,0.012169878737315128,78.2780701993196,32.04497186069786,209.64790234361024,48.01398359671763,0.05816738066329747,0.012034290615870616,0.07772258682112212,0.03388934012954872,0.04228944451245885,0.02992667078874044,0.02992667078874044,0.02992667078874044,0.06339716351430955,42.25743857072433,211.27902237025327,250.5304639719297,0.2132206849834382,0.45950379960524873,0.018075645478012756
2024-07-27,0.029029167292802204,0.04594069886296407,0.04006183171614743,0.23889567934820685,0.13419899417144593,0.008047135357356648,3.847137242847047,21.04370362584771,11.887738733461287,0.011866262687816974,88.0875429790788,31.953727630180868,195.39718309635228,48.359289342024596,0.056255690885030005,0.012403758164120988,0.08305598506733057,0.033834027623402665,0.04251419196856868,0.028816107623409994,0.028816107623409994,0.028816107623409994,0.06210722755498405,44.80580608136883,240.5627745922493,263.38562375228787,0.22009490734448736,0.45871039841000283,0.018861875180983912
2024-07-28,0.028394479269576743,0.04567179646383935,0.040752396695737735,0.23010714436163346,0.14788426464559126,0.008137806348719608,3.865782484845483,21.11997364847174,11.629433478341294,0.012298870797224817,77.2440568800992,27.532591192852617,192.2683726299697,48.52818189205997,0.05296651739457805,0.011453015145661046,0.08101103847350007,0.03462022625482282,0.04020104915194676,0.03098086978137367,0.03098086978137367,0.03098086978137367,0.05739183423398871,43.7121446179152,246.41527305672966,265.51995516073333,0.22274938770516856,0.4383089830549794,0.017812445571060972
2024-07-29,0.0255211512010929,0.045168302606926856,0.04099998030929751,0.23413701826155278,0.1407062309036569,0.0077541039197370504,4.005088982291955,21.702009978631175,12.212618628772367,0.012466938858171121,87.04560667034653,32.1609100196491,233.48354402077638,57.45218759163296,0.055173050657364726,0.011943558717957582,0.07788033804612636,0.034540872907608225,0.043512520010618415,0.030358853162936586,0.030358853162936586,0.030358853162936586,0.05903201224868354,41.25849487003743,239.1645322998101,304.47634416590034,0.22039437783209753,0.4146737208093689,0.01836851304210664
2024-07-30,0.02793645318931718,0.04445071327119541,0.04013378461565753,0.2266523703079193,0.1447728606492855,0.007805197430297194,4.266592697678093,22.071870986912185,12.665188553154955,0.012105730765770971,85.52854019912365,30.910687210281715,240.02951686092194,52.56426797019844,0.05585092746300537,0.01172240699924774,0.07759960095136334,0.034111486282325874,0.045243093602549814,0.0306819233146739,0.0306819233146739,0.0306819233146739,0.0640932575065476,42.769474200609324,225.96755119159909,298.8825673324349,0.2188353724726613,0.4288826802443561,0.018106985170139287
2024-07-31,0.026831436315806718,0.04542263790957782,0.042646448507090845,0.2393400289292842,0.1476048239198636,0.007893674359614695,4.2875128028193075,21.50173158909737,12.853136780640641,0.011932027819841224,87.54182352628273,33.16076173925821,231.9207497638461,54.985927592862204,0.053616041823331524,0.012158189867291464,0.07147328722681504,0.0341143694356139,0.045601238074764426,0.030295073508008353,0.030295073508008353,0.030295073508008353,0.06059049549495273,44.85187601250023,227.0459689241037,273.11120018138996,0.227061736129946,0.4543307945486157,0.017377813646276025
2024-08-01,0.02842430730946782,0.04691235262106612,0.03979991496639002,0.23475526785299375,0.1352036026704853,0.008152051546208643,4.147790460528007,22.02635973206348,12.722195272292717,0.012004199419840017,79.8835577976121,37.07884335989799,215.204950502732,49.040911394543485,0.057091946397865176,0.011920004695185496,0.07540483680729546,0.03458370813681096,0.044091734330912624,0.029311486257172635,0.029311486257172635,0.029311486257172635,0.05870890230522348,41.11261788513023,248.14600716479094,290.0246712692107,0.22105694874856058,0.4542949973060566,0.01692014638163427
2024-08-02,0.028053938720360026,0.04552461919907088,0.038456851911279254,0.23583780463988963,0.13638241091787234,0.008296971327879592,4.130118964707279,20.935099984841404,12.201899176404273,0.011982987491759868,73.63013165992469,31.061979237847943,208.1139975312962,52.120004297530336,0.056705361543181385,0.011232973339734477,0.07489288733499423,0.03534479613987127,0.04041852669254704,0.03100435081129177,0.03100435081129177,0.03100435081129177,0.05894515576196146,39.437095013979786,268.9876987174162,282.21482893425116,0.22541544892904888,0.45870184701691447,0.01835704485042376
2024-08-03,0.027646961937810646,0.0473579862491028,0.038442414208044916,0.22814104574649546,0.13676495367062566,0.008164978293775778,4.10311091422623,22.398350546655227,11.955400905974738,0.011762296651228202,75.82752952254033,30.071240278344856,231.0512174394992,48.698724009264545,0.05458654091366214,0.012004965348285991,0.07327608991736437,0.03554779258245422,0.040235537758425775,0.02979554697003502,0.02979554697003502,0.02979554697003502,0.059553407950673494,42.411424638780595,242.48353428168096,282.2067083440147,0.2245482926822499,0.4721094103635682,0.01876118303322411
2024-08-04,0.027804233816620207,0.0480337695289253,0.039321391039614684,0.22323950217918198,0.1439717191433721,0.00831444074442397,3.988727241444366,21.44730307017376,12.057934927797582,0.012147130483004795,68.9399998754758,29.653916582356825,207.0443391162596,52.538589316035605,0.05182228819446255,0.012074240831390973,0.08002531645086379,0.03357519212255438,0.04034822188281427,0.03202530466492738,0.03202530466492738,0.03202530466492738,0.0621016985937095,39.21841448101594,229.767787949835,303.72730749564465,0.2243190742216651,0.4463034728161427,0.018499175403037672
2024-08-05,0.02820256990747648,0.046794836495066286,0.039462076217320195,0.23361704695669858,0.14209087709469728,0.008206297753580154,4.227047147504827,21.913023427452657,12.344221990226895,0.011895481569435793,80.15376053158367,32.664972811754154,245.43682458246764,53.22810976906976,0.05510232884183292,0.011513511021812885,0.08019690596077775,0.032746547134256815,0.03990669347280653,0.029664321224788112,0.029664321224788112,0.029664321224788112,0.0642987126117601,40.48956211160121,256.48314399095017,304.3449298354392,0.21707264488685257,0.4523008248211822,0.018369682065147462
2024-08-06,0.028730234016455226,0.04170571962564602,0.0391455517869472,0.24779456564540267,0.1424012285344414,0.007568851585585909,3.9262197270469166,21.77584040597973,11.904961855517218,0.012470437217770499,90.40257976199322,32.31003136212614,242.67761272324145,55.663685530079654,0.057011679532876905,0.011402563960843201,0.08007256108218658,0.03451284492657348,0.04030644649119884,0.02921828929465474,0.02921828929465474,0.02921828929465474,0.060806853317317555,46.7500718232212,277.66138396827205,285.6600734389298,0.2319521041776041,0.427580678466517,0.018358750808329483
2024-08-07,0.028385425535681307,0.04161362837334575,0.03935395195554759,0.24085247843203253,0.1451480367431876,0.008024401899103119,4.116052874100775,21.21598254687856,12.577083697981363,0.012460547447166336,79.22765920539116,29.892944122855532,248.6789374061793,54.52683406798836,0.05790336753028368,0.012139760198949537,0.07379774026347033,0.03447520363672267,0.039991512728400895,0.03168866232759331,0.03168866232759331,0.03168866232759331,0.06202984283676909,42.144010189821365,253.14173336278714,303.2550308353819,0.2328993523426423,0.4508613811115367,0.018580911965144883
2024-08-08,0.027963527079543013,0.0453649194526439,0.039119622104227605,0.2323754019193568,0.1428993336850357,0.007972622866025377,4.186676919788304,22.314415057726446,12.008722609295397,0.011982645659035321,74.45257440913073,32.07617276084341,206.28315045530928,46.73290092974912,0.056145562168299835,0.012799677477248937,0.07568920852850854,0.03522934358517085,0.040953155120159984,0.029631226676662268,0.029631226676662268,0.029631226676662268,0.0622309887538332,41.36215128410997,251.19105032215396,300.8459155967878,0.22884886879643035,0.43057014394052784,0.01903651182524907
2024-08-09,0.028763665105620912,0.04389924766770859,0.039997989334785544,0.23144706508248244,0.13234192527580702,0.007978826969162819,4.177839387450455,20.85684492027371,12.061535013952678,0.011597643043925462,81.54540938384756,30.721229768078327,204.05816548068242,50.31925667748724,0.05542442721392736,0.012517174638692794,0.07447839516179997,0.03529242178341407,0.04113769947152338,0.031197565798400897,0.031197565798400897,0.031197565798400897,0.06490649089109829,41.134347295254415,256.93064526533567,287.362574104961,0.21898504600156118,0.44575746572072505,0.019031926892346198
2024-08-10,0.02922079989402992,0.04533996097977983,0.03960708468747875,0.23471549060294897,0.14032204586966382,0.007553642643221454,4.112111346490812,21.40321428685764,12.317371427920472,0.011350473719960678,70.96033561006885,30.24395136162564,214.26464779722212,51.472559351217,0.056017847848424944,0.012368006820580492,0.0746676900078214,0.036184879875666306,0.03953257433509425,0.029566991213255355,0.029566991213255355,0.029566991213255355,0.0630067246145114,41.35005953491812,228.82915872469195,305.71984889577703,0.20610421298457335,0.45970055144597627,0.018008540763930322
2024-08-11,0.029263682272772724,0.04775813741476968,0.040001402922409855,0.23073356411604765,0.1388437910158299,0.008153500982057726,4.022215512603397,22.903984807969408,11.859697336745878,0.011565452070572335,88.98262118414473,31.78228033488176,205.01065776635846,54.05040203132565,0.0531953999304334,0.011948189019876302,0.07507187843926036,0.03450725416320733,0.04266696598806937,0.028511277081181202,0.028511277081181202,0.028511277081181202,0.06125978631730964,41.633913690080625,246.98159439441525,277.2136109954955,0.2209513206159482,0.46124742998188517,0.017832957733981542
2024-08-12,0.0277504393928519,0.04540529872368998,0.04029706937391886,0.2277018549102475,0.13600236519546025,0.008125495506877327,4.021579159270806,21.898121217760416,12.192693862283496,0.011838846764264822,92.38474742800526,34.45508668167568,239.39330305793212,55.642360103854365,0.05562905150174719,0.012061982501467094,0.07242086896050623,0.033819784236656825,0.043149283906495334,0.0309539746335554,0.0309539746335554,0.0309539746335554,0.05901570041644887,48.87580909114651,236.90779588917425,263.06275220663224,0.21622751774018023,0.4661683613294433,0.018023596981938193
2024-08-13,0.02857759563142921,0.0432106674374734,0.03793460360619445,0.2269948175505647,0.13674257458052563,0.008343080482643223,4.497196670738534,22.54458611449219,12.365968801170812,0.01255212235591887,83.30661287241648,33.04451503204412,265.3204281596086,59.61443243920274,0.053718266953835456,0.011700860391122432,0.0741685844754458,0.03411848028615657,0.04315907352672982,0.03021790493541388,0.03021790493541388,0.03021790493541388,0.0612880980972919,40.361015924511726,244.40232225830422,255.32963781493837,0.2178046254594498,0.4558291865652689,0.018059487373192108
2024-08-14,0.028695654419326633,0.043033955280962446,0.039320426314534355,0.2261157768709467,0.1391192491937882,0.008177829175397187,4.289656324487105,21.90688033968978,12.106237531777913,0.01179076410882708,85.3700256338913,27.247987872267537,243.00450316120518,54.137369493784675,0.053465354406805714,0.011635427562117,0.0801423979346377,0.03437604812878142,0.04308381527730867,0.029692292971625976,0.029692292971625976,0.029692292971625976,0.06279794271422626,41.19848150118994,270.8047100713731,285.6061521483081,0.21404524625499263,0.4508459328760451,0.017373209747692134
2024-08-15,0.028091995568639196,0.04657039945291217,0.04180816739190565,0.2301832644198653,0.13511849277914406,0.007973781706767616,4.0223399552490555,23.21473705389378,12.536257370872988,0.012425551150840907,79.98068080680383,29.12812339344965,231.80095559868602,50.400635720008744,0.05403362259322939,0.012395032717398972,0.0768709228559523,0.034510105646166,0.04276217808717888,0.031260416718015625,0.031260416718015625,0.031260416718015625,0.06321376385128248,43.22392308010533,248.29643863289553,291.9497716637647,0.21516863524426005,0.4168954559512964,0.01748148913772619
2024-08-16,0.02851515010954996,0.04708147308312598,0.041113891161653815,0.23824705148871742,0.1368319849041936,0.0075642984646342734,3.939728320127397,23.29715422225652,12.646179505148352,0.012593910865523727,76.79356179576891,32.323044730057,217.61190958074812,60.14241552690811,0.05060479429324328,0.011888643202159486,0.07135930741596377,0.03219799456033857,0.04271154047866979,0.029967405718716172,0.029967405718716172,0.029967405718716172,0.0626770312756833,44.59877005132219,289.26619762760885,279.1119392683813,0.22170728258993114,0.45308985907257254,0.017823746215362486
2024-08-17,0.02726090058287688,0.047320469242725136,0.03980900126705872,0.24596562315831857,0.13902149484191706,0.008257575954036289,3.8427840687927524,22.432510707987593,12.153188145172809,0.012562070778065555,75.4201563355401,32.76123768863474,212.6999788302604,54.86649780115243,0.05393551904406256,0.011708668022432278,0.08057171043996317,0.03197039581806072,0.04372072327729636,0.027515072468512897,0.027515072468512897,0.027515072468512897,0.05998240632358367,39.017700826423905,235.47869295264712,270.9693819312494,0.2119070728071526,0.46510700099652524,0.0175317021014289
2024-08-18,0.027604594152995564,0.0452202500733586,0.0410094190583393,0.24505988826138125,0.1410604657759418,0.007924498412657806,3.8414936683909935,23.334592500990823,12.04829751691536,0.012552708263057774,79.3288903225643,30.410766092680348,235.78710184687372,56.41908386323557,0.052392254459687725,0.01238529043586387,0.07492547037083869,0.032483451548119574,0.04123214619702779,0.03000379141830108,0.03000379141830108,0.03000379141830108,0.06470272988959995,38.8931287727975,241.21288412925796,283.03659560661737,0.22110020849920414,0.4625333977126249,0.017859541136495374
2024-08-19,0.02876725763987328,0.04519722339123978,0.038462495271542205,0.24067508994771483,0.14320426122315158,0.008555269581670103,4.069691868759275,22.393460211002612,12.461374879713247,0.012406128132838867,81.48837063759447,34.835063855205156,228.72486522906212,56.56748912007137,0.05164855712594929,0.012239815704089356,0.0727174755416106,0.033586632457063295,0.04216929504039569,0.031183270149313762,0.031183270149313762,0.031183270149313762,0.06171083134255822,44.350248595967344,249.7292016366079,308.2369721557914,0.22626298550765345,0.4475558567134094,0.018016914259331933
2024-08-20,0.02894451212470746,0.048937663625842856,0.04169839696557512,0.24821168149593595,0.13783500864065046,0.008095336578899427,4.063990598645782,21.919340729924034,11.336463620680876,0.01209852989809523,92.39656203104944,34.24545225073077,230.12360440325256,62.45634552121836,0.053183790551154686,0.012157827459830139,0.07501688190544858,0.03456806253184737,0.04152277195508622,0.03135956856169137,0.03135956856169137,0.03135956856169137,0.061881396262111185,46.04416007028087,249.85371306312788,313.5461220858697,0.22263149581260636,0.45597999820769164,0.018357071540687938
2024-08-21,0.027750019166839286,0.04517117405428124,0.03965232967000352,0.23585033204692724,0.13138415842633888,0.008394413685283538,4.151936146489091,22.707141759842557,11.23153435540763,0.01172929154785461,80.21463617444569,34.570194048784934,235.21414727492606,64.65608362366554,0.05675588882444647,0.012350042122047319,0.07426887754327499,0.03297318866639919,0.042467343227137556,0.03152321483763983,0.03152321483763983,0.03152321483763983,0.06352875825260325,41.95273732224743,259.0755984560752,310.30621790251325,0.2185182626837807,0.4524388968441527,0.017439087145468553
2024-08-22,0.026294307740181964,0.04568984665639371,0.040948831849574145,0.22666817379768128,0.13863861078542003,0.0077933865324652535,4.077009411127579,21.586074849869657,11.896886156431625,0.011315386751350832,78.7228984684017,36.28849823940482,231.24050744132097,59.06756760368696,0.05218635878702687,0.011436796010599506,0.07228147732142282,0.0329010901088804,0.042318063111031715,0.03004464674718863,0.03004464674718863,0.03004464674718863,0.06761569181021419,43.5866352889546,265.8974093032489,315.3479759903558,0.23304063240706077,0.4712921617620752,0.01670547139411443
2024-08-23,0.02731132180296855,0.04662916858855093,0.03995712903804911,0.2370469456043259,0.13864062301779226,0.00818438205513688,3.9028068249871324,22.060350183512682,11.710427067638932,0.012050031197750607,82.75882205901137,36.174725098379376,222.56310279800255,61.51424991056882,0.0537547986641327,0.01246781599747551,0.07120577776858754,0.03275961802240063,0.041773110815514596,0.031128975462746778,0.031128975462746778,0.031128975462746778,0.06255138366018828,43.63371942206189,252.63781957283757,326.998215368787,0.22013559012156372,0.45764502275979246,0.01753522348404482
2024-08-24,0.028631141504651618,0.04680745150130558,0.04077890045717008,0.2413310805573347,0.13715067456473534,0.008152622353300843,3.766986973693392,22.70347264989464,11.878068428838747,0.012226462456950792,87.77997053338531,35.94274255226381,242.28602625439032,53.238517802628614,0.05418002292092229,0.012454798180178268,0.07366462882014997,0.03245846704828764,0.04192495555575482,0.029634589749411123,0.029634589749411123,0.029634589749411123,0.05912294928045113,40.1459806441768,240.48483862887562,293.0441754032736,0.21752319202167178,0.42947898675870777,0.01847479952553443
2024-08-25,0.02886448353538852,0.04690534377932934,0.04245987191612676,0.24028128432815465,0.1420765367094363,0.008133982352583505,3.7305857277939736,21.822670453961273,11.565557724449935,0.01209441811722982,82.71285747114192,30.32121884669078,241.47043400055873,56.18621265199851,0.05406515451881793,0.012498567630158084,0.07701833324598802,0.0339866555337418,0.040172793531640286,0.031132906556103547,0.031132906556103547,0.031132906556103547,0.05792670059388588,39.491301497785706,254.57118021726168,307.35581613836314,0.2255112701983294,0.4360381957808789,0.017645449535985486
2024-08-26,0.02894837136490908,0.04812851857793275,0.040191970766916454,0.23223408414929275,0.13866706996045733,0.008231878661816142,3.7316562188953775,22.608561365391786,12.734769302755591,0.011607630076510415,95.47522784587125,31.950530582971062,259.1371053298202,60.96911421082313,0.05511183008315843,0.011505314089456244,0.07321778583275192,0.033917010752676405,0.04488368601573163,0.030322588924442617,0.030322588924442617,0.030322588924442617,0.06140372984202656,45.72739770187751,295.14694357289034,318.1583951654483,0.2276161621256638,0.4352621013270011,0.017095643712519027
2024-08-27,0.025661799520106138,0.04649503925078897,0.04049161210450786,0.23866733135437318,0.13906346278580684,0.007865213285313064,3.9737020390591913,21.902438842074698,11.93482237054424,0.011946715195287212,94.69865307472145,34.40397418629042,281.5840627061418,58.6995008503773,0.05459906708818223,0.01228442871114685,0.07631485919844537,0.03494960432591691,0.04234133098738663,0.02997905676118544,0.02997905676118544,0.02997905676118544,0.05874553457131064,49.82498732483089,302.0255181235193,318.41161206410067,0.23217255765435665,0.46167622093765803,0.01709719345574892
2024-08-28,0.026407041593563673,0.0442630892360325,0.0395412710801535,0.2329787222008753,0.14655815795195085,0.007859665355812319,3.8915343267144564,21.008016514618156,11.81018741340963,0.011342924098953698,86.3784790413905,33.21872602581187,245.22550490252846,67.17330763062219,0.05534276958876172,0.012093671773343488,0.07743376736250858,0.033988529705742926,0.04360357825634616,0.030082198945768496,0.030082198945768496,0.030082198945768496,0.05964056889281536,42.433564451986996,283.04831534497765,339.7527693696539,0.2215912818735595,0.45126349803998417,0.017976519473423342
2024-08-29,0.026746452087321605,0.04467858828395984,0.039390144650286264,0.24540194163490575,0.14151864685031215,0.008115287179107467,3.91116701452407,22.200508516696843,11.852370646894624,0.011351379754124749,87.09630524819508,36.6827109723696,211.39134394435655,58.95978078649797,0.05105221626803245,0.01174600769961374,0.07569159958006645,0.03155689991719351,0.04417579301070438,0.030848795139928133,0.030848795139928133,0.030848795139928133,0.058832830666678285,43.680012193726505,270.913328030298,380.7619557878405,0.2293502861731044,0.42933440512904236,0.018476905879708534
2024-08-30,0.027278159396244093,0.04333706990537489,0.039196605255826765,0.24887259819037572,0.1469303767762824,0.008163967779036488,3.91869892807739,22.40715282696847,11.590186667997337,0.01136663233314034,84.03993878089771,34.53367358613807,231.55411345774775,61.346784837759635,0.05382262143443258,0.012325053062703938,0.07674039948829538,0.032915595844891246,0.043700231121075454,0.029975054556664067,0.029975054556664067,0.029975054556664067,0.06331599084759937,47.406427305540795,278.0020175899921,348.51983586200924,0.22540321980051553,0.4537607150750671,0.01778130447957145
2024-08-31,0.02682730214956635,0.04390075256502356,0.03945856000693251,0.2550920932546157,0.14922416866695765,0.008474188241620438,3.8678694814058443,21.558724882255845,11.870797618114393,0.011656855146732934,82.73993343681995,35.23306275265161,246.27252787310724,59.31000214846286,0.053588857169848465,0.011483837882003885,0.07293762428300714,0.03531481022479338,0.04364331602136329,0.0315923288024923,0.0315923288024923,0.0315923288024923,0.06295726049361833,41.7669925421148,263.72546562560194,332.79609072693637,0.2211581688304113,0.43648878893145515,0.018067445225566994
2024-09-01,0.028577244059807355,0.04442938592876247,0.03992045877909342,0.23798733830641103,0.13542162063556698,0.007967312074929084,3.8848268748339674,21.364892927558426,12.142626288458331,0.011701775487494428,89.4313527435702,34.352375988014465,226.32777515927452,55.06340193493378,0.054810558312073064,0.012059658107255348,0.07663062000770536,0.0358935833744152,0.0409895346711706,0.030855585421407563,0.030855585421407563,0.030855585421407563,0.06192917275437341,44.06501480914152,244.86563269168985,327.3851870561768,0.22234055714068393,0.4568821763388988,0.017839973196373517
2024-09-02,0.029549060943020008,0.04549835266316247,0.03753735129032183,0.22988053995281332,0.1306820161628342,0.008150788321804544,3.7879430773303424,21.235614629421832,12.704413176440976,0.011658585242039525,87.01122353680634,33.291105212176014,232.33639495649567,50.55056369177324,0.05447081153764787,0.012774717172917349,0.07520301289164875,0.03597687249255843,0.04155893974161661,0.0317406486863389,0.0317406486863389,0.0317406486863389,0.06224720393981911,42.62451395596686,227.54498317345258,271.9544921675338,0.21557619846486234,0.45370392709577406,0.018376988249866617
2024-09-03,0.029637113441908374,0.04504831772313543,0.041006664308692764,0.22971145954062455,0.13311388632825336,0.008111106179296706,3.90669845966392,21.344618794579407,12.22907654677342,0.011956605863424764,97.7890121781153,39.247808125076055,259.3624924286157,58.85699746017906,0.05577493373993856,0.012523174985697804,0.07279837071331452,0.03440106627770347,0.042576936055507705,0.0306041611823139,0.0306041611823139,0.0306041611823139,0.06377017650657754,55.66945939883041,287.14062628683956,363.39896523293925,0.2220746654777824,0.43947709977534427,0.01827581696113932
2024-09-04,0.02967750955963909,0.04386552397689625,0.039265146667345124,0.23681249530329979,0.12926917533604845,0.00771257068458022,3.85958338027832,21.743405320152068,12.633779520469094,0.011653864536503652,84.03641312281904,35.866530477631336,276.3494640566878,69.25642488460458,0.05673577015863546,0.012904054481577937,0.07575255390072917,0.03491733164240181,0.043168907973746534,0.030823786734242582,0.030823786734242582,0.030823786734242582,0.06088955274838418,52.600398982535914,280.56000696478986,373.5896769055794,0.22153340974974656,0.4273236521518581,0.017185571164392413
2024-09-05,0.029647936066785396,0.04806545594228498,0.039449430047369546,0.24351894197885215,0.13499609741831586,0.008094416566924879,3.994039238799517,23.281278733071552,13.262819994096658,0.011561096817866325,94.41670509438204,35.68493050970678,260.22095682039367,63.13627928798667,0.05456371663040147,0.012165786165726684,0.07310856634836888,0.034621508708589106,0.04358525316987209,0.029588721603304266,0.029588721603304266,0.029588721603304266,0.05882242504551882,50.00936679593801,265.1375467304328,365.2285677925766,0.24279476863170754,0.4546069552150033,0.018441422851026085
2024-09-06,0.027859720278637704,0.0455214610222272,0.0389250983381937,0.23254453290453386,0.13385157125012695,0.008003059926964385,4.064291924613527,22.96607288048093,12.474467340317663,0.01185665337101009,91.68138534918108,32.22721974199951,245.94122998447367,62.0973702581116,0.055309881234729824,0.012314286560358278,0.07675155041342856,0.034413841982760006,0.04136651668037547,0.02841616537878495,0.02841616537878495,0.02841616537878495,0.06346629272565721,47.44135376531746,278.75495460012115,337.9685194708858,0.21965861315275803,0.45985788528765553,0.017971213997461245
2024-09-07,0.028289321831799396,0.04718181793371385,0.03813306291372648,0.22964209185367912,0.13310891695929858,0.008635197898571322,4.217850989806192,22.105334486908397,12.292431489263247,0.012864705386012143,88.41702836818675,37.205557207447285,231.61431624714479,55.26111504415865,0.052354570276865145,0.012156260790537325,0.0733478985047418,0.037444938222323206,0.03997732152567176,0.03143486228337942,0.03143486228337942,0.03143486228337942,0.06658785550804758,42.574590597160544,257.39745051969754,314.5917977846958,0.21541978314504998,0.4488176094439918,0.0183284054009973
2024-09-08,0.028241987483009393,0.046900497473545494,0.03887837814023253,0.24126225160249504,0.1336159761396809,0.007805093790995035,4.242731049429501,22.363539331962638,12.282753846369452,0.012520916243528846,86.03987348015133,35.59493137066452,249.06266923612264,70.9616440502667,0.05828626172413098,0.012032434064815564,0.07855473590522316,0.03473765495791116,0.0400445543927215,0.030253354215999537,0.030253354215999537,0.030253354215999537,0.06391866642685232,46.567945411885646,246.00570024726449,294.5578561294349,0.22272119432901408,0.4456974871045193,0.018497457770819545
2024-09-09,0.028014903593072554,0.04502718059596414,0.04079401974882447,0.24208555205981053,0.13386563236403187,0.008148984518509431,4.079592814304244,21.825671178976993,11.93419309869633,0.011208942085618267,97.5411783942923,39.25369580763975,304.48891750211504,71.35965845333176,0.0544988075524558,0.011933944173796463,0.07401443464026199,0.032994010297682716,0.04236469805824095,0.03075539110716065,0.03075539110716065,0.03075539110716065,0.06207449084507146,49.628621761464565,345.68223415585635,340.5106226888851,0.22510667212176427,0.4484912949830937,0.018673440278277328
2024-09-10,0.02868679935094936,0.0444318946383895,0.04166626365174879,0.2244354148490182,0.13499353671681202,0.007709523297840658,3.8564613720024155,21.881077548573472,11.648196725151113,0.012204851290685437,97.35261955627162,38.99160436116241,298.48551313442005,67.19249920102197,0.05436066746972021,0.011717941805612957,0.07445069108270669,0.03510783283936044,0.04100217198318545,0.03029480037784848,0.03029480037784848,0.03029480037784848,0.060870784020047336,49.48303282628655,301.7569810062491,351.20717338574366,0.2229601282018169,0.4654679049306958,0.01835210764600945
2024-09-11,0.029512402752083475,0.0454809946584827,0.040342855431264306,0.23520071984017937,0.13537630071969595,0.00811516179414538,4.117703504075802,22.74455257218555,11.470940286306385,0.012273603121335328,95.16372667942574,35.9124621109534,296.994037419587,68.74803492232215,0.05599564730083395,0.01194924259310808,0.0777743311939431,0.032838467870803294,0.04157839706336221,0.02907318768398704,0.02907318768398704,0.02907318768398704,0.06329599698469243,54.761236824491775,271.9613321169789,348.60762584220464,0.227308730138786,0.45302104756721856,0.018310333443581562
2024-09-12,0.02883528482101924,0.044366951843121595,0.04236123092547838,0.23880066418001591,0.1363308293576113,0.0077103371371771605,3.7011064983624835,21.447726783084402,11.542397065801127,0.012408568408747005,101.6752265015603,32.214493615859034,295.1783477881928,67.61374679145624,0.05513159152917766,0.012045729082719489,0.07237540274555743,0.033940644397384,0.04177257036569935,0.028605168544237024,0.028605168544237024,0.028605168544237024,0.06274319995132333,47.17290488146724,286.0202815691653,325.9263218538929,0.22010054618339633,0.45567430265325215,0.017264668992313374
2024-09-13,0.02804851107713144,0.04459928648358936,0.042399437982670846,0.2323054807354633,0.14354126897257574,0.008145991605108472,3.8249256357744095,22.281712851799167,12.016131157253156,0.011889745959951894,87.6695871892079,33.76410577153148,286.7229510068548,60.83862067988847,0.05504369592784079,0.011160425918315018,0.07824044930961084,0.03335156148688838,0.041673205953065416,0.03047162136704258,0.03047162136704258,0.03047162136704258,0.05962394450536879,52.85264265975064,283.1157768106868,313.7005350778014,0.22295772056372073,0.4823546513274955,0.017793079038500775
2024-09-14,0.028733185360582027,0.0444246879137508,0.04084395030781574,0.2287620956637838,0.1321226805150915,0.008275997659225372,3.9977217489656556,22.27167231498899,11.308641926413962,0.01114888375428951,79.91555669585412,34.496514890060205,253.93811636234622,50.87796186239348,0.05556356198862057,0.012097368386906001,0.07896793041767115,0.035055101182415796,0.042507345363364535,0.029835238085017337,0.029835238085017337,0.029835238085017337,0.059851582196253646,49.686817813079806,290.40551710302645,301.5413551926685,0.2230051031076251,0.47398725866384694,0.017951850222750136
2024-09-15,0.0275284489213213,0.04471134245252318,0.0400103304732622,0.22438894148681024,0.13505329716037529,0.008436888230892208,4.0519142293103965,21.486447284111815,11.440133827513257,0.011717800961667413,85.56969964170739,36.376673353244875,267.41433686660355,60.57825896009148,0.05258520361312671,0.012439898126342027,0.07225257818468661,0.03409983149736491,0.0401983411762812,0.03033885973992738,0.03033885973992738,0.03033885973992738,0.06151030174816736,48.068672999129994,293.8118993206658,308.79896490291304,0.2322494733106069,0.42001564908988115,0.018543938198492642
2024-09-16,0.027986912474416873,0.04282872725902362,0.03970295223196756,0.23376498740422103,0.12901836256382626,0.007637175819564649,3.8867158253759526,21.77009404602155,13.068037746350749,0.011601639495183965,100.16771002970687,39.531774527993285,266.7982519925415,64.41189908002058,0.05464995647503723,0.012304830801185003,0.07057254574769867,0.03353412785417141,0.04262477888261946,0.03069770820318559,0.03069770820318559,0.03069770820318559,0.06395017226102545,46.14478014082184,307.18747881867176,335.0953336572034,0.23197860148154612,0.46996020484464285,0.018127927590032865
2024-09-17,0.02745125426706625,0.04457635237032028,0.040068193970518834,0.2496436415735525,0.13235182714710692,0.00814406310755923,4.032042365713853,22.17973592995368,12.817282279293691,0.011945852700325233,98.04523333910903,44.75501866503164,308.4150436517808,65.25634279202268,0.055176891164420705,0.012194655505049612,0.06682645826926747,0.03388809362935345,0.04311612265513171,0.03062105985894296,0.03062105985894296,0.03062105985894296,0.06354673484301053,53.84723077280931,303.17539241000554,354.18131010631663,0.22881464782025335,0.4574798699043459,0.017373664565428205
2024-09-18,0.027305198757781642,0.04396352315168716,0.039331490175543285,0.2370772261500413,0.13994083871627278,0.008488444681533362,4.1272621788027255,22.072799703714825,12.998940389343005,0.012025552140911628,97.12239842875958,36.97388720295079,265.49518830726817,70.64360359190427,0.05483998324745457,0.011972382844187128,0.07008255611132062,0.03317785120232504,0.03905443775959386,0.028970858506945567,0.028970858506945567,0.028970858506945567,0.06580993155757611,48.339067553569976,306.6891956408923,357.4271638396667,0.22071149458879874,0.4500055174373353,0.018180824582331234
2024-09-19,0.027838166138071108,0.04277341608616519,0.03771432715064925,0.2426269545131547,0.13554833406667885,0.009203171761881221,3.9650685323933796,22.257345674226656,12.167901636097067,0.011661291482223913,84.64192668108028,38.70080644343131,257.921073624442,73.29557696412479,0.05517552138028277,0.012415318506059333,0.07566169102980703,0.03501164663508611,0.039829636962190364,0.027724173014692193,0.027724173014692193,0.027724173014692193,0.06418704137261651,44.86990088445346,297.584785039439,378.38647570836235,0.23001084853858045,0.4741337387388698,0.01761804813275457
2024-09-20,0.02782530314326058,0.046071764599666463,0.037890045284575055,0.24603289273310522,0.13616649229491273,0.008558481500727222,3.881542283166479,21.658203440416443,12.473811717110515,0.012333626777314494,86.06275844397584,34.95371621005667,238.77565709903746,69.745110649925,0.056219686080600524,0.012033814169903666,0.07564911393083229,0.03368600098155788,0.04110246090181634,0.028605415752572003,0.028605415752572003,0.028605415752572003,0.059903994759993785,48.78933051986764,303.49537137373113,342.4659339022682,0.2171952528114831,0.46011706337203107,0.018314219199849616
2024-09-21,0.02875574915698213,0.047259250893446784,0.038993524190685636,0.23161840418060545,0.1352739166799768,0.007901705618367937,3.9290648367882386,21.755377841249754,11.757196262460784,0.01208135263426939,92.28978702039946,35.719346472923576,270.5784541459968,58.2078876334574,0.056363583196161166,0.012715104070362901,0.07667123304726965,0.034956560069224894,0.038907269778256856,0.02920964840513949,0.02920964840513949,0.02920964840513949,0.06214677756211787,43.78779781866574,284.1058079235134,328.8384278775462,0.2101560699463184,0.46530911735035274,0.018590336112943834
2024-09-22,0.02860358314114993,0.04517790880862548,0.040655585814956256,0.23006719208870327,0.14311324452973348,0.007864955032502178,4.035904604616522,22.28242768025594,12.577821736586678,0.011526291916122379,99.71272064992799,37.303661257676204,334.319635684499,58.95118970695484,0.051276716051188685,0.012460669025681234,0.07588535030614928,0.03444552453462215,0.04063351134001375,0.02853542306123386,0.02853542306123386,0.02853542306123386,0.0634782129888814,41.914244808699095,315.58385135144067,340.32679065435264,0.21257675641838564,0.44983910405856914,0.017547320624091176
2024-09-23,0.028662544121998042,0.04730024628838892,0.040663774566976396,0.23158062773834434,0.15245248413087015,0.0082643060967705,3.8788168684575597,22.5400167418842,11.80068748361006,0.012388777933810702,95.76046545836252,41.88678585479553,271.71421362584994,65.92526226663578,0.051301936124966085,0.012020209051451163,0.07338096865470199,0.033822020771895944,0.04222404632789924,0.030625227582203686,0.030625227582203686,0.030625227582203686,0.06220767541252109,47.23016829683555,324.30313398137645,354.29516578419714,0.2186750016256582,0.4372763817604525,0.01878092560224471
2024-09-24,0.02923808224655659,0.04747231827038942,0.041293573832937504,0.21876280904750373,0.13771044837876956,0.008146243598148894,3.831870412546071,23.418465077015643,11.71111383455313,0.011867542689857779,102.11098015248534,44.8431994348024,289.58934295636067,71.79552359034408,0.05410603291050555,0.012409120943633558,0.08034092278516498,0.03519391359933316,0.040501253024348344,0.029687367153544038,0.029687367153544038,0.029687367153544038,0.06514788913483822,46.28114789763484,302.26537344544363,343.31292019980225,0.21185488189559737,0.44255614514578223,0.017120445114681096
2024-09-25,0.02939301759045425,0.04426490029716155,0.03903587281590106,0.23692572046376797,0.1416377293392752,0.008151215940561006,3.889054504113127,21.78685197807618,12.128621545503558,0.0115330748957567,100.29509539130107,43.911816839701885,320.5437309333173,64.92849835691666,0.05684539249133708,0.012783282864243514,0.07958796480446925,0.035319135921622405,0.04021187783545893,0.030855803414656734,0.030855803414656734,0.030855803414656734,0.06346087761840566,44.67557854956925,283.27085140870463,317.13510651610085,0.21254873260853713,0.4245282503595711,0.01756255052300717
2024-09-26,0.029141746928644477,0.04414137352916964,0.03985708129071278,0.24092386217055584,0.14210158820728286,0.008565868228929081,4.274619734550127,21.770104751446656,11.989501887322227,0.012200820022787764,108.49768906880773,39.11783773113933,271.94531964012884,68.00086754746478,0.05416753078649215,0.012531807787378677,0.07684102332864312,0.03709620014890246,0.0423143043475592,0.02957673970024223,0.02957673970024223,0.02957673970024223,0.06539100363140679,38.121829719754494,279.82330965752874,357.51325978118626,0.22220635774855516,0.4389052038883112,0.017901859497841024
2024-09-27,0.030603183858996418,0.045091864194906024,0.040568749716871785,0.25158792651266093,0.13301497782214627,0.007862009961408813,3.871724469710567,22.146292087323836,12.254178619571295,0.011627527654199317,91.96991855426403,37.52874983658841,303.5605091515252,64.31016904303954,0.05620831120119112,0.012435241566660685,0.07822645805875539,0.032790327177566435,0.04082626053259456,0.0327521682511584,0.0327521682511584,0.0327521682511584,0.06254656627530476,39.26828692448548,264.85921029296117,347.726116624655,0.23160397849058056,0.4428928127236919,0.018222888729350434
2024-09-28,0.028873528933951852,0.045210888388492194,0.03824230318728251,0.24057947857148332,0.1462661115691396,0.008110282584525418,3.841113197370642,21.73412425112427,11.24856499654569,0.011399723845173267,95.01146072405973,38.30718388067218,286.73520263683656,56.78290654266214,0.05721848890509443,0.012144510025757872,0.07737924631492568,0.03401778890071283,0.0406681105599941,0.031635754718927454,0.031635754718927454,0.031635754718927454,0.05974979475041848,34.73391204811317,319.5984422091459,322.46185026399735,0.2254002589687353,0.46018913036917874,0.017386814399253343
2024-09-29,0.0277919295839512,0.04729627977970487,0.04143499743505257,0.2503141874134934,0.14376986772729908,0.007686357176821429,3.8848359131335766,21.988295967295223,12.546751447454557,0.011768267008252745,88.60859971779304,38.311087676350525,279.71357638183275,56.32113819815135,0.053674845931277346,0.011741623272728102,0.0752154001741787,0.03180810610412841,0.04210272082584457,0.03075486214604495,0.03075486214604495,0.03075486214604495,0.05796122582648188,33.45465340007191,307.1641320469115,322.19486632437327,0.22687256140644776,0.4598135473004646,0.018305548514197887
2024-09-30,0.029683782752146393,0.04523569604964995,0.04048217371749471,0.2527850773700174,0.1393479148358245,0.008088554491103869,3.970312423530053,22.434260153429523,12.039200059692455,0.012411683821482422,107.70905095202458,41.2805763146972,297.2958097135534,69.1955037160003,0.051545220081892704,0.012279382758477647,0.07605499602328482,0.03332185468620254,0.041389861791672776,0.031011312794556243,0.031011312794556243,0.031011312794556243,0.059998120886417435,35.62335190086432,348.28489467589503,353.9782324891449,0.2328985838592348,0.4481393782167196,0.018978418892896785
2024-10-01,0.027047978114148295,0.046889496253936215,0.04272242378580985,0.24534113799555482,0.1402413973610878,0.008194199219617473,4.042674782724016,21.405418641384433,11.621587496456913,0.012793289768952075,105.47881248737883,37.308551936555695,335.5093708205324,73.78859907532575,0.05447189087090252,0.01292108981053099,0.07119453360961475,0.034543463126281426,0.04220905185845932,0.03004029563971846,0.03004029563971846,0.03004029563971846,0.06052910744494944,34.256166277198545,344.2384419081245,373.04399041603773,0.2342957542969152,0.4316045050143213,0.01889766463799457
2024-10-02,0.027061018162785756,0.04689495950848558,0.04063519708843609,0.24218782662220803,0.1374998668781085,0.007951519433634133,3.945135241502781,22.465617390989763,12.908738220497376,0.01211400579532131,106.28671177070598,33.32827091499067,309.90186608671144,71.61102482531041,0.05246734827733266,0.012730442783408756,0.07475475389390844,0.03327729128911215,0.04169551758520288,0.030960629279757877,0.030960629279757877,0.030960629279757877,0.0612197466514379,30.817061048881115,284.28569751783374,345.50954058711596,0.21983726008846902,0.4412088250136216,0.017448305626622397
2024-10-03,0.02760686243957718,0.04490785569900792,0.041140142840768314,0.238163880907419,0.13774547564994186,0.0075956345155548085,4.142551126166823,22.676101542289445,12.764381760000632,0.012042464976015374,96.75879020007962,34.71547574365025,311.98273784866706,71.2984220602769,0.05411697078046186,0.0121426315571211,0.07389283110698991,0.03330225783564288,0.040421384774781605,0.029622052160991775,0.029622052160991775,0.029622052160991775,0.0607901319599794,35.51707918314785,288.73150765395,430.68483320409615,0.2066736391949206,0.45834226817896423,0.017910870476079345
2024-10-04,0.027725190859026607,0.04383608414556296,0.03861176738941459,0.22859467590055163,0.1358595109683569,0.007913009062738273,3.7856627463262766,21.190642563654173,12.938169055939008,0.011548563799132895,89.08245760073913,39.10699323422904,275.0804725731791,70.46924788713096,0.056767996966284706,0.011964236693105134,0.07271821206212523,0.03372534021895528,0.04218803988956152,0.03193866843131765,0.03193866843131765,0.03193866843131765,0.0662316596345997,34.77454488106486,270.375465102552,352.9631069739103,0.20772751768560094,0.47037917476581287,0.017468921577970153
2024-10-05,0.027571916695563387,0.043664866692733104,0.03983357816413989,0.23707781612911985,0.14026491881618966,0.007963123597811126,3.8080133454364047,20.88711249477406,11.821887667907284,0.012279699566412663,91.09243068688792,35.102098676712274,273.02764158820855,61.493416483317944,0.05556741277208919,0.011804034625808113,0.07549828076388175,0.034217135434491446,0.04388757016182111,0.030094528695426042,0.030094528695426042,0.030094528695426042,0.06111269718078319,36.95113787983645,262.92912405491774,388.29208018224006,0.2103222407243971,0.4778587073460819,0.018358528531839214
2024-10-06,0.027644201481157347,0.042858348606216824,0.038654046579332926,0.2192613540180424,0.13966797785782137,0.007984380700407506,3.9760138693012905,20.32988271925271,11.042855122624909,0.012244008529934946,84.46491815758918,34.25390409903244,285.92861549740627,64.45788451737215,0.05843770540516492,0.011440125717845301,0.0746507885279143,0.03184853850628575,0.0428010266846638,0.030403837538099197,0.030403837538099197,0.030403837538099197,0.06039666365963741,31.04093714288744,276.52580590270946,360.251364923047,0.22065005298344914,0.4650301311752663,0.018107158844114797
2024-10-07,0.025953647754086092,0.043037169798490864,0.03922417594316265,0.2291089778810411,0.146574949549248,0.007962093700200776,3.8484205392389375,21.118619639394776,11.358380393931164,0.01162108019169916,101.82237928877234,39.30196122992549,336.6894723683094,67.9326291645553,0.05732505571554165,0.011940013706791099,0.07731017995676086,0.03359976030872326,0.04280370918667049,0.02974018863977713,0.02974018863977713,0.02974018863977713,0.06104640229405786,30.136780060941508,316.18577326310617,372.2771387377994,0.20224251134742655,0.4202989803371199,0.01787656264084202
2024-10-08,0.0266033430608542,0.04450904871604877,0.0420847066432353,0.24616870541294109,0.14392839737405003,0.007996059293415394,4.190448804566978,22.315488073998765,11.579334595443287,0.01197428342953778,104.74261786137555,44.42702173680605,309.12388286940825,78.04237267165209,0.05342131294830622,0.012393975360892304,0.08006616177034233,0.03427770431984819,0.04008108654221001,0.029435454609842256,0.029435454609842256,0.029435454609842256,0.05973027572297397,35.30154985964057,318.16088497031143,339.49805040544715,0.22469781926078036,0.4188172810704881,0.017006033948446575
2024-10-09,0.026418887062002596,0.04545595187673541,0.04103057616508259,0.23840702700349364,0.14212986016934692,0.00781850547570797,4.130991371181843,21.395486484165403,12.281783718130178,0.011753059459671372,101.15458459797016,43.599708002775756,297.6110289501403,67.28447518907413,0.05504557062608465,0.012044485475227608,0.08065046709919775,0.03272349452259222,0.04099397563582659,0.029035475903089136,0.029035475903089136,0.029035475903089136,0.05928509327476366,31.767750569388923,328.47630369532163,377.1334523521338,0.22921717222591975,0.4330395712997336,0.017840741999790213
2024-10-10,0.027594254379995346,0.04599862426364376,0.03818521073432751,0.2396689682847586,0.13580949365140632,0.008155716466638159,4.196896362325107,22.81663469219675,11.893397097898482,0.011641996639311987,114.2003497810586,38.34336794415639,260.3767407593831,74.3657862706372,0.05702336345664856,0.011738924124166895,0.08103786302988329,0.03159088221532509,0.04004374947736176,0.029781488928055686,0.029781488928055686,0.029781488928055686,0.05688804018507639,28.609529128097865,312.66473557108935,387.6114602352379,0.2271489457779748,0.4362490615963451,0.017994044691127847
2024-10-11,0.027686207348374035,0.045369117981697626,0.03736083094403365,0.2507825311870313,0.14443969263161735,0.007952840816097031,3.898477120544864,21.9394126958919,11.691270192552638,0.011810013724661889,97.16150194405392,38.5886151307347,264.88305177489246,65.77721004908868,0.05423767538403951,0.011100662231304806,0.07611648449259055,0.03310718374942918,0.041086468209438926,0.02994952760275561,0.02994952760275561,0.02994952760275561,0.062351495427544104,28.955532930544663,291.5845253462033,395.9979810778418,0.22068443812476218,0.4610535327149423,0.017334651936426637
2024-10-12,0.026640849087615798,0.04582598854174568,0.04054953085821378,0.24367200331692984,0.14211259907516266,0.007818111903959356,3.9275822205182513,21.59453493292106,12.371762437330496,0.011664967980156891,101.58518402184824,33.61012230368494,273.17674082440817,66.19514320380054,0.05554633988160518,0.01146010380554549,0.07559691863793974,0.03414304030651982,0.04314776054060307,0.028666339493359255,0.028666339493359255,0.028666339493359255,0.06198539919576541,31.231791715100577,319.7196269856545,354.3313223059968,0.23157199949788343,0.43062055987889564,0.01829141740971832
2024-10-13,0.027406877165940185,0.044615689516854254,0.041265265092906935,0.24559381683716064,0.1475772074205237,0.008276538831170636,4.032976015793149,22.154564977486572,12.201860615190883,0.011973273007127628,90.99725242444731,40.66952745118238,284.6078102907062,64.03039158116958,0.056924787425521525,0.011811382079010023,0.07459824487530693,0.033832682042038056,0.044225159539784016,0.02954077660837716,0.02954077660837716,0.02954077660837716,0.06397688652734607,32.64392108457876,316.2367679350647,382.3426791858056,0.2211946844453935,0.42855027271566326,0.017308299828533234
2024-10-14,0.028447582104288077,0.043914817888903744,0.03938325275631957,0.23362976878596303,0.14631999552410474,0.008629868378763646,4.02414888654974,22.288336490614068,11.908122405791222,0.011617266581467323,87.89482793718466,44.11114124268661,258.1974087805656,69.85087848684215,0.05415913469878914,0.011427241500700904,0.07320973986729175,0.033443744836881326,0.04259778897502949,0.029020868817408296,0.029020868817408296,0.029020868817408296,0.0599006970463773,27.820164743460158,291.90390147291697,346.72909644484474,0.21816258641277428,0.4177685079633101,0.017937873584067295
2024-10-15,0.027290587178685887,0.045389329128845815,0.03939665884242413,0.24994304700171732,0.1422368251426158,0.00902360940602897,4.062476335976696,21.744298238485587,11.58484930454376,0.01166479222331636,112.01603525194648,43.81812876533223,309.1611600513731,70.42071599571045,0.0563719385453247,0.0116989775937324,0.07316102874640061,0.033178779699684594,0.04225101700185768,0.03186332874949352,0.03186332874949352,0.03186332874949352,0.06422776658732703,35.67374604941098,340.0861625402148,447.65027187449834,0.2173025293038441,0.43390525059001916,0.017532548193097273
2024-10-16,0.027596540954788723,0.043396414055925266,0.04223268499931599,0.2424738079545977,0.13724686040927084,0.008508439940955915,3.758978571780362,22.779009556950435,11.722366806189385,0.01264996606310737,109.65043052932374,50.7275559095593,309.5716531998145,71.42013402472037,0.05404747106810697,0.012238190216956742,0.078338226231389,0.034925490497961585,0.040149464695648014,0.030257957152177453,0.030257957152177453,0.030257957152177453,0.06281021305869973,35.341175156465404,328.0101652378815,396.2436743265655,0.22355030122795397,0.44445907924291234,0.016859711328124354
2024-10-17,0.027249901352376264,0.04396797278464978,0.04124617331396192,0.23691669930291567,0.14090970120851679,0.008101685416198549,4.299159244457626,23.960693130415265,12.100680298001354,0.012341248065401787,101.76756213428001,44.31822614104206,286.7156531018734,67.70783162794733,0.05177877703007211,0.01260480389771227,0.07896009314026302,0.03586304453730859,0.04176354977820002,0.03178600741604965,0.03178600741604965,0.03178600741604965,0.061539121880492584,37.03565656287566,307.92226844065397,391.8182743212716,0.21959418727638785,0.44612439296475614,0.016727219364110438
2024-10-18,0.027609604193045496,0.04292295943367793,0.043272196369820944,0.23736002633848963,0.13700420841680025,0.007925758388340613,4.2434436888984735,23.705913682757057,12.16225435593988,0.012568315156752073,104.2342269715148,41.759497685517374,271.8108340165161,67.54922137560317,0.05323499976188815,0.012024476985555853,0.07821240821554769,0.034069530518578105,0.042281237782183734,0.031476217385553694,0.031476217385553694,0.031476217385553694,0.05855365186918989,33.21884928493061,270.30530722568517,375.51133697971017,0.22383280770956138,0.452701495995234,0.017437012309422305
2024-10-19,0.02676686429897957,0.04329035525737169,0.04335093246696206,0.24410290386302735,0.13549268728187908,0.007970944597995293,3.907566701796244,24.143850862476487,12.055360616756257,0.011567171476649504,107.94476576630889,42.85644673967508,304.9974726511711,71.78131948892052,0.055145105358190095,0.01181877255960479,0.07856055600139285,0.03527488511432604,0.04086472352191922,0.03209938392278927,0.03209938392278927,0.03209938392278927,0.060989857028127446,35.91196690761423,265.4524487655933,343.4619385705252,0.20885052775856017,0.43634363069083953,0.018108216665771316
2024-10-20,0.02672089995709343,0.045062321471508016,0.03969954969524697,0.24694773585095364,0.13974178722266592,0.00757507172616178,3.902707561398048,23.404702616623503,11.56440137364531,0.012103246757971066,106.1499762016301,40.759638328432295,344.1181027268464,68.37404109049203,0.058394399013970734,0.011914354387379018,0.07637013211900422,0.034696912468981794,0.04079609100309988,0.030668433353589472,0.030668433353589472,0.030668433353589472,0.06061911260373758,38.628895606598014,296.4120380267994,363.60480621469844,0.21461546729343597,0.4530498577776195,0.017449484905237775
2024-10-21,0.02840457419927292,0.04760064851377568,0.039960385826006056,0.23046944506873196,0.13509407562895034,0.00860340405135118,3.9570436410686036,22.086675235170617,12.332703753720153,0.012919204052456442,98.12057740568278,38.644869050752284,319.40561113802113,72.7973110649394,0.05844243299288809,0.011146820866422207,0.07260022990067214,0.034638158030999476,0.0397757549062349,0.03003829812872752,0.03003829812872752,0.03003829812872752,0.061485427079958216,36.74250069986134,385.0705501028392,352.3693352429625,0.2278954274420846,0.44782002200958837,0.01707669227695311
2024-10-22,0.028247743978029316,0.04640555502742528,0.041841304032750805,0.24558893988490893,0.13723046066398373,0.008093343712981062,3.9333338915543328,20.602966379004375,12.340861999846059,0.012072447018964767,108.06575510950984,38.0283450433095,321.63213418610866,79.85498943359146,0.056256267895640116,0.011086187751258256,0.07530528845436338,0.03429473494766945,0.040852920267015584,0.029228321639750053,0.029228321639750053,0.029228321639750053,0.06103854498497244,29.387977203485608,348.85925320863356,367.44657727709034,0.2187554885220758,0.429542682107029,0.01691115072689834
2024-10-23,0.028572475450631313,0.045876589345293546,0.040867619608897544,0.2535289991622208,0.14028528161631768,0.008162795079578379,3.8580221105092867,22.128774121081037,11.913814934635441,0.012305671289271042,104.80141549357354,39.907354673592316,327.6883678862741,69.70344407061883,0.05577436066924354,0.011589883659185942,0.07273677344478148,0.034751393190080464,0.0400788542102329,0.03081793725488048,0.03081793725488048,0.03081793725488048,0.0581899563887744,29.26405197021462,316.875635574101,364.45729059679314,0.21053025215262805,0.4416769146862803,0.018239677909020504
2024-10-24,0.026922138691199825,0.043555258197646884,0.040187302316169786,0.23470893496721776,0.13589225880850853,0.008035143923858352,3.9928781899283354,21.88536449640199,11.425535744943891,0.011649960762817022,108.94014923725958,44.32911611403705,321.472800983389,65.40809466418087,0.055011088284180956,0.011318423582535769,0.0740707451678815,0.03347569900148368,0.041747465218946025,0.029713298315027944,0.029713298315027944,0.029713298315027944,0.05715400802160619,35.55226630833562,323.68086960493724,364.84325440973447,0.21066841205112125,0.46721729837993403,0.017700197228460973
2024-10-25,0.025964141416544777,0.04431176765601806,0.038365471963223104,0.2469297469352663,0.14346017114698148,0.00834859040438215,3.8673094660243046,20.931460089241888,11.799449385632123,0.011601609784643549,101.94776156349721,42.240218354532054,327.399754497046,68.04832622559776,0.056250548076876884,0.011958809378423458,0.0690318498198279,0.03427504464694937,0.042557814107463815,0.02986261081735655,0.02986261081735655,0.02986261081735655,0.06098626053773501,35.86588802914727,324.0798969834892,369.3775332910595,0.2125748364508331,0.4640068691714829,0.016952027587072135
2024-10-26,0.027813690813890887,0.043528934850033806,0.038844604617875804,0.23544814532075728,0.13701479821643894,0.007839813912543412,3.893024788525499,21.59569238755681,11.713419106551758,0.011910309453909682,96.55788881477082,40.513363341776234,313.8140425622559,58.673973667621055,0.05723422563241463,0.012481076353880825,0.07192058255059611,0.03314292023954392,0.04243417761287752,0.03056252933590577,0.03056252933590577,0.03056252933590577,0.059994869865463755,37.474902628231746,278.3755787400221,324.672460133917,0.22134383354252465,0.4559099611894647,0.017765203765381647
2024-10-27,0.026847734565570377,0.043760838756037146,0.04131538668637436,0.22379723382869215,0.1422647777503319,0.008021659575359951,3.7748479959513572,22.88460557891139,12.879696922754517,0.01257718700481301,105.45878352741187,40.134980742765705,285.0751142755646,65.25155077447717,0.05840700548651715,0.012424996979785932,0.07356640920505854,0.032932218723214855,0.041941593934433696,0.029672101235514458,0.029672101235514458,0.029672101235514458,0.06359561771431596,38.12812232959246,272.12137587668786,363.8967744641953,0.22633037173637383,0.4266789926146107,0.017600564845613315
2024-10-28,0.02796773916617283,0.045055366561081764,0.04109942579230861,0.22380882289400145,0.13852009733239048,0.0076499179357202365,3.621335567824233,22.29742361605582,12.37553656885309,0.011970365176687417,104.6208128594309,48.17349234692102,292.7887537833224,75.24038373803369,0.055821903138576406,0.012392916439410744,0.0750726700671502,0.03400897124994338,0.04131833360259248,0.028422026419735572,0.028422026419735572,0.028422026419735572,0.06550452996972292,34.528699872674615,279.35081257071704,357.2810093308653,0.22493613759525985,0.4531848286488756,0.018194627703205506
2024-10-29,0.028758366934852005,0.04545453505624523,0.0393556065968714,0.24756377680766892,0.13640733382003586,0.007963646183058299,4.072327042214811,22.624533316616724,11.15664696423784,0.01175984902070651,103.35659412029295,40.90028138967824,310.780530874456,75.34589694395616,0.05537628542758256,0.01190539783470686,0.07425535637316133,0.03428048429503069,0.04082054813226736,0.030800354205127254,0.030800354205127254,0.030800354205127254,0.05861352584276872,35.92522982341606,318.09959241022455,395.7526652588992,0.22068922856121284,0.43981338295977507,0.0175679117245679
2024-10-30,0.02782911004086584,0.04317013004747505,0.042467316199604234,0.2423671870039063,0.14388175933209504,0.008062116993020117,3.9506463054318854,22.733090472480914,12.127348717824047,0.012173466961948806,112.76207041453748,43.003099487576065,325.6747045445186,77.9594150242872,0.055934267014276624,0.01202554193231404,0.07271740551603532,0.032719185243026375,0.04238947297660065,0.030530516207068665,0.030530516207068665,0.030530516207068665,0.06247498865601444,33.34283227404062,327.3561500902071,423.1314128078806,0.21509130786704567,0.46255348509637617,0.017747683273397864
2024-10-31,0.02653072731307095,0.04443240371082592,0.04175544669859403,0.24960804592915753,0.14358058089944825,0.008433758258680141,4.184056997864944,23.48229321884555,12.539665566029196,0.012482684728625858,104.98706984839332,42.9127179633338,348.7976625958524,74.57680280858291,0.05787046685132508,0.012651692559679887,0.07415290499774681,0.03457327273320579,0.04274375841790395,0.029861733959651526,0.029861733959651526,0.029861733959651526,0.059365193913140275,31.59211185850104,330.77683243264784,418.6947805935658,0.21766772789013258,0.4543896092134372,0.017436235301196656
2024-11-01,0.02661738435204203,0.0443804024755517,0.041007509105556006,0.23773645859236525,0.13696363972955092,0.008281160499291758,4.175756548201106,21.844088662936525,12.308859804334979,0.01183392067075449,120.33106603561275,37.40464225329146,346.5549112487299,73.9710068138274,0.055356415495363014,0.012530962004015173,0.07249659559222851,0.03386072125252299,0.04370550032036314,0.03068107133690522,0.03068107133690522,0.03068107133690522,0.0646202062733287,33.87668276725471,322.24150037259045,399.98080439226385,0.22783016766997188,0.45463312794481026,0.017307660243569604
2024-11-02,0.029162900179736977,0.04658281471728249,0.04007437375630113,0.23327491671203074,0.13307368328088937,0.007927610304135416,4.095460780800899,22.119561438109216,11.847815830135424,0.011991073880363232,95.88781309545519,37.61735537691168,288.43783017619927,73.87873056837603,0.0566073047315997,0.012055303358945753,0.0711241273495971,0.03457349957555942,0.04115418266510632,0.030881291080313594,0.030881291080313594,0.030881291080313594,0.060859080936268045,36.14486272246799,311.21714578812464,340.22006200951836,0.22125001314283782,0.45039960704306636,0.016719294665763076
2024-11-03,0.029011868473796203,0.04684858898663345,0.040496682164411234,0.23944604937347772,0.13663001031877398,0.007924506547151223,4.102992992774281,21.33996137106866,11.474976234459634,0.01221606185082018,96.77518771114515,37.52743266146317,309.17009476185535,64.22397954872119,0.0575352368826531,0.01188141330806557,0.06992511167128206,0.033754841981293145,0.04169618495059097,0.029012452767965637,0.029012452767965637,0.029012452767965637,0.06171405488546927,31.534449607477303,293.89063449390125,347.36151483881923,0.2201024103449511,0.47225443643917614,0.017508309395298113
2024-11-04,0.028165565715093037,0.05016236544570621,0.041581032472305324,0.2404097335857004,0.1399163936489378,0.007698607018398121,4.089886089026481,22.363359906014363,11.612850910330879,0.011427006743013035,89.84043297302055,50.755080140590124,315.84793372971745,78.29639360215202,0.0567958174077642,0.012051488361119416,0.07177611868905548,0.035515497713746264,0.0412957263892697,0.03007007359329134,0.03007007359329134,0.03007007359329134,0.05986922790298443,34.359073169820945,327.92993024985145,339.36579872043126,0.225798872704402,0.46587512440481194,0.01771672068939083
2024-11-05,0.028581445005706755,0.04478910947747725,0.041795343646261814,0.23564511958919737,0.136381985877093,0.008163135347864722,3.985930710372717,22.046157910874676,12.242728812134025,0.01150930609773585,106.89139873616797,47.5553227877132,342.77286215294106,80.04288181642171,0.055672646716665386,0.012274797601839874,0.07495129876552067,0.03493409562185686,0.0417236659462011,0.030843452353586716,0.030843452353586716,0.030843452353586716,0.06265525189794453,41.667623463263695,285.0460978278078,390.6268094679106,0.2189436288314792,0.43701814077824197,0.01776655134760695
2024-11-06,0.02812635149657078,0.04688830227875822,0.040557550441679135,0.2385855235815717,0.13743311955904583,0.007763610555242037,4.102307079004456,23.057091137372844,12.181180659860729,0.011652167935481489,101.86778469504767,42.72016137152593,377.89175499384027,81.28506361184999,0.054945182141887094,0.01282868419425669,0.07335053235551857,0.03341088623566563,0.03993999520721843,0.03107537713915491,0.03107537713915491,0.03107537713915491,0.06208217492699259,39.797055845535425,313.04059860974746,360.74468029663717,0.22785720947966995,0.47702854462412464,0.017606697638656774
2024-11-07,0.02819963479808964,0.04539078414536626,0.03950976684963427,0.23976876641468922,0.1376618918956218,0.00795570261961536,4.083571839664955,22.399777336227643,12.285152508695507,0.012007940700096956,99.13073574783333,42.55415092647467,325.44998075059135,78.12447209695746,0.05539928478708229,0.012240643069797046,0.07631829070224076,0.03432439123217615,0.04054836449063339,0.029856843213574673,0.029856843213574673,0.029856843213574673,0.060878586273527234,40.411372353941054,281.71195651462585,371.08865330128475,0.20755969156027088,0.4734260136106138,0.017700293195164314
2024-11-08,0.027480532547068712,0.04187727202294537,0.03863999719450045,0.23297884872346725,0.14395846082923883,0.008007621900105625,3.92342535886262,20.95670884138547,12.507915796419482,0.012360353457266491,100.34617783916289,38.19467147333418,326.3038054953732,72.1746498705192,0.0581725115879618,0.01218529688888951,0.07188734174928973,0.03489671231685162,0.040812575184595426,0.0321939225352992,0.0321939225352992,0.0321939225352992,0.06340610932115115,32.66871681687966,315.5553463552296,325.3455434991612,0.21445132176989912,0.4637330471985738,0.01853096698931324
2024-11-09,0.02737811093984726,0.043680671927887486,0.03910101042108719,0.24416676700512438,0.147711410139713,0.0077429803707129465,3.9491662312365987,21.037786588292317,12.095043608954565,0.012048267760457214,103.61958528662389,36.64965189499399,296.5058642715603,68.90252602927762,0.0575775572054249,0.012483877334193117,0.07268628170703771,0.032991716412058975,0.042756892081053384,0.03073805975462031,0.03073805975462031,0.03073805975462031,0.06694578509570231,33.96316020951529,269.94304149537203,348.79976983051364,0.21022398452436677,0.46137992757097745,0.01779484976447131
2024-11-10,0.029162018892469513,0.04269780977136285,0.04101999758566205,0.24645005078873902,0.1409215623765475,0.007888824936832626,3.7249043200503853,21.99904152544073,12.033359724017345,0.01253531883982748,100.43263170272775,35.33441153866875,311.94915556179643,68.43571940596522,0.055175801222844024,0.012329072327533991,0.0731578951845091,0.03393318061453187,0.041698143795131426,0.031172692873958945,0.031172692873958945,0.031172692873958945,0.06349505233964964,36.09377085327177,279.7429125080246,336.87170242831303,0.22439373124689876,0.46023607278188394,0.01912680614751691
2024-11-11,0.02823427066164388,0.04020039764080133,0.039708165015639285,0.23718254304917535,0.1460585953431212,0.007865772979847136,3.939180376884911,21.231334765728427,11.9728936643,0.012064123424055342,104.84557383895567,36.40022050204438,317.05411525153994,61.14200157890463,0.05656143991946533,0.011910109030666227,0.07843651021626395,0.03317961290037417,0.04109404241349057,0.031042010530884716,0.031042010530884716,0.031042010530884716,0.06674297579026281,31.815077353371976,246.14196509631972,321.2707609829291,0.21387397466537944,0.44676832945001327,0.01932103556611357
2024-11-12,0.027555272403889202,0.045647415010518624,0.040528837097290576,0.22943546283717564,0.1389493739615641,0.007871258569791147,3.9330491593118433,21.864376922932,11.181013799357958,0.011584390567935329,115.50739656582483,48.88544282527532,357.96380794643585,79.62051776253665,0.055145615863355264,0.012066653189585568,0.07727500086323975,0.03386917819730023,0.04139713812875091,0.03118536576422575,0.03118536576422575,0.03118536576422575,0.062034236815590456,37.97527903380474,284.52292999065673,397.67343660911234,0.2204695464248378,0.43596615941367156,0.018974633908304134
2024-11-13,0.027288397744338153,0.04519221100891645,0.04137886948464466,0.23705247062497012,0.13901774344199497,0.008292654957053306,4.034447758171858,21.392804714718423,12.510140613115713,0.011869625385530061,114.94510936132218,43.65119107483494,352.4223002948806,76.21488764045445,0.05403338191568166,0.011675582807245441,0.07236963024090622,0.03315809432140788,0.04260312301375701,0.031649796105439824,0.031649796105439824,0.031649796105439824,0.059940156909481714,30.388415781025735,316.63367504304523,401.91685663930747,0.2258619065486298,0.4561166470654049,0.018472925658642236
2024-11-14,0.0268343565826107,0.04630453306507403,0.04167195727372215,0.22585746026246176,0.13688630673695482,0.00809599552296749,4.021549315678323,22.455549419588692,12.297433532798674,0.01205726066534377,110.95529055710425,41.105927565268566,337.7602008355806,74.2830461328527,0.05378138302390015,0.011953910125030831,0.07308878721570465,0.03561172240992016,0.04197532635893877,0.031928173944298706,0.031928173944298706,0.031928173944298706,0.05984606094585889,34.54925524947665,318.0519382608803,405.50749611138406,0.23646567847757183,0.4553695082825062,0.017680213153056745
2024-11-15,0.026823972546180092,0.04802524321152995,0.04217744714656019,0.24617205902156478,0.13868014335607046,0.008303631519587703,3.9362151252651856,22.3110740087639,12.262091961532626,0.012095006909025253,110.52717468852448,43.15302175828382,354.3703697621208,74.30961573302234,0.05549328144791074,0.011481619993242716,0.07199297828720089,0.035612271294037566,0.04084142539815061,0.031105346925368222,0.031105346925368222,0.031105346925368222,0.058758460586314044,33.37320317625234,333.58081939579836,431.202857345356,0.22899599269644563,0.4330352081602384,0.017482418356991297
2024-11-16,0.028356096498216805,0.04492273482641114,0.04107324475393598,0.24493555431203504,0.139744586102041,0.008163147669417987,4.276135723504769,21.14107328270784,11.163349248889013,0.012368841315429384,105.97703761184407,39.10670192335779,306.6860246427204,59.92585446376155,0.05414321405385508,0.011782760766477671,0.07415460898645926,0.034095520063840916,0.04143949828991248,0.03104700928404606,0.03104700928404606,0.03104700928404606,0.05904042857741904,31.45505835905677,278.4705580784166,419.51080239859294,0.2252497421435244,0.44558071491956225,0.0179210161916623
2024-11-17,0.02863437815373094,0.04592295560216585,0.037012133408764705,0.2533354836769349,0.13964820253160407,0.007997643576367702,3.891678638201474,21.781876451159874,11.279957928640405,0.012264386111262368,103.16568505651281,38.86780613370074,312.0148822909092,65.2191497402307,0.054106636416717264,0.0114390791141664,0.07552524107229418,0.03440458318624211,0.04334491209411712,0.030316006613674704,0.030316006613674704,0.030316006613674704,0.06050837292594319,36.0874298146053,287.9000982762445,381.0502856792946,0.2210951501567325,0.455976770532989,0.01859565158770908
2024-11-18,0.028711369507879173,0.04379334414466897,0.04022473838607063,0.24465393482710512,0.13721249313894496,0.007968278703179843,4.298042459505027,21.799321727573393,11.936152098921529,0.012059835989130196,108.8271290289617,43.64361166969867,381.9643378619228,73.53806218645609,0.05894835115028284,0.011063940077877813,0.0762012158912654,0.033982118088357306,0.03863573254973158,0.03090842547297789,0.03090842547297789,0.03090842547297789,0.060428085096696046,33.04213292032272,293.0255519159657,417.7714659407765,0.23061605151255643,0.4646560615038404,0.01713114963238146
2024-11-19,0.02942031655796193,0.04399161667271038,0.038700083474253216,0.24604566441664844,0.13955980154668213,0.0077095695374827635,4.155567943923768,22.570747037602395,12.636878122706058,0.011720189970927554,121.83808587599952,42.03353476827358,371.2668052693577,76.16429815759855,0.0559693823618035,0.011284928776851647,0.07242501858697918,0.03350304496659751,0.040102714799713335,0.03002276668970873,0.03002276668970873,0.03002276668970873,0.06101183465379117,39.02095216710265,316.4719459932444,470.1976380322273,0.2265014913864654,0.4330562656164698,0.017320847196881397
2024-11-20,0.027360561724392725,0.04564422922657761,0.03927295276229862,0.24620334141907455,0.13607306914487655,0.007768718990211539,4.126492525254767,20.876242703959807,12.417310933143465,0.012333899291914559,102.69441021884607,41.745590902938766,327.75968687913957,72.50850950883466,0.0573516678005627,0.012914636645820815,0.0739023097067977,0.0347201857411036,0.04367551402451076,0.03072292772270192,0.03072292772270192,0.03072292772270192,0.06374705791110558,34.8490007043077,294.6829904819041,468.72670208143836,0.2251938527059763,0.44180077530525985,0.017149217791129497
2024-11-21,0.027616059167883386,0.04744199799380099,0.040159355638549776,0.2465086570624055,0.13567130311791212,0.007811531544584698,4.231695292609637,23.319066796030935,11.858283602297412,0.011728659093079607,97.1049546937347,39.59994065574615,321.03180238273535,71.10114263203052,0.0537148319104286,0.01184389007920908,0.07857179166250067,0.034913944292303295,0.04236879632549233,0.031700134878363775,0.031700134878363775,0.031700134878363775,0.06317511249682049,32.25921967771279,309.6741855158324,368.7603334103401,0.20481841578861507,0.45654387931571067,0.018032129574806717
2024-11-22,0.02859634393102836,0.048838452995338684,0.04022078537921992,0.24178531951427099,0.13426049669126539,0.007353803860839324,4.085903221418956,23.616363486333974,12.349079791420463,0.012233335897977399,98.19335943543813,39.16220463193288,359.48272196242476,67.6561611085499,0.05442877675481554,0.011491879282570129,0.07562383906995701,0.03501908522284037,0.042890568533320246,0.02934095374908124,0.02934095374908124,0.02934095374908124,0.06006701869386291,32.23841334331389,327.60891051951063,370.36108633120256,0.22028186254206183,0.4593839347921732,0.01835591278449196
2024-11-23,0.02906985176985477,0.047476502897589305,0.04035891482614409,0.23078685333871207,0.1327953567539249,0.008117595495618869,3.9801103249543366,22.382684827984704,12.109209321114415,0.01208387961894476,97.34451686345976,44.687227909084974,368.4909178876082,62.413569482032194,0.05674377650628072,0.01229248950827091,0.07215831460702155,0.033800013608036895,0.04318232855032488,0.030359907023621305,0.030359907023621305,0.030359907023621305,0.06247268989669528,34.87599762157382,336.70256935896134,343.2355350309845,0.22237587521943925,0.43810617160990234,0.017882069681929846
2024-11-24,0.028374078408022033,0.04512896143603874,0.03843967886304505,0.23938129459287943,0.14855139877750803,0.008260612910787708,3.809446457998542,20.840900738399334,12.098090906945487,0.012339776563062198,103.06036792853179,44.73023541845274,354.23236847394503,67.26758582443235,0.05625985950364628,0.011640787122582142,0.07359056166320971,0.032891087677402106,0.04364526657394319,0.02901878240961482,0.02901878240961482,0.02901878240961482,0.06233964933589381,34.14739185094329,294.0506788086242,377.2821262530253,0.2156227580698687,0.4169847351087957,0.019070543676793065
2024-11-25,0.029181760552754617,0.04367922343564135,0.0414169930294682,0.2512966275334892,0.1365219355697744,0.007688313093455124,3.8985719985869722,21.675443594301186,11.735892349508307,0.011706718658559887,97.80037353701611,44.27379593853184,376.5877702930923,77.5961153780827,0.05578013373262609,0.011475305049154474,0.07432108437970876,0.03496957881192869,0.040574606363042845,0.029561630530069105,0.029561630530069105,0.029561630530069105,0.06064924780269367,36.696064394476196,294.5043082634294,444.6846234338887,0.2299105593971715,0.42411410806317257,0.01827819380251977
2024-11-26,0.02823278870573971,0.04492042625566186,0.04067186606413765,0.23870507773422106,0.13762088422465205,0.008210794216929882,4.032568837180942,23.408049774717977,11.365415720828747,0.011806967474446484,104.26950896975482,46.22734258214181,376.672916256964,80.3615202086727,0.05567783317610462,0.012031092523025165,0.07498688509140747,0.033006161288774066,0.04245115539321057,0.02987997048966928,0.02987997048966928,0.02987997048966928,0.062116101554061616,36.77717115075745,300.646295121864,450.6306014137315,0.23265844839683397,0.4489731149962205,0.01802509611037029
2024-11-27,0.02801820113782085,0.04536614087759005,0.039664359848190944,0.23525334079143623,0.12865261936120825,0.007769644922965741,4.24959909025013,22.36727316472118,11.66412584518013,0.011911778434880796,102.35165167900222,49.43458289374905,367.29779181145375,79.70331467374947,0.055191753161940756,0.012308157788351651,0.07165100108117875,0.035392971229196615,0.04097346628511274,0.029425924265299365,0.029425924265299365,0.029425924265299365,0.06144810296062431,30.57525543531541,309.5396901730644,439.82773657923315,0.2222093194861891,0.4477293434920663,0.0188521193645416
2024-11-28,0.027412887351061555,0.04389602846146981,0.03904077081176108,0.23107315537496667,0.13616275157639796,0.007976642181936392,4.19758338947435,22.492850477437113,11.807053029076263,0.011893276452750073,93.84838813911989,37.573060212196715,323.9422969024706,61.85559148524832,0.055973392112701914,0.011807076713031592,0.07382249847638972,0.03412871418861675,0.04275962209497978,0.028324712370356078,0.028324712370356078,0.028324712370356078,0.0585184278009894,29.218627659913942,294.3412064915256,336.93752986042784,0.21255466790608882,0.4495614062823126,0.018035134719900803
2024-11-29,0.027809799248501896,0.04313884096083412,0.03995780830640853,0.24150110744700398,0.1333426221194447,0.008185795860961102,3.79849879613797,21.690289266321948,11.384387078384403,0.011950835938697718,109.27441360252921,35.403807996477354,354.11645390063103,73.33405672493096,0.055448992361800974,0.011669347650920269,0.0730270033375108,0.033078730705671154,0.04312441586748634,0.029963905168445944,0.029963905168445944,0.029963905168445944,0.061323035416003986,32.34279173103988,306.0471694640436,403.6503238572612,0.21164861846981317,0.43445122339673864,0.01825964142331562
2024-11-30,0.02811244089753364,0.04355800140020976,0.04141941527340313,0.23434874496924457,0.13179072854850576,0.008089421327223827,3.9608403329390134,22.04305197716825,11.431756131750134,0.012249083666685562,98.46262625415582,42.699894653982064,289.1128380979458,67.75699118052678,0.056490693250317456,0.012471970479302768,0.0743841979341654,0.03280506114610145,0.04109169017178984,0.029548558472349298,0.029548558472349298,0.029548558472349298,0.061736415303712704,30.700175285467285,294.39493375222276,396.88043653755585,0.23717568629060065,0.46131548141578754,0.01754109181171989
2024-12-01,0.02716040772590964,0.04625734763829478,0.0412812572532815,0.229527941666905,0.13365962670692208,0.007474197009804136,3.7315991573723886,20.964685483111474,12.468695150311103,0.011789689028350387,102.5521226492362,40.849956567391764,293.3618544691215,67.31998136662881,0.05511739255947077,0.012814641290246974,0.07776062617674664,0.03424104041007105,0.04180523329878801,0.03141228450228821,0.03141228450228821,0.03141228450228821,0.06101710591232847,33.29371541484765,277.08006695796286,357.52891185685536,0.23889083608091163,0.4600415142472835,0.019162251423021307
2024-12-02,0.027666425366558594,0.04532073106710441,0.03970266853543068,0.22300618988102394,0.13544347711240207,0.007881416426451595,3.7297943248771364,21.126911812441218,12.59755037352026,0.012164007550842838,96.43668536344754,47.16450795196456,345.1248384687708,71.25504709625707,0.054483388618677436,0.012377950118868157,0.07401015630639214,0.03415262383957142,0.042915243117139255,0.03020756644229034,0.03020756644229034,0.03020756644229034,0.05827911893675546,33.38571579065389,268.5901344834612,396.9426295838778,0.22921655061791335,0.43359215296844866,0.017688324958487007
2024-12-03,0.02836218638833595,0.049021660007816034,0.039217981182762096,0.23269726198303872,0.1306795166390863,0.007970010293474189,4.0630894058928515,21.687262318808944,12.682367343717292,0.012721740522925015,109.08592109845036,48.1961114885962,379.4924243321331,78.81103607396842,0.055952672367467426,0.011847767782251559,0.07742090542663281,0.032602522612442564,0.04130146232618311,0.029236299148460928,0.029236299148460928,0.029236299148460928,0.0602537571815253,34.253607743161396,277.1074539636231,448.6088705753906,0.22341673177168775,0.4322116056328024,0.019085420526109138
2024-12-04,0.027712179756167313,0.04858902827931098,0.04072842981338228,0.2425104821633245,0.14246502948111092,0.007658857693735928,3.8870563230447543,22.801168455687755,12.834977269863883,0.012274721468826648,104.38768998184803,43.5611972965474,401.74506103615323,82.29056274766417,0.05653763710541014,0.011860248059283873,0.07810982838884416,0.032178561684180554,0.04284544383961122,0.02981701470913475,0.02981701470913475,0.02981701470913475,0.06307446790500809,33.73399661780416,321.4019416945831,443.37216886003426,0.20875263651760104,0.44119080006860506,0.018681294301367755
2024-12-05,0.027851443884835802,0.04822807379865266,0.038636271256958364,0.2462513729652867,0.13754436566053796,0.007958472591155008,4.070664826168317,21.44681417401293,12.481613692074387,0.012074651730364858,117.42599832299794,38.661002059699925,390.30900711156977,80.79992702767669,0.0578778838915793,0.012338918850462807,0.07593964041185865,0.034576673379995294,0.04365241027141171,0.029958673380691782,0.029958673380691782,0.029958673380691782,0.061139840317187256,34.037512188536795,308.9722082299557,383.89750618763065,0.21487693503761213,0.4513203565127676,0.018404443512643795
2024-12-06,0.027697166804859678,0.043637956197959876,0.03824325547238415,0.23346458524350708,0.1356484007620283,0.008387285351568399,4.12645067512374,21.730577688171298,12.31682675336937,0.012125900415753434,116.88278092830309,39.40706693625694,368.1544820412277,76.80807621654897,0.05714088241567337,0.012267900255814127,0.0785643520155807,0.03348466029082665,0.041948597263263374,0.0289086615811281,0.0289086615811281,0.0289086615811281,0.06217901955079081,33.987202562069406,349.7301839617767,399.48066457054284,0.22309426324217713,0.45307210873627013,0.017849169411645462
2024-12-07,0.027644658667020826,0.04241764474966812,0.03857222850586858,0.2308141177049865,0.13865402809929303,0.007800128202965048,4.069884314126956,22.548930199540386,11.847699876914213,0.012283846457127665,113.4895356908552,35.224536581741326,420.49126335206375,73.5793970540319,0.05753463988363969,0.012155359043254158,0.07793163428104662,0.03500223912292396,0.03973864654179825,0.030976620692911554,0.030976620692911554,0.030976620692911554,0.06495923737776757,36.74924652116133,298.4836717567234,381.1629154273053,0.21760214178532813,0.48073528481547234,0.018191226192800006
2024-12-08,0.02762307981188768,0.04402329963895486,0.03773042415374785,0.2270283781094861,0.14621291438853992,0.007653423620027509,3.972624071298829,22.617235312075568,11.956409810911595,0.012022836320379725,118.12714256771362,36.772420197975926,332.61925824130304,73.82259258222922,0.056110661772662565,0.01165136200471059,0.07908842190202217,0.036124417617588646,0.039801954574695805,0.030305601345901427,0.030305601345901427,0.030305601345901427,0.06403721845463443,33.285864845329094,289.74215522603896,405.98300387086607,0.22658522770622058,0.43525164733556143,0.017250831195415917
2024-12-09,0.025753302719184495,0.043983136435187815,0.03892993054013069,0.23290628272415975,0.1484241839832803,0.007898244639294233,3.8397425568967676,22.972413305167763,12.391584916380886,0.011700348028037532,110.1524372662855,36.76013180367882,348.6256024158848,75.83149003466148,0.05577607481802135,0.011818140474882697,0.06852973645827104,0.03527747999093035,0.040525427394667926,0.03048630910698019,0.03048630910698019,0.03048630910698019,0.06452667931399982,33.6694729512962,302.98154182184186,408.8594958670334,0.2242508959661652,0.435109440077233,0.01680737649112374
2024-12-10,0.024731214614830917,0.046211574077438394,0.040968018787447276,0.2404038232602993,0.1408639986421436,0.00760113784920926,3.7979614188602953,21.98155753237594,11.78409396814124,0.012397891161624076,113.08258840098105,45.952147231492155,391.9416545950836,82.7630263354928,0.05391720904675049,0.012520123678204962,0.07238719436106318,0.03507759976466566,0.03924801784418496,0.03128571881171586,0.03128571881171586,0.03128571881171586,0.06418706669706688,36.77422138871061,275.9218532339889,430.2346850746466,0.2241744344906125,0.4564483902232598,0.01749015388710634
2024-12-11,0.027094832625475684,0.04574198749591027,0.03943960749704366,0.24781766645680037,0.14274423341372341,0.008114624043317585,3.779681785095077,21.871116028073345,11.633248465488006,0.01200216359419137,111.38726376333851,44.70838210801904,369.7003163661976,72.51043262609066,0.05418285610975866,0.011912739753237847,0.07036923530954087,0.034434923591354825,0.03961545992940165,0.030039456983418554,0.030039456983418554,0.030039456983418554,0.06460349231752331,40.56197018349129,306.48520647096734,371.3035486929517,0.2070981948885793,0.4607925390332871,0.018800834609016406
2024-12-12,0.0274735447069309,0.047385504045785364,0.03990246603146491,0.2514275465639579,0.14702632180723246,0.008043618302581086,3.7625488922896375,21.487694803724295,11.647556156029173,0.011684334469789327,116.95309577117122,45.636993323067585,361.4711750339771,69.5129917503824,0.05409512206454618,0.011597610763587929,0.07263982911321573,0.03459501851134379,0.04349274689167196,0.02842472100049298,0.02842472100049298,0.02842472100049298,0.06503570309063145,38.625944982187576,306.6469755666963,351.3119474130702,0.21268542365629498,0.4348535500644799,0.018746020182098595
2024-12-13,0.027779374139334186,0.042970676650392,0.040837571012477814,0.23567466708592746,0.1490260970380219,0.007961845629270511,3.9868642026285417,21.59067960716094,10.853958414007344,0.011592896634058991,110.48951553521884,41.835552413542736,382.2870348058535,67.27593008564955,0.05518233033216687,0.012540106686929857,0.07740645523052612,0.036010971130741934,0.04469729540544513,0.030523993703673716,0.030523993703673716,0.030523993703673716,0.06464261526271751,35.36148052543024,325.96980641830953,391.54936373209404,0.23284458202521605,0.424099420651033,0.017692799357394866
2024-12-14,0.02944468599083011,0.04473802721546252,0.038853679204554806,0.23043858846499876,0.14657367184710482,0.007799146560288848,4.041361419020936,21.33284260615392,11.444195628857976,0.011772673640554216,116.35148195206092,37.522081463289105,326.7821444669345,71.41614785018231,0.05559355659556293,0.011535451227624708,0.0717330645129344,0.037167709777371806,0.04034988104838121,0.02934673953629748,0.02934673953629748,0.02934673953629748,0.06507864464072234,35.210905512710646,287.7209533919676,368.16611386610964,0.2207317171337761,0.42091118500712693,0.01779106225251822
2024-12-15,0.028602172946776333,0.04437370179424403,0.03927056435331591,0.24147459940138846,0.14174930486224252,0.00789389702552266,4.045904350143606,20.930609596273197,11.552159251731693,0.011768218716947191,96.90399053565719,37.46663688774373,333.44655923100623,71.45696677990772,0.055268867412228834,0.012005955902800739,0.07250970371303855,0.0345475930927738,0.040655080709574735,0.02944474414679458,0.02944474414679458,0.02944474414679458,0.06162514091196396,32.83549724977692,270.18141447986005,374.8524888642665,0.2182747659581045,0.417621586450582,0.018722230598406577
2024-12-16,0.027380416485616735,0.04288411348018289,0.0371495307328634,0.23771130358174164,0.1404163584407514,0.008011795230185137,4.1219903360623,22.22071769285254,11.528962395231673,0.011132927110734698,101.28705456203053,40.49642819342326,350.03801127849243,75.42890648875579,0.05481346786207258,0.012178601596818446,0.07240040371470695,0.03484463622117142,0.0432909476012306,0.030310105971052038,0.030310105971052038,0.030310105971052038,0.06018361995603423,32.59852330052589,280.7003377494187,384.68460445727453,0.22407054472056442,0.44857334526969894,0.019302441350055374
2024-12-17,0.027643394458537206,0.04479509360612226,0.038032853888567114,0.24462271537928748,0.1396830662125296,0.008000353548651001,3.9775867985337006,21.087639959824866,12.496503079254493,0.011922133916507954,111.59380997646656,46.21557114794445,371.79142422288476,76.77149884272097,0.05102927378438612,0.012012610175932279,0.0748177735362929,0.03353170605236619,0.0433058325447656,0.03110606887064667,0.03110606887064667,0.03110606887064667,0.05873188811754862,34.60634429914923,317.6239975468621,415.2722209466672,0.22332111333823,0.46107376871879274,0.018899531292739385
2024-12-18,0.028312416109565683,0.04528249421384345,0.0391938186996675,0.22594576677852019,0.1412682503484167,0.008431531331347912,4.021918510192295,21.147473018982254,12.47111532569721,0.011229543284117825,112.11115958010554,46.73941260473789,373.8215945015694,70.25058018229103,0.054460943508418014,0.011576293647792226,0.07163543055437291,0.03352804361867254,0.043690789293287895,0.03126243775153405,0.03126243775153405,0.03126243775153405,0.06141441800000206,33.29138569189447,307.7591766138318,411.9396484734226,0.21642161086505401,0.42710414655046214,0.019059072977624943
2024-12-19,0.029245304408291692,0.044013265941437736,0.038406328360066445,0.23764734133158263,0.13962594459815306,0.008359693482021287,4.0418933984634755,21.376721760514496,12.84498752381359,0.012147077778109635,109.96320920094249,40.804534373584055,315.6870921787928,69.43018975721947,0.052759145034656084,0.011575073471686103,0.07735406295312088,0.03332746128126818,0.04146170963133534,0.030855350668639592,0.030855350668639592,0.030855350668639592,0.06026335380771184,34.91540045884013,323.3591098325043,401.9534959176044,0.21674164415841585,0.44167483243354544,0.018469719979858298
2024-12-20,0.028251947895706807,0.04547709011760483,0.04110793263542775,0.22704820586017704,0.13679046973356526,0.008090836841058229,4.022977778686517,22.232364595209038,12.406811522289528,0.012106683225781938,104.30205457342312,44.95711605429777,336.96379346126156,68.14453905176775,0.054227961447224686,0.012038987097128993,0.07361564843128084,0.034105800919197786,0.04213888990977672,0.030133542030847442,0.030133542030847442,0.030133542030847442,0.06375314464043715,31.305738362437225,308.22449096063843,372.92114298306046,0.21590923392852912,0.44693161251829705,0.018263012891449586
2024-12-21,0.027927578998645827,0.046140292670830474,0.04067603146138154,0.2271735506073056,0.13435851309559724,0.008557081626373824,3.9775207876979835,22.653106399111145,12.693954180539668,0.012391539153316474,103.73855049128697,37.95069352669818,343.99137021810895,73.18081418905366,0.05619112225306195,0.012028870583012493,0.07138174278303866,0.03187228894478544,0.043461820622249604,0.03038634477141009,0.03038634477141009,0.03038634477141009,0.06148026181346861,32.34929290339813,270.45727957884213,354.02624179325295,0.21759841104917188,0.47129071170701853,0.017278872248961512
2024-12-22,0.028261314441539797,0.04540975476634185,0.04098820598708344,0.23818602268843214,0.1447872893254552,0.008243483933195043,4.00680177926959,21.87536377997564,12.336095308273269,0.012628598223492877,93.89563784470181,37.87183603597362,330.75747267701223,73.41536357911836,0.05543032163002965,0.011507219495039701,0.07069338125994112,0.0333229770214123,0.042975940748919264,0.030462850732629863,0.030462850732629863,0.030462850732629863,0.06349974021556731,30.770657069092618,270.9748934474905,374.82689664239734,0.223932678055533,0.4766587887701345,0.018035941991666908
2024-12-23,0.02851694733459742,0.04652895659643678,0.03928876585852214,0.23899284179659908,0.13910547788733188,0.0079210090476472,4.026891174221773,21.472981223987045,11.998485631847812,0.012082369743044758,105.66409791525227,44.569975275175494,350.44250028942724,75.91941938809805,0.05227588957556711,0.011418469252174993,0.07217510091921099,0.032015248482250895,0.041606890446653326,0.029847431575792657,0.029847431575792657,0.029847431575792657,0.06250830416745413,34.21774697302867,276.8278439598264,407.8167364203445,0.21448304222596376,0.46967236318017,0.018606821972178025
2024-12-24,0.028302068516689583,0.0428897265648287,0.03958729545898433,0.23150775467849374,0.13790851371331897,0.007572230830927728,3.893750708641212,21.129119875123504,12.34857119822452,0.01196345363130306,119.27742396304944,43.58527119398544,358.81134327859775,69.9465219175724,0.05534039482137001,0.012145439213867315,0.07131009653936675,0.03394922985412781,0.04016016137563389,0.029283298821875775,0.029283298821875775,0.029283298821875775,0.06054593746656432,35.10050146563448,310.50003743606976,429.2669812831693,0.20782676496004243,0.4312639080843502,0.017720751487602583
2024-12-25,0.0274439281760461,0.04236804750968883,0.04156226183343952,0.23233445206416353,0.14720838131830957,0.007754303189528295,3.586627435041484,22.000870866307263,12.000539389410156,0.012307225688219273,112.8258569884538,36.478295398113616,283.7892158025688,62.606443124359565,0.055659537351571184,0.012927201669883063,0.07719207850242622,0.03583496291088932,0.03857598372796621,0.02987790609008651,0.02987790609008651,0.02987790609008651,0.06342308438394814,29.18865161607773,283.76081913676086,371.6866870487294,0.20647955328596188,0.39700877831558423,0.018725314481008577
2024-12-26,0.028479994206472122,0.04208989949340472,0.03967797426928669,0.2399424049214502,0.14345898459173084,0.008305742274605038,3.901775920051818,22.223167771398504,11.454197516901083,0.011880232121861732,107.9670393387291,41.36861536096496,364.53862729108,73.49141647747018,0.054646393907804146,0.013232224740360085,0.07837690448094796,0.032425554338924176,0.04157416633558426,0.029916774146666558,0.029916774146666558,0.029916774146666558,0.06014901400648039,34.15465133736693,297.8367659889665,399.55470860673637,0.21433866823317477,0.42103780355362985,0.01888699296714827
2024-12-27,0.029185596038456114,0.043873210918159246,0.0382055338946737,0.2412266854738155,0.13631826136905667,0.007978445070920461,3.9682901358590614,22.52242808778362,12.00232931543172,0.012980016459485166,99.59916870945054,42.212982804156226,358.22204761817176,70.5592965909491,0.054653458024307135,0.011588047345729734,0.08094995090970666,0.034720861702906246,0.04126043267101364,0.030057576083768207,0.030057576083768207,0.030057576083768207,0.05945866633004873,32.78840030398513,279.2654670312042,409.49708497155996,0.22224900979711687,0.4596333751730137,0.017661835037073543
2024-12-28,0.02766576072767062,0.04136026229397228,0.03768808854583322,0.25167924319714247,0.13814355853846044,0.007967805845884432,4.097610726981424,21.631568427153688,12.490135424862029,0.011965287560386104,103.94944489051294,44.727071159034026,348.7363824177354,64.14707366519674,0.05487775562167339,0.011984648643270781,0.08008555176217494,0.035667036077063466,0.042849119292936985,0.029708642448445156,0.029708642448445156,0.029708642448445156,0.06468481279448914,28.745829348223683,264.90603543003755,374.20443959949336,0.21978947340424643,0.44682779877030837,0.017441387466937124
2024-12-29,0.02827004623105046,0.044828495492164985,0.039704511972338374,0.24914406904529696,0.13860767012520056,0.008345874074770644,4.060071575005413,23.201025263629255,12.289845231861106,0.011885336167777242,101.33472781043932,41.26316531908846,361.11465616459697,63.946317304298155,0.05770592471272327,0.012220810287128951,0.08156342644718598,0.032027993081646194,0.042597155799686384,0.02972957000821536,0.02972957000821536,0.02972957000821536,0.06163328843196145,34.08980779394255,288.82151400355093,417.9082363847253,0.22541865927457602,0.4780578025079126,0.01781325040025305
2024-12-30,0.0281741263250031,0.04107778889649871,0.04067189605994112,0.23771786449318424,0.13505017668286842,0.007978200231660933,3.949080006240707,22.361453665161356,12.37685185740709,0.01163551262006855,124.1594839894141,47.52028285547673,377.3869694334959,76.08560865086476,0.05529902182721023,0.011782883078730141,0.07923655614805719,0.03322070020489319,0.042840204726639165,0.028614065073438468,0.028614065073438468,0.028614065073438468,0.0638926183301514,35.53622379505432,282.3710033288016,453.8455054718902,0.22009833288891836,0.4481387600142569,0.01834905154829527
2024-12-31,0.02622046737096637,0.042612203554567726,0.03957219950919063,0.22692515339591193,0.13745060080933508,0.008258820536784313,4.144464173608492,22.89185426533966,11.782472554898199,0.011799537511995455,117.21101471210496,49.3571212165573,402.26707684475394,76.72392944730392,0.053512925457791426,0.011984416942738402,0.07235357532576099,0.03366510207579975,0.041798111607386564,0.029038336615220907,0.029038336615220907,0.029038336615220907,0.06732382908908291,30.345250715605268,294.5026637967458,426.38701607010864,0.21592441294818332,0.4521103536236529,0.016987624991721188
2025-01-01,0.026406213270984764,0.047012928915834196,0.04017247570504016,0.2381069929763758,0.13972856329031358,0.00787817854526937,4.1435802836258055,23.21087399851798,11.79986262235644,0.012288701760933397,98.58616444608568,37.41485867299434,308.0192017131369,71.19351534408275,0.054666934520608695,0.011361541798877434,0.07210160107707726,0.03393680411575222,0.04414981663698989,0.030909767561292236,0.030909767561292236,0.030909767561292236,0.0641804863387435,30.028220004733825,256.46845876201917,368.37752322413183,0.2212456277102877,0.4229954329836346,0.01692587284084489
2025-01-02,0.027541391280140697,0.046805281048003494,0.04120583482050619,0.23691778751937137,0.13375854625014846,0.007307717617156216,3.856450564739423,22.788509466059757,11.956433149552556,0.012155149497314728,105.58835488439513,37.742847161998846,377.2529555713938,78.52129292533981,0.05777880738626946,0.012058597556783329,0.0719492649270693,0.0323874767950558,0.044833795314254195,0.029606322035467234,0.029606322035467234,0.029606322035467234,0.061966670897780365,36.21613588905509,275.4064834621395,434.9474812199651,0.21864528559631416,0.43348249005646544,0.018220553348124325
2025-01-03,0.02829869137411234,0.04611040168681434,0.040226412207553144,0.239107245980499,0.14013223406075073,0.007505430051817472,4.239292787332406,22.960239506168556,11.806546861741175,0.012489694658372928,100.90224847872292,36.11516435609112,363.93941173823646,77.98186265759104,0.057507907408434276,0.012189158224815241,0.07826190275198483,0.03274475582824548,0.04090084482257588,0.030569009974532435,0.030569009974532435,0.030569009974532435,0.06538345200728378,31.866686136203796,274.6180186071955,411.1976854821201,0.21709688513294856,0.4595879842132741,0.017774140732118724
2025-01-04,0.02811691600322952,0.04249075527071511,0.039476786371133055,0.23234042016887907,0.1410931530690644,0.00816900300374822,4.081595042023319,22.48740626577419,11.708884551130538,0.01293860265091185,105.96665324696917,35.793089010864264,348.5822723740705,63.51538073521405,0.05500523413419622,0.012015061574112473,0.07632017848123583,0.0360480647936643,0.03971917019751274,0.02978157919079167,0.02978157919079167,0.02978157919079167,0.0664366967205491,32.83643926083309,288.9036180454982,424.36827812481454,0.2101441034001224,0.4552288234789765,0.01819974798024069
2025-01-05,0.02914663888320688,0.04201720321397684,0.040543188461546455,0.25694006198967645,0.1371102303808334,0.007681596138320359,4.077575963529983,22.487228249623925,12.047853161453343,0.01305928687383202,95.54972363753866,39.168506270017616,360.16688534867905,71.26550244483576,0.05298692096379828,0.011694014337361539,0.07865268646201311,0.03442536886865913,0.04331316020968954,0.029176660645647362,0.029176660645647362,0.029176660645647362,0.06299620471913424,31.33485428386751,302.2900468729689,392.3920155696817,0.20463753798349754,0.44251347253917883,0.019002060212467496
2025-01-06,0.02890567916853567,0.045309497453199815,0.04272783610565163,0.2546273758881131,0.14335825937867197,0.007789106472579968,4.168611243392964,22.159575931569247,12.01839709384191,0.01233233783118377,108.85659573466495,43.75432095528714,367.5846785951635,80.96023425187596,0.05222154169521617,0.011864504544395384,0.0727327425976067,0.03369464438080056,0.040050277376519845,0.030748711388552303,0.030748711388552303,0.030748711388552303,0.06293936066751228,34.688535384888304,292.11466862081596,396.6812760105569,0.2105739530805893,0.448656301151791,0.017282511624037163
2025-01-07,0.02844208571741435,0.0452698028189472,0.0402706073826428,0.2487623229682952,0.13898438925457574,0.007989633900278162,3.894886141001667,21.18647479429032,11.637628227518084,0.01199771154956672,115.46138339449648,43.811012377499075,357.84206942188496,82.20771772433477,0.054218766074290145,0.012227583692088016,0.07536313815604793,0.035794610318606944,0.043569774352562124,0.030724863375609097,0.030724863375609097,0.030724863375609097,0.06810361270934867,33.77620567463159,336.30702774791393,418.38883185787444,0.20735850791246524,0.4472284882763808,0.017752306300574918
2025-01-08,0.028328431579154767,0.04905254388013793,0.04026656039170847,0.24343628865803407,0.14298429207833455,0.007992372301603603,3.99775446550427,22.29636247128886,12.085934235729761,0.012393265277844182,116.51484334799636,45.764215488926155,377.9025742219754,73.312526920973,0.05426663681555878,0.012238244136107369,0.07539779890979187,0.0343007197689783,0.04263943897029972,0.02935043145062414,0.02935043145062414,0.02935043145062414,0.06699212185185939,37.051097623906664,307.8666303886048,442.55008569387536,0.19889694703381677,0.4515848979586882,0.017467793408744332
2025-01-09,0.028743673978926573,0.045970795783322804,0.03960503759822637,0.24395921052747443,0.136801904686051,0.008035309129037743,4.034182148414433,22.994161153155275,11.574294580960423,0.01184355272071147,117.7730028849828,42.91821706813711,340.8298141787613,64.6624899403052,0.055499885432653114,0.01117695957929728,0.07947388581867255,0.03318571592351428,0.040222815584146934,0.02948779614146344,0.02948779614146344,0.02948779614146344,0.0599575125294335,35.60588949877947,323.09455652952755,396.606014149399,0.20960844225675382,0.45483909764731656,0.017584808676393733
2025-01-10,0.028831841130645634,0.04751701828295789,0.04070360737774689,0.2548997914469592,0.1407933013683245,0.008309870140785365,4.001760928809424,22.60359515214555,11.564539675695178,0.01204624033555643,104.33110528876828,40.6509937985276,339.1313898008226,74.88230189828421,0.051512046653944966,0.012070925814064314,0.07957642095276252,0.03242471612840523,0.04332633206660614,0.029227895527977832,0.029227895527977832,0.029227895527977832,0.0612849600392573,35.055789710187675,338.9628187961808,409.1513799198387,0.21419592789498368,0.4673241404480532,0.016632205533343603
2025-01-11,0.029098340392946852,0.0445892455100831,0.03643098753502097,0.2407847950270418,0.14034088299133538,0.008622697847326886,4.057249906986799,23.994584379206398,11.135171258386256,0.012004944645494784,104.77265370317247,45.31411816710057,324.11375453017246,74.43582142939162,0.05064568919727582,0.011996524986797453,0.08112239051611471,0.03583917023309935,0.044223055277816684,0.030347660917324243,0.030347660917324243,0.030347660917324243,0.0631048732615516,35.100334338604654,313.65091740206225,358.3321609241054,0.21731966801354038,0.4537774942794025,0.017119867323715926
2025-01-12,0.02745189664107119,0.04394564087184835,0.039142761180779716,0.24183787864413048,0.13322907706132886,0.008136999268069886,3.7151729028014184,22.92765207678699,11.908428410246534,0.012347507018129287,104.27687988112184,38.35343057242199,376.5023749032338,66.1929419504333,0.051648266490172075,0.011296118987799976,0.07425260688105087,0.03629990584297604,0.041196955192503514,0.0301199376932514,0.0301199376932514,0.0301199376932514,0.06638391322447502,36.731226773098044,330.94162044559425,344.39993283757315,0.20875183182946133,0.4237173900280758,0.017906657214547445
2025-01-13,0.0287585299985296,0.04385504266313692,0.04009599907433963,0.23559834160735296,0.13014672438997626,0.008145948948237584,3.9782813361386737,22.222408640505144,12.497672061869395,0.012117341930765248,112.62324236173099,45.32458842217143,400.0226203785213,80.80759553732288,0.05388864862443243,0.011335229717880863,0.07269768961945744,0.03526246075855888,0.041087723139374054,0.03053799503029158,0.03053799503029158,0.03053799503029158,0.06669074969162953,32.277175579779446,357.0065778155636,423.55551479548586,0.21855496900728988,0.42290416273695386,0.017275903104218327
2025-01-14,0.026852037257260902,0.04440610474507041,0.039569678265734605,0.2342434974227814,0.13695171229730896,0.00823131649644739,4.317496412483074,22.4334227758914,12.838878693133967,0.012109979641226527,139.84186113218703,48.9989719866565,368.06249341222525,83.1252581583721,0.05716533220380478,0.01239584217175887,0.07452507637888044,0.03564716578671021,0.03955601753374991,0.0285563386916538,0.0285563386916538,0.0285563386916538,0.06194572955378496,30.945709019836066,350.9802526925869,418.67498834806435,0.20436331421622259,0.4312309195543105,0.01766927767100091
2025-01-15,0.028739826354008978,0.047185692904518454,0.0407288104394093,0.24654603487012672,0.1401308666996038,0.007912781533515958,4.00745072975001,21.4638237947074,12.849399361941297,0.011977065280191353,117.87548642277793,45.81577323680797,406.781835368474,80.80990010905228,0.05630246656162531,0.01266910879235568,0.07284309623406936,0.0341802946480697,0.040852992222847564,0.030255786435199765,0.030255786435199765,0.030255786435199765,0.06270856663512449,33.751954282867366,324.67234528497676,361.28221865424115,0.21708649148198395,0.442946988793882,0.01797419034175312
2025-01-16,0.027554479514816984,0.04595334498559464,0.03962924713842412,0.23068291269949012,0.1428807605435554,0.008325128565105,4.0127237924825385,21.941942502940275,12.437238614623801,0.01232586336235094,108.61019881214565,45.298590636600586,380.0735819560928,66.57419804520195,0.0563428641509524,0.012446169903679197,0.07602545006074203,0.037393380546654524,0.04137832830535709,0.030720291283969876,0.030720291283969876,0.030720291283969876,0.06096295856449295,28.798550708657768,315.4092297247317,426.5705909775588,0.2135137335565229,0.4269072605540608,0.01685060083495397
2025-01-17,0.029755189590367465,0.04681204965146748,0.03824115419433393,0.2402890604167617,0.1419003606159151,0.00824888186977696,3.8070247499898047,22.732752186621703,11.773042200493862,0.01196041652682773,104.75742021995563,43.1299425859075,326.54303033250045,70.44909312481462,0.05690381055490149,0.011818336244337377,0.07588153649198302,0.03567129828991231,0.04374623434755258,0.03026948089968321,0.03026948089968321,0.03026948089968321,0.06207836824602122,29.265711220223142,315.9647426792918,448.07672241240766,0.22139193755033326,0.4369880361164828,0.01721753168407533
2025-01-18,0.028076803117937567,0.04531473319732766,0.04274096670730509,0.2364771402368676,0.14512646065451754,0.007576469035540577,3.8877865195475603,21.978930012284916,11.981614714117502,0.011946023638455407,94.1328658330323,42.533947332838714,307.46786334844376,67.26911212650718,0.0561552539397834,0.011773656359894935,0.07321672857990415,0.0353610992927268,0.04402159159829182,0.030597273169363136,0.030597273169363136,0.030597273169363136,0.06489094405080903,31.943705811969252,306.93936444744946,432.94342260040537,0.22767100256469913,0.43761536878043555,0.018005908658939224
2025-01-19,0.02653690235795547,0.04855722737528487,0.041404353803703206,0.23298953720309784,0.1443246940334161,0.007952259952713115,3.856120826608522,20.987228118157844,11.902939528483262,0.012270109681410415,93.48233157851428,39.97168405349232,351.3455349535029,70.1275676971329,0.05621149163776893,0.011698029038184593,0.06981146160142335,0.03397831492157929,0.044832932042583325,0.030209558080380883,0.030209558080380883,0.030209558080380883,0.06319747698610913,32.75343056190455,274.6518028726203,436.95687339109054,0.22732694997928496,0.43202943596574417,0.017725425962856756
2025-01-20,0.026229799492625782,0.04625950848773698,0.03883423430113993,0.23611530242369907,0.13606019309509676,0.008079635693737174,4.158023224674145,21.530479526253426,12.532007433318249,0.012335718450377606,93.8292218235292,44.77515545902675,386.98805631149236,68.58814736004888,0.05257823460657135,0.011690364890688022,0.07050566215422434,0.034746874098166396,0.04309003866691596,0.030595397179691477,0.030595397179691477,0.030595397179691477,0.06445161989466025,29.901101695961646,230.90396823632827,334.5893278417869,0.2225099284313578,0.45332489221121164,0.017777298185183824
2025-01-21,0.026370861468269557,0.04408094950937605,0.0401153232725986,0.24593757536200872,0.13254370966944257,0.008167953854910839,4.073097956416436,20.76127670519429,12.159164006532269,0.012132206824071314,107.8741437140693,52.00102850947457,380.00904089148264,84.15964526812871,0.0544263301945032,0.011638888129433665,0.07298689094707653,0.03437602428160528,0.04270321855852355,0.02929315669625815,0.02929315669625815,0.02929315669625815,0.06372420751887359,35.5317305802771,320.84342170150023,379.27720865564254,0.21299915525721874,0.44441035120939565,0.01807993173696997
2025-01-22,0.027691123402919373,0.04579751514550464,0.042159262602895174,0.2430352531771398,0.13643564176080497,0.008441919873462595,4.012248672830009,21.543791694403893,12.15987458130731,0.011386771203696957,105.89400428438752,44.376006100000716,372.9189542263235,75.90205096728911,0.0568209631695277,0.012163378931397515,0.07489225346499064,0.034558345093660806,0.044661436324313665,0.03117592772507849,0.03117592772507849,0.03117592772507849,0.06396408223229345,36.747834990050244,306.8551812943135,377.0389422389159,0.22986412895334138,0.4365669149574129,0.018335009608183673
2025-01-23,0.026207799054008815,0.04653683837406014,0.04065079131912614,0.24335413534419736,0.13614560756584343,0.008190662206663772,4.1268818638689195,21.245711748186647,11.587083782001116,0.012283992560930174,124.95267607530688,42.655838205364745,363.3670967299658,78.37467077900504,0.05378693833514937,0.011541902539893744,0.08079603580691176,0.0332900213674398,0.04639120028527073,0.03012062624480609,0.03012062624480609,0.03012062624480609,0.06455368628557565,31.319872832385823,344.36419528661446,396.70061091987355,0.22374133742436694,0.4509135316672814,0.017830661901918874
2025-01-24,0.026912909488866245,0.04421916446357632,0.04014676632874058,0.2392388137987961,0.13301535308601434,0.007972741398028484,4.047150847795794,21.04259531499112,11.556844135444805,0.011996934103360847,104.20124890495225,41.049269500595095,402.26021552973697,66.08424352707753,0.05418665958993534,0.011240296399686104,0.07969940607892463,0.0335990632370179,0.04446864636403418,0.029963441223515012,0.029963441223515012,0.029963441223515012,0.06160056592099718,33.96196180507731,330.26526105969384,422.4173934236272,0.22059993682912568,0.4674739875156792,0.016537610103942314
2025-01-25,0.028834705998586768,0.04517039894744265,0.0382061114354124,0.22763051604173537,0.12723897321424435,0.00842140884688681,4.214425490736621,21.56583721513561,11.836490735130624,0.011901733134947863,99.79486728380417,40.95430882171927,382.2745028631821,67.53096197403084,0.05464095316396416,0.01165812023548214,0.07366610448890322,0.0328373080013248,0.043205663912063375,0.031193058298458275,0.031193058298458275,0.031193058298458275,0.06115710346599088,33.43998450720935,296.7796978500722,384.65664139589853,0.21819367661623568,0.44941149131917285,0.01720138891704924
2025-01-26,0.029285795390510603,0.043929098594396976,0.03946694708049417,0.2350981962128307,0.13134473313773604,0.008272166205067339,4.138066715945635,21.790542063663594,11.652173727080472,0.01093141205553239,107.31111167079936,38.668414480658576,355.64738032185744,66.24578362262673,0.05499478555758372,0.011267721690563984,0.07666088349943048,0.03280119728240772,0.04185482867633175,0.03278266987377607,0.03278266987377607,0.03278266987377607,0.06082475767853754,27.626391572992787,330.13670510249665,362.4817588562481,0.20781685374343029,0.43915559808305504,0.017401613696084166
2025-01-27,0.02758020872684434,0.046269237993601844,0.042428832690509365,0.24210148176587548,0.13923534922884487,0.008829942670590611,4.061260154287277,21.184508874304843,11.7245601672352,0.011650307523930743,117.36512102053683,46.033937787709355,359.9273710513222,75.90495838892161,0.057235087906048886,0.012192458459392857,0.0742746186780659,0.03238852597906949,0.04215125340342432,0.03051198112069974,0.03051198112069974,0.03051198112069974,0.06022682533467084,33.05451538778042,315.18816679469137,400.73538270299747,0.22571689238315928,0.4170094912766752,0.018229553020227097
2025-01-28,0.03035296995961416,0.0447772932043634,0.040086488683963105,0.23592858737711428,0.1373734842358325,0.007904732730517143,4.074453201863807,22.448459561452033,11.722046088631727,0.01211727363237549,113.34133669369187,44.29870801616585,416.792778411578,79.12863684380508,0.05607298490030682,0.011665657757795503,0.07334714727570717,0.0331914701535069,0.039545394050103516,0.029378938158103874,0.029378938158103874,0.029378938158103874,0.0652266068372506,34.546128275148014,331.036696607765,431.6507593986409,0.2307186273973564,0.42950976823849385,0.01828269246764411
2025-01-29,0.0296921651577554,0.04525137467853076,0.03907050592541975,0.253192150618083,0.1478614990027051,0.007696495943444861,4.106223995658157,21.075494573944273,12.29215494338691,0.01184647308284935,118.45745870961939,49.66709511072103,373.85894670566864,77.64377819739343,0.06093916760110502,0.011800774516274544,0.07807179653618776,0.03371931023276677,0.0411219236530805,0.029643635364859373,0.029643635364859373,0.029643635364859373,0.06367039559509985,32.70520668874092,327.3469615072339,437.21002043732625,0.21632055042541481,0.4406570797777531,0.018662447807925576
2025-01-30,0.028807767727622915,0.044702859251907354,0.04007449303055549,0.2526734954791919,0.14234180891775144,0.007867449156891351,4.0381823990179475,22.50013586769231,12.05229000499028,0.01174402873068949,104.18420748234415,45.38059537606147,388.76420610933474,84.93615618275663,0.05231422202245854,0.012032103999855362,0.0759032872293882,0.037161636053388895,0.044014458040440844,0.029859176266926017,0.029859176266926017,0.029859176266926017,0.06629973863852798,33.77949237522462,349.6428845624966,371.15446654611446,0.22063211430420757,0.4520974368439195,0.01746378336474311
2025-01-31,0.028495198161681067,0.044435334348896,0.03991472156955438,0.23578515480052226,0.1340253291525054,0.007853361924783902,4.300245645897298,22.30636206181678,12.055912598312535,0.01205108032679928,101.73230087031311,40.90801089295032,388.79895304794866,72.89395554919555,0.055370585439756016,0.012421697287472536,0.07732868024107441,0.03391830707240546,0.043882659401334845,0.029189303779458643,0.029189303779458643,0.029189303779458643,0.06287047998333577,30.25945369584291,336.41655549601717,357.3157598514882,0.21934660458635358,0.45938318301694553,0.018031010503726085
2025-02-01,0.027767426370864927,0.04410642089803599,0.039257448393578864,0.24448844270349038,0.13776470733575094,0.008255477831356457,4.051563803918462,24.308137960101664,11.744685804928281,0.011868350804278862,94.04229450898114,42.990808995678016,376.8753750440726,70.69478018958648,0.057158114566962306,0.012199580629524875,0.07722320264014117,0.031233824582548385,0.04192363706723761,0.029294587384853632,0.029294587384853632,0.029294587384853632,0.06174875960555538,30.916017082415983,325.9536633485344,375.487814772754,0.219042641387469,0.45509044901251827,0.019530890651313682
2025-02-02,0.028136048894007684,0.04567097571115465,0.0377689435839798,0.2354877546256642,0.1372605537717591,0.007951655401578678,4.020848560673128,21.568598878834738,11.98466217173787,0.012435672258972427,97.5156427064154,45.22759927925098,374.2096375679007,75.55986083677278,0.05766170790900215,0.012250570051563792,0.0744280947737293,0.03346098302123278,0.04168359923582014,0.03005354631512863,0.03005354631512863,0.03005354631512863,0.0604808208599196,31.784235158489523,312.1804453758942,377.77290344889735,0.21284932335089776,0.4386993720347762,0.018652497341825204
2025-02-03,0.028383141047009466,0.04549036036444902,0.03828382396797768,0.23450918914008337,0.13682821014579294,0.007468105888289893,4.06757056785121,21.424237329606882,12.346430130234936,0.012168537366010682,102.34362885779514,43.16285590215806,393.0341928679861,68.90744474086542,0.054059273918566866,0.012174898954023138,0.07336990287924385,0.034478116825772384,0.04201426899575991,0.031172641922320568,0.031172641922320568,0.031172641922320568,0.05532160077313289,34.4554559345834,308.37111529873704,394.5813145374339,0.2158557122263361,0.4662726010818777,0.019476677585606065
2025-02-04,0.02856367680429284,0.04434230870545813,0.038806100173172715,0.2473652411227831,0.14030301575460735,0.007802475611015964,3.705163979705294,22.40483228494728,11.555566172515746,0.012067599008150411,111.76051906680749,48.796342537714835,442.87314819725026,82.41841744684928,0.05440952081820925,0.011291687694394748,0.07366557542351412,0.03456851015529123,0.039791560120879706,0.0304078120763301,0.0304078120763301,0.0304078120763301,0.05924957560297947,33.38525261859377,327.5828518216446,409.8645290134881,0.21835622154836387,0.47015620466010444,0.018129678059022235
2025-02-05,0.027954834601008328,0.0459957766223284,0.044038991564099926,0.2473387334883071,0.1406140688695151,0.007752286432063661,3.743419252558796,21.44775540747707,11.465221818038703,0.011782513500260198,110.20608858332866,50.86146360737117,373.1898730778825,82.09798727425665,0.05733573278876508,0.011686277360291564,0.07218559454738527,0.0340705036291479,0.04052203972865876,0.029542221073026897,0.029542221073026897,0.029542221073026897,0.05692241460496157,31.085802558243476,359.5398328900384,443.5742656291776,0.22067676807062492,0.46352240634410813,0.01808511722943585
2025-02-06,0.029431020430654063,0.048412882002221796,0.04098448852326042,0.23116854650292198,0.13790496097469876,0.008004199670029643,3.9712358225468365,22.283280108802195,12.311943968750583,0.011989554459693392,108.73847107695948,47.09404857402755,368.58436024003305,77.75578936870217,0.05464861297340107,0.012409826092185544,0.07398664590391153,0.034211496521739125,0.04135349554034635,0.0309046687938421,0.0309046687938421,0.0309046687938421,0.05777300295912366,28.943933324785004,346.1424186796636,417.1975169630715,0.20801669782896592,0.4558235380266687,0.018438352502258348
2025-02-07,0.027899754025597894,0.0467033416266229,0.04065310926239497,0.23267848235110022,0.1397627211106522,0.008222018385643385,3.9839691127074435,22.427748898341495,12.206619925661766,0.012015602957287447,119.96511214188014,42.38877366157862,344.5877089022636,68.2873487299263,0.0579607523721559,0.011597569186324555,0.0748589359750692,0.034361844763228226,0.04081497774016694,0.029684630902716853,0.029684630902716853,0.029684630902716853,0.06250084798851992,30.88729668876521,312.49713520790385,363.1123958006358,0.21581765133726497,0.43144564054783335,0.01790919501235263
2025-02-08,0.027737375852278222,0.04908282854480228,0.03982711025029903,0.24708872841671128,0.1412260036625124,0.007828380978739183,3.916829596870217,23.445258810865326,12.06756074502158,0.01257786176581443,118.47600298827301,37.41929068917779,356.10122595786396,66.01116578280948,0.0549564761882465,0.01215415286449922,0.07454726805787439,0.034927414402516795,0.041704882539260295,0.030391405150166965,0.030391405150166965,0.030391405150166965,0.06395569355174922,29.83494946287499,299.63307138578784,381.5399618741601,0.2237355298627094,0.47810494658687513,0.017227982695705385
2025-02-09,0.02730316232048173,0.0467544623170314,0.03899345842760226,0.23634684780507395,0.13485769835381922,0.007583920237960004,4.074972622144136,23.24934358746122,11.613331713004333,0.013009168115095731,101.07176665107903,41.55936896478471,357.00475835455075,79.52784917032882,0.05477338243584795,0.01149197823652473,0.07500363317777739,0.03533887126946411,0.042638408960783275,0.032140084809679295,0.032140084809679295,0.032140084809679295,0.06658571539362669,29.015579914423537,291.8763452144769,384.81702834836136,0.23330728089359024,0.46712267391673007,0.01755450738102439
2025-02-10,0.028807725184055884,0.04419177710917241,0.04042999210259802,0.23583803442616802,0.14019873982990566,0.007822180364706848,4.003969708306988,22.60990578813565,11.749662387970476,0.011680721656577782,113.25512244329558,44.33297131677288,372.9788349921529,80.37154339575918,0.05441958970228119,0.011574794143281638,0.07472579689192704,0.03332041884829216,0.04133609003199916,0.03184963669608772,0.03184963669608772,0.03184963669608772,0.06150840982171534,31.700395866214382,295.2281887311704,373.6827607907133,0.23686287877301127,0.4432552728622569,0.018051946470406293
2025-02-11,0.028540963276440217,0.04248714100704912,0.04051622266644381,0.24700701433090164,0.14019508709734518,0.007420666333698035,4.104471714334355,22.230273856614623,11.822527540675349,0.010724976542237134,127.88906038623675,47.62299065438747,340.04912134213316,74.26546709273241,0.0573768798642249,0.011817390794623548,0.07610299598072215,0.03289166657440677,0.041108436503653215,0.02929974365687221,0.02929974365687221,0.02929974365687221,0.0640845924027933,33.658370395463756,353.9679176427232,409.81919619292677,0.22653144588621352,0.4456302667992471,0.018055539346935493
2025-02-12,0.028894425171922283,0.045784756839770985,0.04201847162004052,0.25045183737307636,0.14040034987403743,0.007202215026863116,3.911637491511653,22.479451266418323,11.596491150316544,0.011049816095911255,134.55344188759764,48.643984058124346,418.58074777394313,74.44988303152495,0.05489477732993875,0.01227541447199267,0.08060969837767239,0.03296693785042966,0.04174483537906963,0.029008024872582777,0.029008024872582777,0.029008024872582777,0.06015535775718176,29.415293050394432,365.75347693870617,424.8927703138866,0.2229230713453025,0.4444069523950356,0.017819979260217642
2025-02-13,0.028645088037921845,0.046370176127989146,0.03874345396444992,0.23616101235457382,0.13247343253398097,0.007467598683421242,4.01511455803387,21.18764168170668,11.923104185116031,0.012639453326998942,108.39999392863078,42.920402932683885,371.043649756271,69.75792688971205,0.05620220811533573,0.011624062063756681,0.07825775968243472,0.03328424716951763,0.04315297556842819,0.02964349457506689,0.02964349457506689,0.02964349457506689,0.05984747305758543,28.669739103130656,339.09739628087215,361.1707897724436,0.21420017411886894,0.4391467375923861,0.017400418707590026
2025-02-14,0.02820583144607393,0.043728713818007504,0.04180094441072781,0.24084276342348215,0.14136651316095925,0.007661472713243927,4.000267321084015,21.258047452785085,12.332658467311647,0.011900973776856064,101.25992626223561,38.106301419946035,368.6127948162426,61.8521411571313,0.05804982230004165,0.011885203756256,0.0704397177158628,0.03553963760289597,0.04339825364376786,0.030655946828767516,0.030655946828767516,0.030655946828767516,0.06055487044469471,28.197022729422795,329.7114321930065,335.8378902475815,0.21692744774479245,0.4254694134061092,0.018199666328607634
2025-02-15,0.027827689886393937,0.0444432309391006,0.040033418843669163,0.2349375890922026,0.1399219870844431,0.007822240380110571,3.75574138589469,21.897636601241288,12.223148980319834,0.012333126003497473,102.82623841318632,35.62686553049822,367.79099887234895,68.64436899901214,0.05293374547069598,0.012108674737476031,0.07242902243271014,0.034799059118537506,0.04197601068500891,0.030518559958471986,0.030518559958471986,0.030518559958471986,0.05973923014750124,28.651060297990124,292.642124884693,368.03517081155144,0.21931246893030829,0.43774063129248264,0.01782181235634123
2025-02-16,0.02761268972915364,0.04493077256662842,0.042144034778295286,0.24705862612533533,0.13440368855728474,0.00793606351993772,3.6485155456959273,24.18918143484101,12.579948043443252,0.012057584528692563,98.53724610604567,39.53148550186007,349.98918282215277,65.47565127668912,0.05368897804523604,0.01306862475265519,0.07217610297795889,0.03305451210700355,0.04252319550076192,0.030576203048778432,0.030576203048778432,0.030576203048778432,0.06229653817705309,26.42760766284917,300.77721656465735,349.82655396090956,0.23946337539454451,0.4421452759583271,0.01800010622610911
2025-02-17,0.027033352092175063,0.04370840509934935,0.03921757674531578,0.24161805650640542,0.1331281339467411,0.00818550837156818,3.61383718812924,22.835512027113303,11.876662519397545,0.011978910029532672,93.69406643581031,37.791854737680005,329.320113472215,61.408131909785446,0.05511303586141031,0.011420868571243825,0.07050767501248097,0.03316158002837865,0.04311950719083534,0.02895663299419225,0.02895663299419225,0.02895663299419225,0.06269855102767027,25.526064486075022,277.791656458678,356.72645603151193,0.23407571984842504,0.4425428988096329,0.018753898166731005
2025-02-18,0.026087144102791497,0.043935787957818204,0.03846052545070527,0.2483467857059896,0.13322805249547207,0.008083066874406337,3.8715097473864097,22.114521582859606,12.445108509573785,0.0121911708000372,99.92744913553234,44.06761756509225,421.22082366596453,73.54724746000191,0.055138611242744565,0.011674012842852874,0.0725314898631314,0.03390507451499754,0.0410824139497302,0.029518609452595906,0.029518609452595906,0.029518609452595906,0.061753618873320315,32.443166883296115,317.8129879184381,368.52567097329927,0.22186256388402176,0.4505943606614333,0.01878055480797444
2025-02-19,0.026793059184522624,0.04541498188232963,0.03923935476490158,0.25163348116282885,0.13242845521932384,0.008013011643382917,3.892641572459398,21.998612903557447,12.485283012904734,0.011777048507033962,97.4498393122754,46.723902999951115,449.790051849524,71.99932620149153,0.05368526083532479,0.01176552413726434,0.0735448190059065,0.03457939421478061,0.04227744426827096,0.02877441897967605,0.02877441897967605,0.02877441897967605,0.06127937021651031,27.82084818983412,261.9163726540507,368.6254769861335,0.2284332413656435,0.4460952124609947,0.019302271698504285
2025-02-20,0.02738458316974336,0.04592034736597134,0.03900071913431737,0.2425773858120563,0.14125293456377436,0.008157423763545677,3.641954716789434,22.10480611275475,12.304379700287587,0.011887050670988589,104.739205986951,40.0660914085725,365.7480924638091,71.23337594970279,0.05366971825045431,0.012028922532583083,0.07250952055576543,0.032909080920415806,0.0415585113140942,0.029750583821700066,0.029750583821700066,0.029750583821700066,0.06047083831682447,30.383363361306692,267.1927179697913,364.6153126962904,0.21088376470174885,0.4507428122143832,0.01794071310388078
2025-02-21,0.02765685028627453,0.04560065633014013,0.03930220075964929,0.22897812789743918,0.14287661123349035,0.0080360419439762,3.8045494396473742,20.387033195357713,11.910893935646468,0.011757741119394066,99.51860383825753,36.329146203826205,351.5186252330999,72.971926475081,0.05103286727879711,0.011793010040890676,0.0722859949909737,0.03216484530713611,0.04209958991923573,0.029693803053076614,0.029693803053076614,0.029693803053076614,0.06353473206243893,29.220051082260095,268.6612567255059,326.76724477818846,0.20514496755417677,0.4498913281721456,0.018026065628486874
2025-02-22,0.028335788791173683,0.04638716463416261,0.04135831063170959,0.24141573186016738,0.14296910428993273,0.008061320229248289,3.904740136962,20.022112806649943,12.238964766555068,0.011766769318046556,107.87609676002475,40.84835645629762,367.88907019932526,67.68153062318304,0.05514023147302954,0.012464884050674894,0.07503818198617568,0.03341037901677677,0.04188256825467935,0.03169957557481974,0.03169957557481974,0.03169957557481974,0.06191410149276092,26.07118944666571,252.7795990549777,338.08287332989033,0.21904908378494495,0.4633096564637706,0.017858135973565257
2025-02-23,0.02755376960585513,0.04569842267370455,0.03873438272873845,0.2302819302642639,0.1317740465620886,0.008151934354305416,4.205459992050564,21.007406705527128,11.832278940729175,0.011758447711942609,94.56761312689204,39.29175447135451,342.0517572415096,64.96821573042578,0.053415504214638226,0.012388685094725009,0.07227432980030249,0.03511308675766098,0.04252232560319061,0.032545374617302336,0.032545374617302336,0.032545374617302336,0.06371250934912477,32.47914889087882,247.74218683321646,348.457780433121,0.21726535503183117,0.4490920723505851,0.0169525626147983
2025-02-24,0.0280567279839974,0.04700798657863582,0.0401136301901507,0.2509326033407118,0.13527982789731083,0.007807755054983772,3.9654516920420564,21.09640855730966,11.553213808687445,0.011996604205020125,102.23670079409371,41.17853163583533,387.84920432498524,76.13588708664054,0.05475037515544617,0.012404831750883331,0.07698742359672887,0.03516775793762896,0.043567623232427785,0.030496648364602225,0.030496648364602225,0.030496648364602225,0.06422198033873489,31.62821884295672,282.0396417185831,359.3804184034955,0.21571944837915216,0.4439549838202091,0.01783362271053643
2025-02-25,0.026993036611452675,0.045892457721800076,0.042479070712791826,0.24090329479829134,0.134053558588788,0.008231499918987941,3.9439115967151697,21.849624317663057,11.51212805683492,0.011952762393499669,101.64957570923715,43.794419363229764,401.6183284618079,75.27847924028497,0.05416938827566065,0.012659146327578663,0.07793410042893226,0.034593368242147676,0.04515318970668408,0.03130050947271683,0.03130050947271683,0.03130050947271683,0.062313549770985174,33.062928212952535,284.509330279549,369.0023414000247,0.21410546051552623,0.4641789786883611,0.01708141776950145
2025-02-26,0.027092624526116226,0.04559777406862174,0.04178772306405645,0.2586236985135932,0.12989935469934277,0.007986396517699945,3.9406362746562764,22.364729076125215,11.59168616201658,0.012263309681704167,98.5736546333364,48.94822701886217,404.12759884355995,70.65896467637411,0.05414522584687547,0.012066475169179705,0.07570538204610718,0.03358642213636458,0.04403877767522059,0.030896172826748905,0.030896172826748905,0.030896172826748905,0.05928570398709869,31.211080913884157,308.8859383895985,375.38736924319346,0.21051075278083378,0.4385193688932008,0.017150116625722633
2025-02-27,0.02685597419402477,0.04650925747577828,0.04029042417986544,0.2375409738403519,0.13752883235294633,0.007887063030588561,3.8998191743025195,23.042627690258314,11.937476881033401,0.012071378321968074,106.98907872943325,46.594599568297916,363.24874033896276,63.060775196397834,0.05261108688695116,0.012464262804105281,0.0730911442638081,0.03408180498683197,0.04083035035365874,0.030746083246411635,0.030746083246411635,0.030746083246411635,0.061650513412370885,28.975024928981412,318.58101296928885,367.19255483370216,0.2212230685136135,0.44518098362791914,0.018038747671556284
2025-02-28,0.028053753368537302,0.04562743865742303,0.03967460923449865,0.2341644823271773,0.14118566349557654,0.007837156268147646,4.3515213286447745,21.48193085594824,11.903930093175568,0.011776488163590719,118.59095909274215,43.25353956664071,362.907791536105,68.58895575638823,0.054125331655261774,0.012112773659850652,0.07279208232490136,0.03432627389444244,0.04163339267950127,0.03061634420908167,0.03061634420908167,0.03061634420908167,0.06297790011347988,29.309313970918094,269.1959771747034,325.9574760463162,0.22274025599743605,0.4531548161487581,0.017503785139643846
2025-03-01,0.02947195255262101,0.04586780602116694,0.04050247151487371,0.23565735495247397,0.14205992407857654,0.007606451085968065,4.0829251233952215,20.643720076074356,11.698176732218295,0.012097919441896926,102.30648227152648,44.78239938529816,332.54565116861954,68.92200129579022,0.05440570545633736,0.012166483757519166,0.07590065333416443,0.034410311866547943,0.04216616960947252,0.0306212198957187,0.0306212198957187,0.0306212198957187,0.06508000516059224,25.345121191034625,288.3984163162668,311.92272321623597,0.21346062932971616,0.44693191554136413,0.01781671034483956
2025-03-02,0.029926682172150883,0.044960519963317055,0.039325447415263275,0.23693147195598369,0.14544996105349303,0.008173339481106335,3.8760323117848583,21.83458109428036,11.909667947988112,0.011225027344120234,105.94780637389651,42.70944201232375,284.0753300379583,72.38615379627947,0.05488610295470618,0.012115057714927083,0.07748879367950477,0.03631044985686219,0.040530980596777906,0.028494094148528458,0.028494094148528458,0.028494094148528458,0.06162181800935819,30.49040954790128,291.52113256548864,331.32445290609627,0.21258866508546378,0.4513050091308781,0.01825410748194882
2025-03-03,0.028784691496435498,0.044106859274365896,0.03810557180610105,0.2321179606006322,0.14995490911484505,0.008251287809928778,3.9017984248299626,22.036220498277334,12.12125405599268,0.011500579558973958,110.38794827318416,41.37126858001507,342.86737204988657,69.17248748998831,0.05770590416392576,0.012066514559020611,0.07529432680714396,0.03626263367060754,0.041738329884922695,0.02947588838798144,0.04421383258197216,0.02947588838798144,0.06492941004209711,32.828985330372724,323.9266012203467,377.56157515837384,0.22000153312048334,0.4269569274064316,0.017654199139744923
2025-03-04,0.02836631539445253,0.047035214688201855,0.038075305791375184,0.24756683322821874,0.14754444921434476,0.008686323916771745,3.788139964747758,22.7287883689474,11.544376785169046,0.01243495990522161,104.45703064180351,40.39412895027801,363.45260800026574,74.77988304216835,0.05434008839335018,0.01181065186240463,0.07366190096798937,0.035419672134607505,0.04021684402095334,0.029858272359280253,0.04478740853892038,0.029858272359280253,0.06584379695310753,32.31673172895622,260.4030340915492,403.71120639121057,0.2323074071845365,0.4516959298357745,0.019163948961864456
2025-03-05,0.02902542560202893,0.048820352129744476,0.03802630951647143,0.23599619509362815,0.13912453818139542,0.007896636980047278,3.853791677791357,22.336062223547103,11.764946898164744,0.012356034307061541,109.5200978628721,37.701187056398915,398.63082018187157,71.19444185278749,0.05511539014151836,0.011839949383526425,0.07402229995981228,0.035043429702969614,0.03984462881852984,0.03012167846526987,0.04518251769790481,0.03012167846526987,0.06363717227225435,34.06965913059705,271.18296150918326,418.3516970092734,0.22822024618351716,0.47497091433621097,0.01896592844498571
2025-03-06,0.027848295841868386,0.045853985902222436,0.040263707278601325,0.24284033484426443,0.14292839694783666,0.00745672511436602,3.933151292506753,21.409579694415346,11.65686784380226,0.011701173731488096,102.3363651428485,40.81068028566403,381.5057424235527,65.3064321061829,0.05364908637187824,0.0114451812502986,0.0761509381889685,0.03375583116712942,0.04027828141956905,0.0286661194401314,0.042999179160197104,0.0286661194401314,0.06200588541042521,34.697037963341664,271.67738197064654,404.9072065505782,0.21372613485375527,0.4415384765839573,0.01740512393367748
2025-03-07,0.02832694929618008,0.04690518658576796,0.0395309212664256,0.24330231171517192,0.13888341733376441,0.007905539646595067,4.056832956707253,21.8423721308797,12.14920218514451,0.011527266887502921,93.34270015100228,43.39950978211871,338.9696000875002,65.81102730263603,0.05273264653905469,0.012021896099322858,0.07479766946370991,0.035479419579090704,0.04108150142135495,0.030076951516200753,0.04511542727430113,0.030076951516200753,0.06417246751278034,31.42281833066109,289.75381102423995,369.1021489053797,0.2148026395621039,0.4542447108980978,0.0182913718523955
2025-03-08,0.028595678366858578,0.04482311029377505,0.037798744735181425,0.23154347445647772,0.1366128417326565,0.008524174118672697,4.038504225249401,21.92392125514944,11.529543337625535,0.012107124627937033,96.47679091516291,43.70847979587954,360.84817584066275,65.039992597648,0.05411724420842544,0.011760775548790679,0.07500089403470316,0.032866007859592775,0.04278729529661764,0.03121158621032723,0.04681737931549085,0.03121158621032723,0.06380459803845263,30.461770359098022,283.85509099019265,377.2380041485375,0.20817573584328908,0.42372739693583505,0.01822067355769445
2025-03-09,0.028492046141855534,0.0445141488723428,0.039424426376217736,0.23267116845702107,0.13723432122367848,0.008097282189096142,4.1001159778606535,21.316830189947783,12.462935752385993,0.012504430095322318,98.01830008891889,43.22467781079217,345.52855327101986,71.91995872314732,0.05521306405646814,0.0118266015708902,0.07388956065978194,0.03354513928817183,0.04058121435022038,0.03198549170288322,0.04797823755432483,0.03198549170288322,0.06400538127278438,30.455884008658913,282.58739962540204,393.8245380541199,0.23103867109815898,0.41313784173028917,0.01802270676593604
2025-03-10,0.029432231024417214,0.04613268641947573,0.03892881493822447,0.23698249994447473,0.13456692085485064,0.007640777968086616,4.080703890960739,21.94776131963111,11.97882642200615,0.01252386396543746,128.14919633209666,41.38055488114707,365.9513452711946,72.82448616799674,0.05710523859969741,0.011745753145518257,0.07685871832427663,0.03342606224737952,0.041864604492125826,0.03157511840418213,0.0473626776062732,0.03157511840418213,0.060486096583388035,31.92791624654965,275.24544791823155,405.14042585977154,0.24034629903878993,0.45070232104091434,0.017687664548057126
2025-03-11,0.02725983559327421,0.04508212786416555,0.04096121439547895,0.24061745661666262,0.1341281284044955,0.007812957128332326,4.10020985065588,21.027094725311848,11.973188163311338,0.011190136924217333,109.22495095988707,41.914332268429035,338.5198299050726,74.34205669271181,0.053777140916177385,0.011716140134542878,0.07732860892080003,0.0331844999144447,0.04380567890934857,0.030393163748227613,0.045589745622341415,0.030393163748227613,0.05896233933903022,32.62296026284148,295.1718614098917,382.61093901970287,0.2272936330740773,0.4551708856987188,0.01706253983916639
2025-03-12,0.02802408877834164,0.04316132351816475,0.04048335982728291,0.24558106482292327,0.1322377445016708,0.008116713497858063,4.115746768512444,21.532030827124544,11.640094802752872,0.01148364838572402,110.22794601939991,42.627994850129525,373.21865348287025,74.9394884247815,0.05467502535839725,0.012069531511448487,0.07477411981279034,0.033622224839604344,0.04011762921326375,0.030332442078882617,0.04549866311832393,0.030332442078882617,0.0630627166609619,31.273995237273148,299.36988305864503,415.52313465210216,0.22339945999146296,0.44874308170973654,0.01759071815954217
2025-03-13,0.02837824512014588,0.04666971488030578,0.040681444280128154,0.24777353778336328,0.13654883682580196,0.008791169878144016,3.9466092952831344,21.27123460151261,11.929781107781073,0.01148247028379451,111.1838779504879,42.882607492533516,384.4809738122989,74.95851720173421,0.052739981899169626,0.011754439433946107,0.07462803745345183,0.03413450359011326,0.04017483267152815,0.02981811196973882,0.044727167954608224,0.02981811196973882,0.05892832279427155,27.30079565887586,255.42562524531704,384.16113328851554,0.2222680723471493,0.455812010563392,0.018246504670372924
2025-03-14,0.028479559470158705,0.04614338639309704,0.040413211025501196,0.24521041481799527,0.1437277676423798,0.008301222827152052,3.9924182884198514,22.80011132626096,12.185544521644772,0.011205565478184045,85.31051508700259,40.18296477735505,324.69142652720956,75.7989784641919,0.057930055317724646,0.0120546750648743,0.07735681294141471,0.03490718758204791,0.04231844848213354,0.027575413147420753,0.04136311972113113,0.027575413147420753,0.06087266475969898,27.845402181910405,279.1638742039603,405.38471280580615,0.21409967311234507,0.45317404344747203,0.017768304590683848
2025-03-15,0.027832375520677837,0.04569276028193754,0.04019357539922729,0.24472633338591165,0.13697434289177887,0.00832138930887449,4.023185039011538,22.036007803976887,11.79681703756075,0.011896948751617294,100.97260790154463,39.93256291927166,349.9689353918971,70.80231086951645,0.05529529802712087,0.012646977456805684,0.07716805132477239,0.03295772202199569,0.04183801884747332,0.02998489452834721,0.04497734179252082,0.02998489452834721,0.0622051993445913,30.98016415782734,275.47957737259435,389.06384219316493,0.22052929905646046,0.4493375292948021,0.01897671150526366
2025-03-16,0.02803829672006994,0.044798047229906886,0.040484558564746836,0.23737876089147014,0.13882028381527048,0.008172122705852897,4.052158373809658,20.65009378200446,12.140553771420736,0.01239102922341912,90.61706957202121,37.277788834516784,370.1104419644136,66.35084835229901,0.0560712587718966,0.011883295873278315,0.07556691265855027,0.03372101025032513,0.03936182800538963,0.030119526606829476,0.04517928991024421,0.030119526606829476,0.06014227327209824,28.822608678845867,299.15258207069945,420.77308779340973,0.22162409171680533,0.43621909291378624,0.01786021499828778
2025-03-17,0.02819681028366084,0.04470016098872912,0.04061973857502545,0.23476494069038445,0.14284448496163085,0.007857345046730675,3.9832656197587673,22.848031975271805,12.170922932346915,0.012060205661452097,101.70526846161216,39.629548519375135,403.7905680311613,77.53248104503679,0.05497849248887259,0.011705475584225359,0.0754656981418398,0.03320382955181686,0.04084552572218325,0.02990427298778459,0.044856409481676886,0.02990427298778459,0.06115332740574046,30.14116121512905,284.33112635631875,387.6443197730641,0.21301906652785443,0.4464530303975448,0.019403101979420873
2025-03-18,0.02835183361482867,0.04449666270658947,0.042483634327374724,0.2517082697766679,0.1361402269190496,0.00789057370213041,3.9929034632916043,22.76155874986114,12.0115134001857,0.011766585421418835,99.71251136268627,40.53554290410681,372.43752263928167,76.73263859580018,0.055730356246880004,0.011328943663342552,0.07316167872155077,0.03258518634529229,0.04357686366074223,0.03019434799643351,0.045291521994650266,0.03019434799643351,0.06023671128805676,28.584139208400728,279.1054245497377,387.5687678684866,0.21144085124699677,0.45110710623779243,0.018191754068266935
2025-03-19,0.028656559065050758,0.04574771068009291,0.04055814645679538,0.2484413163374765,0.1414413994457885,0.008539103701803132,4.118513014031664,23.652486423442127,12.530223456559725,0.011758501240047048,103.44094936568493,43.25758061037442,362.29716500079957,82.1535946473096,0.05374878968796259,0.011833510432741369,0.07436935141649022,0.03286834561926343,0.03999543338606888,0.030572638143112587,0.04585895721466888,0.030572638143112587,0.06292526660905998,28.144169115347207,280.16619096922733,409.4525395428303,0.2131004810598501,0.46185429615248486,0.01741187915456404
2025-03-20,0.027567636319447704,0.04523978191315249,0.0421148501893887,0.2434044734905421,0.13414764793353803,0.008050698878385713,3.94129714395215,23.501699295643263,12.57771948540461,0.011788430063701397,99.25693184545811,41.67559233908714,354.9652511381612,77.46183213463742,0.05354936831405295,0.011600801563882325,0.07620861506102924,0.03584747987136316,0.04225599290563337,0.030006909298541107,0.04501036394781166,0.030006909298541107,0.06384419179241121,29.531655000123635,288.17698974534727,390.3327472771231,0.21807440483670248,0.4386332961695132,0.01837404237129604
2025-03-21,0.027472409942520717,0.04360709829486934,0.040861732866857646,0.25195014624377576,0.13713305123492078,0.007871649371477132,4.221036792744485,22.21475399212679,12.328814737943022,0.011897817735015295,94.6959471625887,46.07792118178895,333.92972199296554,78.83306071603253,0.0541596102795383,0.011713676339280981,0.07785774506649006,0.035178638719270225,0.04017303925932795,0.02887622883059473,0.04331434324589209,0.02887622883059473,0.06343997145388444,27.319813420011183,276.3101892692806,389.86185363499425,0.23281461517715207,0.43992706341659343,0.018295827664518313
2025-03-22,0.02778861617534183,0.0430936317411016,0.04152253659890728,0.2524749249152356,0.14846918322770683,0.00828831930410278,4.112404961393898,21.74696832473227,12.07221636858528,0.011831875964827954,102.80904708158178,40.724217750656166,365.1275718533104,66.31496682482603,0.05280549979709652,0.011567337918469953,0.07337093636504892,0.0347416231553525,0.04116143045699116,0.030888398469495273,0.04633259770424291,0.030888398469495273,0.06246770731215791,28.29717654127065,273.8481494430801,411.75315651803663,0.2278823439576326,0.43387907651815705,0.018263534502002257
2025-03-23,0.028905055304693495,0.04466360327265875,0.04135052493915623,0.24831604269839236,0.14720940727080878,0.008228906311180529,3.8858413040024486,21.236369305071722,12.484628133547627,0.012179648773601719,101.41456398296926,35.211285891544264,362.4804221806854,62.423766525741335,0.054944923967695944,0.011398527929733514,0.0739156577833836,0.03448007287948327,0.04317402621727718,0.03123828954776434,0.04685743432164651,0.03123828954776434,0.06416335829340297,30.640204273595877,267.9032341023664,403.9723899496417,0.22058386236071034,0.43259084023770217,0.018988974738599125
2025-03-24,0.027592004660069634,0.04355452852356792,0.04043897047955681,0.24558370067811433,0.13727891676044793,0.008476501774542773,3.9115570763465604,19.843450428382884,11.639956447815454,0.01181987139417674,93.78895248878884,36.98043554025125,333.9196439444802,69.13895123233256,0.053970902956147856,0.01150970426476518,0.07483214141020028,0.03585684472907891,0.04218720685813709,0.031532121385861596,0.0472981820787924,0.031532121385861596,0.06436125740542835,32.64595736791665,315.53906508354817,429.72675009585566,0.22424499981885282,0.4604610923804634,0.017739936666420514
2025-03-25,0.029596749997216985,0.045584563883377796,0.03933877457260467,0.24568513688275107,0.14118575543141654,0.007787158536085115,3.867468134151628,20.320962349673113,12.359164813302277,0.011794725012647087,96.90114542372237,40.61421011174325,397.3220430582034,66.79974747277942,0.05377496043582645,0.011942973082408116,0.07770939401628697,0.03612967340578932,0.04155310222577854,0.030251593895745613,0.04537739084361842,0.030251593895745613,0.06135052161389602,27.00437353946658,325.48504225470884,439.8362968430334,0.22868770225840232,0.44677198993709194,0.017782591935364016
2025-03-26,0.028462455791861397,0.04673767499060869,0.040895571967154785,0.23144078479758895,0.140713079033228,0.007837011368407797,3.7959060832526683,21.53229379170071,12.109352488616494,0.01129308153742683,104.50039217785238,40.74967320350976,356.17146856813326,62.94569485472308,0.054659217559188455,0.012086326367723475,0.07605491827221438,0.03763967693318309,0.04088481504825514,0.03105942564475168,0.04658913846712752,0.03105942564475168,0.06411607474384728,29.210685987233738,323.10201356733313,482.80820076427267,0.22715651192780176,0.4428713187032261,0.018128805427727285
2025-03-27,0.02872974433415288,0.047256504735508846,0.03878314705409184,0.22643081108485583,0.14324796016572403,0.008074683992296142,3.7620191906719667,22.601896364161767,11.48257268152369,0.01132635887155972,99.38923147740292,38.64899702547654,332.7570897268514,69.35602813415726,0.051695578757789934,0.01191876103927067,0.0793179588997432,0.03495875890003885,0.04120798113442751,0.030607350475635214,0.04591102571345282,0.030607350475635214,0.06252696208019878,30.386883393933037,305.42869193458984,476.95647070576223,0.21806566069689381,0.430261220460335,0.01741846602001721
2025-03-28,0.028598475329174075,0.04398977603119104,0.038494356023612473,0.2452482222544254,0.14511852329022568,0.008056139476490807,3.781872535455942,22.71218364246349,12.038311971412199,0.012010688914419998,100.5093406535552,41.481153715096475,338.71459875306107,72.57720728063336,0.05439270473415531,0.012381265877571376,0.07603327973373365,0.033787159785213225,0.03903329388575353,0.0302372525581557,0.04535587883723355,0.0302372525581557,0.06424924812512764,32.440891608095924,297.49360524475986,425.0198577274451,0.2304738595961441,0.43624134203556475,0.01785892845817973
2025-03-29,0.02965886938339647,0.04304788482861344,0.039619780733717566,0.24404449575003173,0.14602137256589423,0.00795404910150522,4.079788535723043,21.83691926207384,11.575153374428279,0.011936940767363534,97.24517031956199,45.56560428775109,318.3495266223606,70.13565602201311,0.053944835045031066,0.011957157287513627,0.07617805611301613,0.032967661026252544,0.040000549321516615,0.03141195096356146,0.04711792644534219,0.03141195096356146,0.062010637623116316,26.786655355935594,275.74391120873463,459.0299042096787,0.2106901245893518,0.44087090947251617,0.018075454963415564
2025-03-30,0.026523558715346552,0.04446000819592403,0.04089417202053545,0.24680512256905224,0.14763198837821703,0.007971060356781115,4.014839912426794,22.606171175510838,11.088315329664203,0.012042220806827415,113.47742745276057,37.74037486845921,344.6832084344662,74.57179907725207,0.05409734949636843,0.011661047415101239,0.07441408463106698,0.033031479579584834,0.04179990527599328,0.032017263294975916,0.04802589494246387,0.032017263294975916,0.06306841261444383,27.30342529319791,274.6645661398498,471.15201236481386,0.21210016718247376,0.45195895121228197,0.017060074692275166
2025-03-31,0.02588472192883032,0.04449913927207452,0.040150076036170324,0.24648070588887852,0.1467031891117502,0.008236946843346254,3.977396486514354,21.455131828869156,12.806780536293708,0.011877272851200656,107.55237957276483,37.01261870253503,397.6482318119122,68.9267265119677,0.05220340721342982,0.011687598793513892,0.07458592734989718,0.03395163102973536,0.03928186669082951,0.029795592122152558,0.044693388183228835,0.029795592122152558,0.06086115090647315,32.94263361681086,298.96761974825455,442.7085562710725,0.23572150136495856,0.4522092844260324,0.017199583553458346
2025-04-01,0.025014607841646747,0.04751373416128697,0.03993252921178274,0.24231463473910209,0.14362891437771505,0.00785983349965274,3.835841325330552,21.506447509443532,12.680178814871319,0.011373310943199847,122.3010069238604,40.27848412084556,372.9953802461313,70.28110361744076,0.05308730735238052,0.012152444449722534,0.07236360444017087,0.032589540587566794,0.041347735004123067,0.030443064485358683,0.04566459672803802,0.030443064485358683,0.055408323664791606,29.466661832398263,346.0946839867379,483.3416779427533,0.21694309727632882,0.42439621529683225,0.017201687846564628
2025-04-02,0.024802850068950236,0.04469624435332736,0.03718987675905799,0.24960865227701673,0.13796664008024398,0.00762347257530334,3.8753725590552963,21.606547175536743,12.95634197037435,0.011435780654873207,102.3756909804683,42.01597852226848,390.5648327705554,68.40894884632667,0.051476257699446804,0.01204812388263288,0.08109192904414736,0.03443420102367138,0.040850425117672895,0.030718251924008854,0.04607737788601328,0.030718251924008854,0.06185167580709869,27.93944429286864,290.75249928794227,519.3621598195134,0.22530934745988726,0.4326076968503097,0.0167994421251636
2025-04-03,0.027035676172034572,0.04562101016494031,0.03765116705261616,0.25116036464443287,0.14262002827838552,0.008050542646064765,4.063871028989077,21.358351581171743,12.202044202213838,0.011758141430573767,107.5314561107746,41.993180228767464,355.3913748062506,69.35635719480491,0.05212498837837583,0.012191013766154397,0.07939049237040895,0.03455188837732628,0.041408628504156525,0.031088900176195956,0.04663335026429394,0.031088900176195956,0.059818412482195694,29.891848967049295,320.6057598857453,486.5875797740768,0.2193139654912193,0.45329511425574676,0.01817632516531948
2025-04-04,0.027870696672169612,0.04614152507175084,0.03967274826201937,0.23037174633897453,0.14403987301935675,0.007787951518413779,3.9727300785026545,21.644001463111163,12.195856232094705,0.01206859293329089,104.97013873668844,40.42745715002832,395.73599145435026,76.85550398251786,0.05422931855289615,0.011775890980365836,0.0750069521038892,0.03303411598667761,0.04112586837044642,0.030945930890296847,0.04641889633544527,0.030945930890296847,0.06018229815585665,31.776739600077562,282.36122119428813,475.9360057399773,0.2150789577706009,0.46347985316090523,0.018492530738289163
2025-04-05,0.02668391451564409,0.04414291285880676,0.042316027830083335,0.24960204833162267,0.13138514332649878,0.008160059851142546,3.8675443863222463,21.138492310720128,12.016646777547855,0.011655826743449504,95.07795668752694,37.89491988377167,345.55616856707377,76.51631043728686,0.054368224351714275,0.01182076633169178,0.08148193459771676,0.03482092423875279,0.04287700322029155,0.03157183363525956,0.04735775045288934,0.03157183363525956,0.05698541597342488,30.031939583335753,280.0632701424735,453.8291717676833,0.2150753913582497,0.44038581292146056,0.018487622049169775
2025-04-06,0.027845148055546828,0.04375754283493524,0.04020200480673482,0.2427508082135266,0.1350847360043227,0.008000359018807,4.227789300904851,21.468770875424358,12.747874743719976,0.011789914149337622,97.93908420684882,40.6280578603142,323.4530544559227,74.49747483286447,0.05718205884007744,0.011752130100753475,0.08408782364835572,0.03475531810016075,0.04353168796740988,0.029701137614809997,0.044551706422214996,0.029701137614809997,0.06323758629344282,24.893156158971365,317.51729150661896,466.5008444389298,0.2211467698623984,0.46264554103863204,0.01830640856999593
2025-04-07,0.02874763797621099,0.042157751935257434,0.04112916262520793,0.2306493919465806,0.1426088678890142,0.007940369078133572,4.30262862917145,20.97468004050264,11.87319172873172,0.011309642539466824,94.81944434928859,41.13162707908494,384.7726047105348,79.81287037373987,0.0589755221296845,0.01232904387177547,0.07622870364745685,0.03359532819259336,0.03991612802012205,0.02935649952477626,0.04403474928716439,0.02935649952477626,0.06074791098802417,29.96932818038318,303.68155748652697,534.6659301379677,0.21589016453733123,0.44250864861186073,0.01789411478228992
2025-04-08,0.027790175441640152,0.04623771420235011,0.040193942285204,0.23462707239591926,0.14199778339192295,0.008067445437188906,3.93055592571297,21.48006050189897,11.851622953810942,0.011571330686480622,103.75144062971123,41.224631851188995,358.6149189209066,71.1809436326643,0.05759719892514748,0.011659980997843978,0.0776109075725011,0.0323956079934089,0.039238836143331575,0.0298238070631504,0.0447357105947256,0.0298238070631504,0.06277170495083004,29.959357013957636,280.96426827346914,560.3526771220196,0.22112562443166164,0.410490776643346,0.017205805467855644
2025-04-09,0.027246763873163143,0.04650163429568968,0.04080480189103869,0.2319806586489039,0.14521928047107582,0.008111276787892049,3.9617102254454815,21.07165513178563,10.896811146386153,0.012208945606394692,105.22764224918656,41.82962935774943,383.8284330689895,69.87250727473335,0.0560154635048219,0.01228285875349382,0.07271388565359284,0.03359665859345869,0.04278336121405974,0.03078322189761608,0.046174832846424124,0.03078322189761608,0.0582400156519063,29.110054033562243,283.946423561772,648.1393716426558,0.21456057702742345,0.4323979296613727,0.01661760418026406
2025-04-10,0.02645903519997807,0.04427196875718967,0.04109074066779272,0.24105048609696283,0.14397824061062775,0.007916030730893498,4.013265371574086,20.572989091432515,11.465957795197395,0.01259089125955411,110.11468563915483,44.57331749799828,397.3052282945096,61.327865365934755,0.0560407443001755,0.012182477804583907,0.07196203018361447,0.034470039514037105,0.04159069349034805,0.03009053121286709,0.04513579681930063,0.03009053121286709,0.059730817226825834,25.971298896258784,276.51950230583293,535.384381841345,0.2129073332337116,0.43622083332587774,0.017285109721991914
2025-04-11,0.027146679456069002,0.04313490332231484,0.041019815784851955,0.24072790095458313,0.15510362174751238,0.008034224385316266,4.2181350042935,21.971686985073607,11.604240547062151,0.012176247138607245,101.52402148044564,46.31817378272807,353.4327472718436,68.8219284818896,0.05438042563997262,0.012189818757285217,0.07738595559553761,0.03467498761247671,0.04237930028140816,0.03125348090921223,0.04688022136381835,0.03125348090921223,0.06526905972616161,27.4092840910263,262.82618353598355,551.2350622493138,0.21487939747975068,0.45532816566513895,0.017860664805271598
2025-04-12,0.029161436723820156,0.046696670018918654,0.04039224692638036,0.24147457092674737,0.14330723517526225,0.008207839056642434,4.091180051687243,21.831867285429073,12.158841075014347,0.012099685744625962,98.50144096979383,42.47850123592706,364.4821096536835,70.90920220356386,0.053798418191459925,0.012127927724675488,0.07081173570597205,0.03566282422593722,0.04286984888275395,0.029976094983672305,0.04496414247550846,0.029976094983672305,0.06455378464751098,30.602420823259784,269.259722957886,475.1518248076021,0.2032011024351641,0.5015923617154107,0.01782725334003402
2025-04-13,0.029064417442325206,0.04421652874475642,0.041210684782562325,0.24595366046054185,0.13952978111921355,0.008219999243147171,3.695218607040787,21.928656077629263,11.75328934260011,0.011877358920025952,106.47224995899172,42.79190907700579,362.6644309531428,66.43569193124499,0.05525031023203588,0.01197952688010839,0.07553603264473359,0.03625434048729914,0.043006953700335186,0.029662919822988167,0.04449437973448225,0.029662919822988167,0.06359906992986329,26.583171868428344,299.0135319663008,486.78653335029117,0.2167862491810667,0.4721923538713951,0.018581707041119666
2025-04-14,0.027641900705686794,0.0442521995296669,0.03987082771973576,0.24333441669711606,0.14005814979959857,0.007925013323757285,3.9353912753887834,22.243675221784535,12.035257601206249,0.01170821607176522,95.4181805986328,48.25036154818906,401.64306678079686,71.47056588158354,0.05321806494070065,0.011134452796424927,0.0744728715638105,0.03305632327299569,0.04125104732119449,0.028983804201713363,0.04347570630257004,0.028983804201713363,0.06273272725734463,28.670865780087812,301.37953279965205,523.5380592070912,0.21115612204605838,0.43328712178082834,0.017953904180515914
2025-04-15,0.02913172885287579,0.04536691407727569,0.04078525681622007,0.24323228012741258,0.13483664186042427,0.008187746071487461,3.85931931962411,21.35552169824512,12.29142584381427,0.011884481240361592,99.61338472151036,45.66190959025985,372.0500527259468,74.90162418721133,0.05224786569044683,0.011450679788160082,0.07410303662784899,0.036083615080940296,0.04304294303296173,0.02974530359709097,0.044617955395636455,0.02974530359709097,0.062066067821904776,32.41681614567685,338.5503414936103,493.9553596303321,0.21602085831858636,0.44588537626298336,0.01719324565755916
2025-04-16,0.027742105059172423,0.04412615542281264,0.04128301726697088,0.24073800443608423,0.144426115963728,0.00865074161430276,3.8682860115053885,22.092983028805815,12.227466701302676,0.012121500693506343,102.63599135788124,43.05102065658777,392.47749123601847,78.69057857836526,0.05306571095152612,0.012199835808501994,0.07235926025431529,0.03364312095511674,0.04266709946705614,0.03110489418944255,0.04665734128416382,0.03110489418944255,0.05905448226965362,34.59978612284577,317.15163838493675,496.35249823878235,0.2091902301801701,0.4311194840068992,0.018084668467761342
2025-04-17,0.02899994115075025,0.04771248206547285,0.03984682230176195,0.23863446129323754,0.1420358052196496,0.008672946495694112,3.945211587588025,22.943093385211306,12.712556994459113,0.011686277824959106,95.36229245844578,43.44986593688956,428.80340787083617,73.62891279906006,0.0562741456308266,0.012023079940490006,0.07578630908790382,0.0325505252006885,0.041553399366174776,0.032410236578135625,0.048615354867203434,0.032410236578135625,0.06063207626192486,28.28850349305597,307.1795647132372,514.6249789894787,0.2204795888372456,0.4568167293933682,0.018000080595717814
2025-04-18,0.028116552094724623,0.0464725209992947,0.03970426644465324,0.24158165665032333,0.14232203659111614,0.008280213830483177,4.147101975894784,22.404602699314488,11.81109835362636,0.012350488993154432,82.24078185773263,42.615503103020096,386.64457751723046,75.35479304941535,0.05638815747963588,0.011976645133404726,0.07328287604042033,0.032874179136016535,0.042161241326525725,0.03219751207315185,0.04829626810972777,0.03219751207315185,0.05803872896281173,26.911554874267434,313.83578196780866,469.99841748418004,0.2195784146278983,0.4502058567586451,0.018565257690058703
2025-04-19,0.029832041670318325,0.04438210068955018,0.04074522146495915,0.24347004710844308,0.14565484873792917,0.007741425835093152,3.9193423500618874,22.458028724655165,12.44013121916543,0.011743392114871801,104.35792987202885,36.00059142345735,349.08348435294914,71.61726050358062,0.05485569102812846,0.01248537280770539,0.0764225957691691,0.033240993456610995,0.04307328937162002,0.03230015242390847,0.04845022863586271,0.03230015242390847,0.0569104803996659,28.61573516283244,289.09834560882734,481.1749666849487,0.22152267906103287,0.4546524715296639,0.017997149949823547
2025-04-20,0.029186013736024762,0.04729057270715891,0.04050143231089175,0.24122246288341623,0.13479628302849075,0.008272221080459158,3.9562191327366354,22.0417480462206,12.45405534054539,0.011746173177912553,103.6259159328705,36.41001547026649,385.26958492896483,74.54800203142266,0.05217775887784377,0.011939997631157858,0.0702272690594042,0.032591871159710274,0.04206586661797779,0.028871412680866366,0.04330711902129955,0.028871412680866366,0.060942767146058605,28.51351728189759,294.9149254231998,489.8243432761539,0.21445057002340445,0.47642138335081974,0.01801007192275298
2025-04-21,0.02786984912015828,0.04706445956966297,0.04038062207296466,0.2529743538187139,0.13540146156356186,0.007914679970000763,4.173580769032453,22.486138877548584,12.16752689982053,0.012009096810105356,98.41093560629047,40.57181084856044,391.6752375305569,88.48013037170473,0.053686052463511866,0.011927800869284636,0.07408043867530288,0.03283525323481984,0.04266903599609182,0.03155614462236441,0.04733421693354661,0.03155614462236441,0.0628317199782115,31.910414608190976,267.31336863786925,563.5361155768801,0.2179228986361645,0.4733591996281344,0.01838949314418233
2025-04-22,0.027238018218100155,0.04517972602857322,0.040155737038198025,0.24876449971258807,0.13755861973895928,0.008344452284649102,4.079271032130755,22.973583107463757,11.73917780514715,0.012348207586875291,113.91433427456965,43.1793910873855,418.89493294632285,85.36396452781355,0.05291146827808172,0.011355965820604646,0.07610355851428444,0.03362963677897518,0.04464755283765462,0.02900058238189828,0.04350087357284742,0.02900058238189828,0.06268178165548947,32.03798965008828,270.8046717790206,509.4837777123892,0.22216225559517788,0.4438500137011356,0.017562718262817564
2025-04-23,0.027065196545133327,0.04226017011029854,0.04003578310731141,0.24933831455092317,0.13637288344684084,0.008613950980599144,4.077658286464775,21.693403868714068,12.527914369120339,0.011986376363113298,101.05390671365677,46.60800359911252,431.3937459521313,86.84204460724771,0.053332817719850864,0.011643453936013464,0.07234702838108888,0.03365268585123982,0.043735438785896114,0.030216442265266444,0.045324663397899666,0.030216442265266444,0.06071811709369578,30.118216073065476,282.5044130144916,518.1479999048134,0.22524650344023756,0.4430354036943315,0.017661514339319673
2025-04-24,0.02868147791294597,0.04215558207569985,0.03900225715134193,0.23438055685492534,0.14487611609026793,0.008154763605326526,4.270430608396747,20.26404516324923,12.187135890619071,0.011224212853823724,101.31618702228748,46.75930623291469,350.84242726307474,84.86094009274774,0.053283689614138395,0.012359341552506318,0.07474243817903947,0.03279803072347432,0.04205827900193648,0.030061353125319226,0.04509202968797884,0.030061353125319226,0.06244259180042995,31.310351949463715,290.12022690478204,476.4634547786472,0.20650597019848083,0.471709878555627,0.018349197735530978
2025-04-25,0.029162987129034444,0.04478205946780339,0.039317381160934216,0.23879328083665802,0.1385955750624099,0.008357537558978652,4.026606450556107,21.690861456304116,12.247310210883551,0.011293664108092877,95.9397091708803,37.165237622882415,366.9829358651234,77.08354212914575,0.052826062787921325,0.011645705346196427,0.07928490315930972,0.0327185113838286,0.03996803208246191,0.028330791566209712,0.04249618734931457,0.028330791566209712,0.06309117471318507,29.865633144176492,319.16519254138467,460.82953762252646,0.21368705805842042,0.4343310250737702,0.017784591467870287
2025-04-26,0.026466534744485928,0.043911643447418526,0.03740348068408027,0.2427296916255361,0.13515083033728742,0.007854884217121461,3.9922836411706335,22.008590326596334,11.817073847094115,0.0111692609694696,101.67429726371182,39.93995382247506,406.2857753090581,76.9819956153869,0.05656122921970083,0.011700464475791122,0.07907067134368514,0.03271354148639626,0.04027548483908343,0.02950342818124003,0.044255142271860046,0.02950342818124003,0.05879398295102885,29.27285209542713,261.0951407312913,486.22237638994994,0.21270368033016687,0.44565422720669284,0.01799851277961409
2025-04-27,0.02674274799818217,0.04304594274868012,0.03829972764580937,0.23549579206867352,0.140512327473474,0.008231251008685908,3.8563927098794166,21.814849390572927,12.189315020365637,0.01164711858662157,102.32233746338436,48.43382665174297,422.581098256095,76.20650783227666,0.05573169272314467,0.012152758225767123,0.0753843578123388,0.03386321047514995,0.04248465490725458,0.028998394028224687,0.04349759104233703,0.028998394028224687,0.06442319491639886,28.601894299196417,270.275727400615,501.59756596179614,0.2023362471332343,0.4719989781938251,0.0177589576460413
2025-04-28,0.029547617138131393,0.043182676694479075,0.04158033979762405,0.2243941645632781,0.14058209205359357,0.007689700245531356,4.180967511933997,23.14927799210644,12.353121471724453,0.012024619429358098,109.61274382052626,45.72301911724527,430.6826854223488,77.23137308390642,0.05349411137215691,0.012025697058888674,0.07363266517978996,0.032102270629333345,0.04266798175299621,0.031078037554798637,0.046617056332197954,0.031078037554798637,0.06754461713786547,29.863050598667886,315.3857462392138,522.2792296528761,0.2082304612623118,0.4671569850399754,0.018414810875531554
2025-04-29,0.02683802955489808,0.04498453080053252,0.042376932809103915,0.2425710157388921,0.14354652283153352,0.007987091098348578,4.027211400466099,21.66582652804635,12.175424939471114,0.012353949775338604,111.81629734660511,46.879977966109266,422.8933827309485,72.96225389784232,0.05330272362899873,0.011909472465606375,0.07182851775038751,0.03253929345230373,0.04310589485254449,0.03097321340347063,0.04645982010520595,0.03097321340347063,0.0658983301908795,30.12684222418265,291.8505477155464,562.0864547573867,0.2261159417336658,0.45412880480720735,0.018038655566833765
2025-04-30,0.027240022554468696,0.04499603898315798,0.03873848346933445,0.2381640710790432,0.13433866663312136,0.007661389280518891,4.038655733022833,21.39926899295997,11.476740714773126,0.011736609101632581,115.18939480615292,41.6241483614118,344.51087803950907,82.70378586377977,0.05711413762129105,0.012142805041018737,0.06828560308511539,0.033857116545614616,0.04261795046407955,0.03024609184016547,0.04536913776024821,0.03024609184016547,0.05993183748389453,32.18657057617044,292.89878884174243,563.1101340940667,0.23371032015352203,0.4720627056547611,0.018824628535129867
2025-05-01,0.027247154988472532,0.04638103425562429,0.03950472637809363,0.23811524123944322,0.13838937042909766,0.008116788889416283,3.896661195263506,21.367209026953994,11.889237109122192,0.012085006728318956,111.35725623454138,43.92599894623203,400.02241858386924,74.91261566298688,0.05571951433755092,0.012711041182504273,0.06920665670671616,0.03172391052612821,0.04256679437118461,0.03269216609308022,0.04903824913962033,0.03269216609308022,0.05963207578599871,29.70300527038399,296.6161959456746,471.30214591290326,0.20668304874087678,0.44760409399153117,0.01722394158679589
2025-05-02,0.02707970904915991,0.046393888114124496,0.03920084885991102,0.2300354376502849,0.13876745924931308,0.008075923358831848,4.090705259948097,22.295720296674148,11.728049166441627,0.011960464537909731,116.01665264365222,44.12187513285142,390.66402646900644,68.0465164122164,0.054372152076547615,0.012108178342685995,0.07174389972803326,0.03217934807443538,0.041491305972762065,0.0307081878512714,0.0460622817769071,0.0307081878512714,0.06343203766478239,25.96573409946458,268.71819022450774,517.061196562282,0.21147187925921548,0.4731511872518556,0.017516283849634107
2025-05-03,0.028249437239646777,0.04629588926469397,0.03992347359697694,0.21294872865626316,0.14675263619690798,0.00800651357487378,3.9529280896901464,21.42764617488898,11.730282452532208,0.011508692703854375,106.55641612155593,42.14028064267453,379.29917834104066,74.70015190180278,0.055161593646271156,0.012027961720697922,0.07678691599326509,0.03308503939695158,0.04258611059868681,0.02926814587043429,0.043902218805651434,0.02926814587043429,0.058093134932056215,30.270942120780266,294.5665762597975,462.2238880379598,0.21645590923761093,0.4577768842731866,0.017753549417517524
2025-05-04,0.02829401676541072,0.04585327086667704,0.04076884350462467,0.20561349041369587,0.15074089446958708,0.008084813477455469,4.0911660636517375,20.23428899857539,12.029444654909938,0.011927745522191835,94.12384652699306,40.34563793857329,401.98412181540823,62.40494373561204,0.05393323353445398,0.01204763920804482,0.07455968631290363,0.03466424156920069,0.04402348259267622,0.030299791023979103,0.045449686535968654,0.030299791023979103,0.06028454239900656,30.901089570244174,304.6731967155191,462.3365233279154,0.2165294327335048,0.48031527647987265,0.018166610797856836
2025-05-05,0.02702538689949619,0.04814413155006265,0.039165965509368045,0.2285540355668065,0.13537704183784158,0.008114157572973815,4.259337023600401,21.404123827358273,11.960159807176536,0.011920418121003631,100.12650508663039,47.617452760991746,410.22744795876946,69.44526567613175,0.05657056093625874,0.01201849016228247,0.07394825874634008,0.03483268860881414,0.04019149338381414,0.03002799706547247,0.045041995598208706,0.03002799706547247,0.05992125450484099,31.237506030699766,285.2046731859189,486.33732352841776,0.20258479248374722,0.4643613875464558,0.018088046340784668
2025-05-06,0.027827693904309777,0.04474498622889645,0.03948805706585699,0.22693858495927227,0.14237446609042087,0.008124157012620842,3.919784676350977,22.737713573030284,11.299924470414913,0.012458536809808258,116.55909662934451,44.210646414139674,386.5215236440245,69.15082400009429,0.057275996236556215,0.012221611096720686,0.07206711794392313,0.03304727568880667,0.043400084402785935,0.029769811325864624,0.04465471698879694,0.029769811325864624,0.05873599051265688,32.92439311285006,347.82921602723985,557.525905535417,0.22320002159722238,0.4444276655605135,0.018046455840056465
2025-05-07,0.029878651237978428,0.04429700832871577,0.04260318557461628,0.24054757650042488,0.14250008366644684,0.0076238500844410285,4.172381919488588,23.38822977407524,11.981188884074818,0.011746478782688776,109.26222777831053,44.204318727999265,392.44822607387823,74.33205699943618,0.05414859843892977,0.011765435184393803,0.07096528521916677,0.03400941915364857,0.040044911241843686,0.03272341034300997,0.04908511551451496,0.03272341034300997,0.06365093261231124,30.610751048683902,319.5557987122796,501.00828195664644,0.22936919498519118,0.45148051088544566,0.017193856672301427
2025-05-08,0.028918799991829166,0.04616605346966066,0.04153261716396282,0.24099076175774575,0.1396753176265473,0.007454865650911112,4.094890438419445,23.292369467895973,12.244267440711791,0.01187024246673131,119.85529192549372,43.31774936866739,381.5617851308592,78.93142473314428,0.05524555535669648,0.011911690408448434,0.0699507746985653,0.03533447970009403,0.04417733638533576,0.029993006887408212,0.044989510331112315,0.029993006887408212,0.06377588593563975,28.82377868477133,294.4121349832089,540.8383096424396,0.214877877169686,0.4503372995725141,0.017203820981655425
2025-05-09,0.030784482509878693,0.04376011394512525,0.041442666504337665,0.2369753836974544,0.13322301946946716,0.00762458208576527,3.9276564181391533,22.164569924439466,12.538663162189856,0.012020381684531067,108.92201480881917,44.68657668221123,393.07495494147804,85.00259709579103,0.05683765062234904,0.012413136121326506,0.07388857009123093,0.033317744199828726,0.04244968450139171,0.028992613260630438,0.04348891989094566,0.028992613260630438,0.06508381984771358,33.29434401937203,299.80875027994443,533.7873913214078,0.2175937596808081,0.4404200325552712,0.018756313686747603
2025-05-10,0.028469246501056162,0.04473967295007471,0.038953785450179246,0.24506933758661942,0.13480947917224112,0.007610665447607437,3.8272073069181736,21.927544905486105,11.987267820402549,0.011310140315490052,102.97329542778608,39.77645079030074,365.191477527412,81.70235055707559,0.057124777778658965,0.011612138105102223,0.07435712146020133,0.033409785932122224,0.041873192398521816,0.030282593208051222,0.04542388981207683,0.030282593208051222,0.06438134429995945,28.797121227302327,288.43532289469437,525.1324732967147,0.22242082535718324,0.4455325367714257,0.017531576384138006
2025-05-11,0.02735878441669844,0.04334651851824427,0.040440659909692325,0.23109947588246824,0.13097854800178604,0.008322860960218894,3.8662907522483163,22.62582740975959,12.001070375513077,0.012018186826983324,110.77480436581264,39.93790114206853,379.1432361471297,82.66255849404342,0.054049921137816336,0.010684678625879214,0.07525747145220363,0.031905541691702684,0.039429197964148066,0.029931181176972983,0.044896771765459476,0.029931181176972983,0.0639578425821724,27.562647906265695,300.12109677825254,514.0026062373302,0.22580071604171972,0.4737392615227738,0.0183163087685522
2025-05-12,0.027800872578671792,0.04407207235539327,0.042788733208470216,0.2349028175864248,0.14481102146532396,0.007958209724673546,4.077160049624053,22.17195167659508,11.967958023093333,0.01221828739976071,123.69473299872699,45.445682056714226,419.79695846333897,78.60660630364971,0.05546301349999505,0.01215830497172094,0.07533197033266509,0.03261876100614614,0.041117097558438204,0.030976943372152933,0.0464654150582294,0.030976943372152933,0.06129687423172808,30.55398534075028,315.20467365044885,565.8436791701863,0.21845546958635786,0.43990877696705005,0.0187308982727933
2025-05-13,0.02650410452613473,0.04591885534940041,0.040894140962382614,0.24357166083504975,0.1410696416815094,0.008174621782355592,4.166056028288334,22.765058138286186,12.013563468642477,0.01236145360058408,132.9486475737438,45.404529893107174,449.2620927788404,85.40718861574933,0.05531799108764353,0.01279635051485455,0.07504052919574121,0.03278004030944436,0.04260414554016298,0.029710903201401576,0.044566354802102366,0.029710903201401576,0.06059539425098556,29.412750971597873,286.6431135952829,533.8237181461574,0.21512410347923777,0.4612572607996413,0.01882147825183358
2025-05-14,0.028436478618350074,0.04471232320722195,0.042755409740475765,0.23726382428833878,0.14171922588476724,0.007980665164820098,3.8697352948522985,22.4037534804401,12.614261770999388,0.01325430889200976,108.46854322907124,46.07907267100093,451.0988940458801,80.67474383778816,0.055893705272463116,0.012213025383623248,0.07449387798048451,0.03385423281639403,0.04385651942041508,0.028178985343685955,0.04226847801552893,0.028178985343685955,0.06416197194882542,28.791753673272993,336.9854069780509,517.7550722712286,0.2417130574745036,0.4582693154744927,0.01825321578873885
2025-05-15,0.027107727150126902,0.04284181473402355,0.040749426813411496,0.24965836794064256,0.13217816937874055,0.00813214779402294,3.8308432508190826,21.688814662866942,12.832295776844838,0.01185147727264922,109.68012925655898,44.19523069677994,410.2881010656209,78.07051590119663,0.05508709299627757,0.01269135037285365,0.07307679168570819,0.03726205641511469,0.043705670942031614,0.029108952154547618,0.04366342823182143,0.029108952154547618,0.06145990782322422,31.23521791525653,313.5011547847193,542.7476774680812,0.22925748072098373,0.46858681320179657,0.01774604424406654
2025-05-16,0.02686800211955645,0.04294806378376028,0.041737454234550456,0.25048285047331964,0.13653693305792197,0.007663864094097585,4.353494114719141,21.188251269987163,12.057806837467087,0.01223468039343589,97.8136683018294,42.37151915943263,406.60423421609073,73.54011967102531,0.05431645922111179,0.012100620857783021,0.07642268593290441,0.034223930760432265,0.04098412506615576,0.030020897313339227,0.04503134597000884,0.030020897313339227,0.059591644850724976,32.29657428482061,305.4432291043064,542.2714727160429,0.2224614807364816,0.44795804214173535,0.017466949950298228
2025-05-17,0.028084622871378185,0.04343923655471793,0.03878340819858131,0.24582049368425152,0.13949586146652354,0.007984976514132842,4.032356918789903,22.468795948869726,12.003808820705856,0.01203573216722732,105.18733107698615,39.20602728517969,389.3365259358721,72.41143858606331,0.056087074258370284,0.011700642727565812,0.07413318617498858,0.03283138630482588,0.041005863637025596,0.030129039181195586,0.04519355877179338,0.030129039181195586,0.061200945376996954,34.1432937223861,322.67753280438916,461.03569990943566,0.20894536154386956,0.4287338871316185,0.018605001179894994
2025-05-18,0.02895361831826914,0.04430544664080254,0.03969396455059842,0.2680542044385632,0.14412329077265115,0.008077729696815222,4.067254163239781,21.707857080139497,11.790624995808601,0.013147371661448647,113.13764098963813,40.7734251883149,437.80624236298127,75.3721894024997,0.05468255367305152,0.012236019340189709,0.07568493265675542,0.03376354059377681,0.03903890462166209,0.03237055625396165,0.04855583438094248,0.03237055625396165,0.05993830797343236,29.970109507621565,366.20899831340864,509.2259834574023,0.22616731406954116,0.45713433320853786,0.018620072913414942
2025-05-19,0.028941828555085692,0.04117649626159771,0.03825729134231834,0.25167532433450884,0.13727076803563534,0.008524408294381195,4.022701986749312,22.929184167575915,11.541152395069542,0.012331125355100588,112.74411999151853,42.99696488184403,447.68697251498315,87.747643449696,0.05318788623366295,0.011984760425259226,0.07620410960806422,0.03183490341256551,0.041517507695432734,0.031474823153977136,0.0472122347309657,0.031474823153977136,0.06075324167063649,28.26759049768533,356.01262173493217,602.4465542935666,0.2165305045517609,0.47492399299239474,0.017813559302013157
2025-05-20,0.0270406150095371,0.04412084213459465,0.04032462892377054,0.2313753226868726,0.14018736551400945,0.008349100258869311,3.9960375409021927,22.48170735953766,11.632619792301371,0.012207123875008597,111.70009058165824,44.51419167325037,410.8229176637461,77.16844960326755,0.05426529082993551,0.012257957974245908,0.07397610328345731,0.033338147593047686,0.04147649987988234,0.030440714217979687,0.04566107132696953,0.030440714217979687,0.06080953147508679,32.52384723440148,332.7242596670743,619.0153108821188,0.21872341204496887,0.4861502971691726,0.018267731261483497
2025-05-21,0.026931751320786977,0.04291840775171997,0.03873020316231343,0.23761084919822067,0.13843135472415347,0.00805668320147987,4.036548295752875,21.762239241583735,12.165006052862072,0.012196152278159783,107.21165276809495,49.609416893605285,386.25988494301987,81.37681669696319,0.05059976564589639,0.01155217310591731,0.07450689090314447,0.03336963608555875,0.04473123919381638,0.03047388884013586,0.045710833260203795,0.03047388884013586,0.060598783580687314,32.04121207725207,359.77665412983333,543.9379563710739,0.22829480040461247,0.4508597499508268,0.018422598371882787
2025-05-22,0.02813417995913673,0.0442881072789367,0.040421930318269815,0.2418892289971851,0.1406456336822021,0.008066746871049895,3.9200700963540664,22.88602657477368,11.841671455042441,0.01137787807921495,119.11095404954352,46.766731690185104,430.9231512429748,72.77994394636569,0.052622617927696944,0.012329283298273526,0.07461773085480197,0.03439490636397637,0.043023992146471665,0.02831519184987448,0.04247278777481172,0.02831519184987448,0.06302911631861641,31.141027621431054,290.7707355862242,505.26363313999826,0.23536212291053848,0.42535012856992865,0.01841352135917548
2025-05-23,0.027090831689424673,0.04593230091015819,0.039807758104948174,0.250140702585251,0.1347644946406847,0.00833142084368842,3.9382412336569765,22.825743634943507,11.910401182174368,0.011467802826342537,112.44911251811321,41.41467621704461,451.9304734160739,79.92691295175821,0.056208905248903034,0.011574132714577553,0.07303010297096552,0.0329112746877257,0.0437382874586051,0.029780590151820788,0.04467088522773118,0.029780590151820788,0.061646940978683645,27.82186321798762,303.700007471137,510.93929785582355,0.21154250105878375,0.4446831255414512,0.01779724531367239
2025-05-24,0.027675171794766654,0.04391440331217022,0.0394603342778887,0.24046165859824564,0.1417447548273783,0.008509290788066398,3.775855311940398,23.24005467649285,11.724228668557716,0.012029914089352145,106.18169321090072,42.92858895565128,394.8003794165736,70.96602099392095,0.05772596030738367,0.011751111433370036,0.0761274932723933,0.03253755679938112,0.041755261206180484,0.02908716876668947,0.0436307531500342,0.02908716876668947,0.05941356734148635,28.303482113412556,279.78343575920513,456.11161737376614,0.21805546065165593,0.43650340626236167,0.018036522337748193
2025-05-25,0.026193215690790278,0.04656027558029619,0.04104948999660888,0.24886990711152038,0.13463185957679744,0.008263872143778892,3.836031524053944,23.08035879990313,12.35680173048016,0.01227824496996408,105.48310266455681,45.15301773274758,415.45062423674085,70.87678507233083,0.05542135885515734,0.011422523295323976,0.07391182295636631,0.03561604145369173,0.04457741657526656,0.030258999524889904,0.045388499287334856,0.030258999524889904,0.05885492337544749,25.963989879365638,257.3444737820523,529.9554059997371,0.205485003121844,0.46355407075482646,0.017331748012248654
2025-05-26,0.02803183190400199,0.04608587569202584,0.04093692243215164,0.23999248068421658,0.1401083365982372,0.00845518521437228,3.78338129197615,23.00407583413731,12.679777479246294,0.011791190255694872,94.44689231138412,46.25381683109124,413.43422111435507,68.83642973797014,0.05489688572387186,0.011976709842733914,0.07493513744546416,0.03464916149370421,0.04239853676250621,0.030065579641957683,0.030065579641957683,0.030065579641957683,0.06316714277165911,23.59241947995326,242.3966488501575,457.96394461282364,0.20919323466224238,0.4498650702435626,0.019019004077200873
2025-05-27,0.02606745896784354,0.043712865717812965,0.04150727567824901,0.23610142069943227,0.14466239419791885,0.00837022765613534,3.917637317172168,22.892359676227862,12.07254184934828,0.011268369677703331,109.10640388871961,47.09788555011335,513.6142369341534,77.50213699116048,0.0558646339500935,0.012811030181131399,0.07156635124435161,0.033990994973519005,0.040165480093943634,0.028684211669433378,0.028684211669433378,0.028684211669433378,0.06424502452483506,33.93669189296344,272.0355419914778,502.4291187080802,0.21553198027497045,0.44533610281625646,0.018917855503859764
2025-05-28,0.027856615403515153,0.04424849183345973,0.04005162682949331,0.2403666017504961,0.14611565127704315,0.008329829048483632,4.009197335051675,23.143817048833444,12.537116370185707,0.011777993752929174,113.99602151952612,43.52132069293103,429.4846699852728,78.97809342918008,0.05515726066615765,0.012090106136299662,0.07174968424439696,0.033651297973220605,0.0417215134137846,0.0278416253308713,0.0278416253308713,0.0278416253308713,0.06454897045785195,36.324899900485384,314.07994900049,485.1766485024036,0.2188804611570963,0.42484125850804194,0.01772583194005861
2025-05-29,0.026983657900338343,0.04376272908478751,0.038718695483398,0.24798686643299844,0.13120608237429016,0.00819997686924108,4.042542033480797,22.95053408867045,11.551916471314343,0.01157203284180127,106.7868346149427,46.264256975010774,398.23485992037456,76.02325725123465,0.05865411206601474,0.012108397253964618,0.07559669334831054,0.03148505429453901,0.041161911125288005,0.028821495647542505,0.028821495647542505,0.028821495647542505,0.06433637824690679,29.59177741224182,332.83000095159724,532.2816880345919,0.21581570146721482,0.4368442828838456,0.01707126496636621
2025-05-30,0.02721742141830031,0.0435615952962706,0.03836810220513403,0.2421341837595551,0.13449509876419158,0.007901133352386432,3.8061297875844664,21.182515766830857,12.638962364774333,0.011992405693349103,100.8959162525286,44.7262130536285,403.5223683779322,79.49703691095294,0.057425459562344516,0.011813141730325985,0.07416605400599292,0.032480114474079995,0.04095257082918767,0.028987457394154068,0.028987457394154068,0.028987457394154068,0.059587537441984056,30.25359074266992,360.2283558958007,602.552330610616,0.21661879444607804,0.4385067791673272,0.017193057859909773
2025-05-31,0.02638353403739718,0.046529819454072564,0.04041969821559711,0.241881587189142,0.1431589674,0.007832024834797136,3.9875596470539105,22.391241614845953,11.85335930309115,0.011697708316274076,99.32244756985517,46.70322531629324,402.4339450982563,65.92042550298835,0.055728891344189235,0.011453814816442424,0.0738388409007534,0.03334399001270979,0.04386072547794439,0.028692843918864678,0.028692843918864678,0.028692843918864678,0.062280375941964984,26.87012621486005,351.24696221717625,570.7145597512782,0.21584103209308472,0.472433313000138,0.016957739839789057
2025-06-01,0.027961233007154977,0.04397613873791761,0.040599666787224854,0.2406982253409963,0.1329979898340597,0.007726205851580924,3.9313947418357196,22.662810890040436,11.966636803284523,0.011694114307069103,100.49496530949438,44.95437795769381,404.2046301795186,75.88249010177803,0.052927730587953865,0.01106598389857191,0.07421961950773583,0.032045061194940196,0.04344689394080716,0.029872103449167534,0.029872103449167534,0.029872103449167534,0.06260071339473011,25.758940812869845,310.4886023900217,553.6087422942228,0.22158214485872732,0.4758571879859167,0.018150211097451997
2025-06-02,0.02611693600442255,0.04391893813997986,0.04140592733110473,0.23634832952848914,0.14173329928671138,0.008012090251963552,4.275856693820727,22.577409456213292,11.667604723258759,0.012005917981689566,105.51821700886235,46.288193549323516,352.2414156061297,75.58614749542876,0.051117470570927505,0.01183690763190077,0.0730232346410523,0.034955203093344614,0.04230521324180194,0.029811421167826854,0.029811421167826854,0.029811421167826854,0.06308090898535063,31.953254255597127,321.6319702685746,544.7800457230632,0.21539892035352837,0.47888538978536715,0.01766091295699202
2025-06-03,0.027491407185703937,0.04427861415810749,0.039387445589021984,0.23422530862956492,0.14249641867108573,0.0077779853405732825,3.994202936430614,23.26283790524156,12.254397849519533,0.011839599153609546,119.6560935197598,48.36407443406437,432.63490621378355,80.14694397360925,0.05197254251504224,0.011672753441303512,0.07469094772118376,0.0360518785521296,0.041019458111466754,0.02802373064393477,0.02802373064393477,0.02802373064393477,0.06246251857604078,32.428632504143536,340.9519602151631,619.5741734689365,0.21582975432352683,0.4790097402968265,0.016975818388163432
2025-06-04,0.02858910041765703,0.04504898519720442,0.03803540319573526,0.24382922029889592,0.13939048866549925,0.008202742008135717,4.166974491516739,23.172924498684644,12.25376930365931,0.01203625967102445,107.0299423867861,47.198977003034756,438.62874876852965,84.08619886519232,0.05564794743757099,0.011491032075594881,0.07431229960930599,0.032292824565170124,0.041382756770565944,0.028846707838339383,0.028846707838339383,0.028846707838339383,0.05967940377169761,33.46831241894801,383.25095556810066,595.2630636577189,0.2207143652488919,0.4582511764197959,0.017364986187783957
2025-06-05,0.02862553371158952,0.045320868618899265,0.04019799687858799,0.25569056707978993,0.14075946720964316,0.00833301238260257,4.305751961007297,22.259082853992382,12.301602945655826,0.012378338375223114,100.64605138019435,48.57312164202491,467.4448434375082,84.69886363127404,0.05239492080448467,0.01207658956408079,0.07406452393931555,0.03136308786482324,0.04254946383421866,0.028708692231053837,0.028708692231053837,0.028708692231053837,0.06210791138267103,32.10485438367916,338.28497428036053,620.6639560122671,0.22459665452598793,0.4681282973648535,0.018816762381870435
2025-06-06,0.028129081206397205,0.0458496760920619,0.04021191236982888,0.24696114586827841,0.13770977803097864,0.007906163250554113,4.102553068182828,20.663607285255562,11.474527977033018,0.011651216514817297,129.78461808528363,48.572058314803165,430.3945725312509,84.38780685517642,0.054948011938818805,0.012033478922452517,0.07560228583469053,0.03210905531131692,0.044257854063484245,0.029602009867605743,0.029602009867605743,0.029602009867605743,0.06332169415565306,33.02505514593032,331.44777978307894,602.4254340220396,0.2230506931020668,0.44466028724526835,0.01825927058443672
2025-06-07,0.028743302224677993,0.04685927487263483,0.04097814482873691,0.24650630405517487,0.13203193739322686,0.008271332973356664,3.7174738804607528,20.034906736984404,11.526779165278796,0.010456042331637137,117.71728850881834,49.18733257379522,442.4399847523628,76.55955794180595,0.05300295514506648,0.012466369815817694,0.07844678762967813,0.03300353385997096,0.041906375211603224,0.029147076343373744,0.029147076343373744,0.029147076343373744,0.06288067734232594,30.036850614136608,304.4530459722701,543.0567652798569,0.21082372703248028,0.4268883212826551,0.018456142799889073
2025-06-08,0.02773492442660064,0.0445609712834648,0.03948543619308861,0.2512524498145134,0.1344792152212005,0.008348979075853724,3.826448481379494,21.582895003998654,12.080674774490308,0.010915899551120833,122.7718392913688,47.789660209464735,411.4407635504247,78.5033908395634,0.058084283638739305,0.011881452302191028,0.07426537169727174,0.033349121235035806,0.04372057323007194,0.031177440174548446,0.031177440174548446,0.031177440174548446,0.062005685925858804,35.8621144850496,319.88132648633973,589.9305360803323,0.21890135491809457,0.4306134563989227,0.01791476316426714
2025-06-09,0.028797158620462456,0.04255810389246453,0.04050630701602244,0.22542905367718727,0.13946062879890325,0.008236659128339808,3.8974660424980003,22.028877461665427,11.739011653391104,0.011475011607827936,114.4733541376763,44.47001087533131,470.59278776351545,84.45194885960669,0.05598376118699869,0.011675861096071376,0.07227865727585829,0.03430741981619191,0.04496096492107399,0.031517696206534766,0.031517696206534766,0.031517696206534766,0.05920031217576096,33.500845202810694,327.46732394077577,610.0582134524052,0.2190367516189717,0.4331055109877356,0.01693562887133822
2025-06-10,0.02905585657849271,0.045044190717975816,0.0374185857708392,0.23309797944186436,0.1402820085803093,0.008169726957945954,4.200256268200401,22.947181025083008,11.383025279916643,0.01172381160141868,126.42627560810749,44.112204922431516,448.7043252071877,94.56457373633516,0.05428339538996511,0.011820878513642219,0.07696172520941964,0.03343119640232656,0.040808809641305364,0.02990358480196216,0.02990358480196216,0.02990358480196216,0.058516125069178956,32.397888719121184,369.2407364889212,571.7879376500892,0.21468948653912015,0.44809640067528184,0.018135664454363258
2025-06-11,0.02697117233241116,0.047651357185318155,0.03712294763778008,0.23758742986757048,0.13754017371606703,0.008243412237400166,3.93460816193352,22.28453485978669,11.366623429206074,0.012344595694041012,124.18895534175027,47.22069894263989,509.0076565504589,81.36917683957564,0.05229605565934944,0.011623238119888885,0.07151680361424063,0.034157647935975824,0.042183474267401905,0.03100569344161523,0.03100569344161523,0.03100569344161523,0.05882686316560357,33.959788687499675,365.2993124136879,519.7902108829962,0.21542880256891989,0.4666865278926643,0.01828620170648296
2025-06-12,0.026166251179755916,0.044400447737137694,0.039662483817723825,0.2419214041773423,0.14278354485771963,0.007892091620800998,3.920533375895136,22.339144652416465,11.891348681654968,0.012788290604793662,106.38723000471204,48.59728787559925,477.25976578453947,75.12140203638074,0.054752429638274334,0.010995302014626286,0.07508595510853239,0.03470845250220854,0.0402470941297502,0.029268210139752844,0.029268210139752844,0.029268210139752844,0.060885267345062534,33.72203527870492,341.9367310064994,611.7442842720368,0.22433807665030223,0.43900909338653893,0.017442268132672696
2025-06-13,0.028689791480540322,0.04541318214272582,0.03944723368997552,0.24681878472269025,0.14674510743729208,0.007989534144677372,3.9933511029018085,21.911203363452962,11.764489544716803,0.012035800307824421,115.0966703304756,44.36279376464372,468.3462756549287,70.0768227147851,0.05538740653963607,0.012166528879741775,0.07375401568042014,0.033352321031438543,0.039275768223862945,0.029550579682912564,0.029550579682912564,0.029550579682912564,0.06122842347703541,29.397779139813313,319.2313434533139,613.9630285737633,0.22447007502791355,0.4231934855403706,0.01756714117256842
2025-06-14,0.027874494298459205,0.04616302651768424,0.039659500466001966,0.24812504567252938,0.14345478557491492,0.007950575416672743,4.072000365818647,22.781116051351948,11.569699281403484,0.011296346714189047,99.93855345501005,41.30972377283768,425.71402825893415,73.18699284951262,0.057666903943100235,0.012117998611409837,0.07289880568688274,0.03312388286397705,0.04179909940503999,0.029903731318803403,0.029903731318803403,0.029903731318803403,0.062073111376732694,29.81855618438956,340.4183463323543,557.2134404553411,0.20806223743214378,0.4264025494590617,0.01751927581201766
2025-06-15,0.02816735067337427,0.04514870542531624,0.03782417235175426,0.2398728977429513,0.1368178445400828,0.008409780145676107,4.13369290742376,22.711589334832965,11.427157660941452,0.01115615190389561,111.94548851756689,44.123342324518774,395.97433490508416,72.24498452554558,0.05638136885977639,0.011897003588849209,0.07445558185034705,0.033550421918805765,0.042711974095095084,0.029645658599243823,0.029645658599243823,0.029645658599243823,0.05635214292293751,28.681916132621343,309.83746874190945,624.3929677918313,0.22043890586832265,0.4408779771599122,0.01791010682816247
2025-06-16,0.028084592684729716,0.043072809008311654,0.04034866455936702,0.239021216855063,0.13776579378894194,0.008441308087684807,4.045678306417817,21.334129403764504,12.07468317577774,0.011403912651810387,123.04699348210802,48.719883238472406,449.22582261456284,80.1373967040391,0.0551077054075981,0.011884184335142857,0.07736205320795711,0.03204711215215227,0.041456869288994724,0.027789002830572687,0.027789002830572687,0.027789002830572687,0.05876882381141578,29.51460733154591,335.2986843597641,695.7929320985191,0.22076467737053215,0.4310860142865869,0.018166434269393322
2025-06-17,0.02969187937515591,0.04362517694425995,0.03955091519987339,0.2486000514459368,0.1387585285602531,0.008184161631339606,4.102220383619346,21.346459476040803,12.311817944977841,0.011562003586119718,127.69655115345368,53.43004558323417,473.66731314758704,103.657891582741,0.05572740048951824,0.011679777640541386,0.07727714447579584,0.032220524687240536,0.038921225105815256,0.029062069767401534,0.029062069767401534,0.029062069767401534,0.059531323250457985,32.47741217670443,384.1781100365952,654.2821977090382,0.22244937983510568,0.484205100586275,0.01814859201133596
2025-06-18,0.0273338825454256,0.04205238344494663,0.0388277916229594,0.2494650747905326,0.13544023786503503,0.007869713160472835,4.0491504481784615,21.427690108031758,12.754742085716993,0.011656535635967798,125.28563691859377,48.13311596386126,458.6274941594858,98.09572060763844,0.05925412574309672,0.011477277684019772,0.07726569729366443,0.03258708806789691,0.04150894545589247,0.029605922610451228,0.029605922610451228,0.029605922610451228,0.06193496267102231,33.99793040647314,320.9158241311674,668.3214640117911,0.2232049847021908,0.4428157481138062,0.018329078083988405
2025-06-19,0.028434016653438844,0.04715237555861119,0.039907887229930966,0.2459487273106174,0.13558139577104128,0.008270751282271864,3.7789576246030387,20.49372745614056,11.653482481311627,0.011809414785689315,98.14363846200042,42.49959457147651,448.2215643857455,75.18360993123504,0.052109991638836124,0.011180691107506396,0.07549269959838363,0.03253820309990233,0.04059143970316882,0.0280195735207188,0.0280195735207188,0.0280195735207188,0.06354712324599303,26.772924248317953,311.55099549668483,546.9851584080211,0.20845026990019455,0.45097167566465163,0.018727268271387258
2025-06-20,0.028054547769833783,0.045616076980472466,0.03954033788154311,0.23847221079667993,0.13545150311448792,0.007706728304585555,4.048980404631238,22.42182184384373,11.812523317776455,0.012158523731281182,118.73054097251243,49.590164074369866,484.85156047722256,93.38913269306717,0.05467320203216655,0.010982853097011832,0.07664194252411624,0.03259332747306902,0.044335788043610914,0.0299384185628424,0.0299384185628424,0.0299384185628424,0.060508298289568045,31.0286026794659,370.3429328042748,594.8282889123179,0.21850669620026902,0.4411774741375715,0.017421603939803066
2025-06-21,0.029089534166572607,0.0443548922439109,0.04109493456114082,0.2373413509648007,0.14047388472986877,0.007714272839724255,3.8746249629850973,22.63807028435109,12.127310742562138,0.012332330769644686,116.08992986941189,47.25472804903083,454.9947952727313,83.10136106137021,0.0564140245264219,0.011035159034020713,0.0725902639572443,0.033649309077921574,0.04282954549214707,0.03136721259746851,0.03136721259746851,0.03136721259746851,0.0591165546599958,28.448377975064506,345.6239005586718,579.3828439817079,0.21478667952805636,0.4555962902766685,0.017466169805551685
2025-06-22,0.028008660660369965,0.04449099442565224,0.042251916865241976,0.2437689800280754,0.1474708802328614,0.008060161062309267,3.813917086782133,22.64288976876283,12.14785063414974,0.012016962315276901,119.47681547372741,48.27097613030477,504.63361629886134,81.99642253335453,0.051559112161205345,0.011547087476139339,0.07719661193004461,0.034574787010766404,0.04194851565298941,0.029887731932435317,0.029887731932435317,0.029887731932435317,0.059174445918855775,28.86012654325683,328.00884842080535,558.3969454565922,0.22194532765470432,0.4850072922346923,0.01775669991649638
2025-06-23,0.026881305375198738,0.04506070458362329,0.04050250392904284,0.25090276256442573,0.14536837382637194,0.008112111190689015,3.804801752872978,22.469725430077798,12.816916003248517,0.011593496895648196,124.08790213063116,52.2349892758825,518.5789161656992,86.37227924658484,0.05469247270322509,0.012375302044923273,0.07877723150929583,0.03550122468535813,0.04207974532441238,0.03039714167492494,0.03039714167492494,0.03039714167492494,0.060510637142957895,33.78283915219409,315.30433025535734,635.4793669616216,0.22310567740953435,0.46372860695118495,0.01725051924213624
2025-06-24,0.027791480122311564,0.043637990528782186,0.04173082151583181,0.24910947235226855,0.14628650224906958,0.008246624797174116,4.025617199771109,23.35850107751761,11.712113875394323,0.011718606693605638,142.5939554563788,52.708015561125215,439.9923245297438,83.34572246625771,0.05767827747946111,0.012485595398112226,0.08021251341694055,0.034450883730738985,0.03861326451734137,0.02949261991398004,0.02949261991398004,0.02949261991398004,0.06245351766936684,36.71954982746351,333.6630534271176,637.6222219673857,0.21802933017355908,0.4584859280071334,0.017994174211764302
2025-06-25,0.02892682757764374,0.04433931288218214,0.04030312270007483,0.23380658368868876,0.14090576083257056,0.008777780393545664,4.384646986892582,21.345548853697036,11.959402515564365,0.011659518031981767,137.72758330481705,53.05039916348143,492.72475507274,84.62497042098704,0.05781688399967429,0.012335590640463308,0.07600718009596798,0.03308405118070745,0.04105922067573349,0.03172832906982027,0.03172832906982027,0.03172832906982027,0.06101837741744811,31.42385455579429,337.92703003186705,561.8621771272061,0.22841217355879087,0.4587944260404525,0.0184410235143338
2025-06-26,0.028790849138220963,0.0430089842425153,0.04152946504040062,0.2215045285298465,0.14325073738578306,0.008165867162407357,4.113861544387057,22.65534951849773,12.054595517167222,0.011926528558796015,132.6416842760222,53.01725375276695,489.1663950821822,83.14855569001996,0.05802998937508587,0.012205646674680706,0.07392126123302659,0.03275631132653714,0.042576155352545435,0.030414274314558613,0.030414274314558613,0.030414274314558613,0.06168679263988396,29.732950572811706,369.9981996910572,613.0498216850547,0.2363338968688628,0.4764990694574948,0.018201290728265936
2025-06-27,0.027927725974092224,0.04517242054655687,0.03901102973658807,0.2364961418354105,0.1374711242076608,0.007979896082087254,3.9452436964217052,22.010790712049843,12.683447563451022,0.012018202252279469,133.7921536131574,50.1348243980125,520.9063238472675,68.61210530749776,0.05630662049123848,0.012117292541557053,0.07358623989122312,0.033550178274751,0.04040800548663967,0.030076249874799923,0.030076249874799923,0.030076249874799923,0.06142123424668579,32.201771213627254,377.61676089059097,607.4748837076497,0.23497258922140865,0.4571890414138231,0.019023371711088553
2025-06-28,0.028383322476909844,0.04526458942546963,0.039873143873564436,0.23425448985412395,0.13894015040609237,0.007863202889947574,4.066438887971042,22.670985827878706,12.292981976530285,0.011932510370345178,129.06476482601084,46.57538495037025,522.5868461025425,85.28261970344339,0.05619966791761512,0.012607051717765905,0.07456911270862103,0.035435238567449893,0.04242320498586073,0.02882504008257144,0.02882504008257144,0.02882504008257144,0.06560163231482358,33.89432610307604,340.79449757487737,604.5983902790878,0.22894564492347833,0.4562668393129881,0.018468939648600156
2025-06-29,0.027856091184688667,0.042481528678407834,0.03911705171097269,0.23465899649911046,0.13308130329464143,0.008139830782152682,4.314359376631224,22.69972668747485,12.503670872442347,0.011908309943781573,131.98875837719987,51.74500563220649,479.68255398403943,73.83387730553082,0.05296098653623117,0.012208599951777352,0.0779568341471525,0.03552880585720944,0.042908071450409244,0.028507864240390153,0.028507864240390153,0.028507864240390153,0.06205495214378619,36.23260822780041,349.7671832715913,680.168612057179,0.22294906268142145,0.4521168644829786,0.018179216579734023
2025-06-30,0.029193001108093215,0.043794884908344905,0.03873093391845224,0.2374639056306909,0.1359400863518857,0.008312686879838148,4.200223086070125,21.48007052066666,12.341421266552967,0.011547295968294811,132.99959127493682,51.48666196719913,552.8492423476364,91.03438273187257,0.056179781351134175,0.012666353615663272,0.07824106993296283,0.036430358383405304,0.0422581481715573,0.029329354025968687,0.029329354025968687,0.029329354025968687,0.06407695154307903,33.88068767976133,374.26930200379945,644.1363738401925,0.2214685082197792,0.4718176501086116,0.017409932108880706
2025-07-01,0.02764222396550018,0.0433108902425361,0.042191204371571436,0.23535704483517086,0.14315725566516668,0.00869098196283964,3.941769727063363,21.83546672863409,12.056545672528557,0.011509971236248188,129.90846105720607,46.55471526670419,610.5282259636375,101.54570768387339,0.05160364770582438,0.012334198486974804,0.0731500609855673,0.036505740170426446,0.04276878240485379,0.03026916311456539,0.03026916311456539,0.03026916311456539,0.06581290542619272,33.08980324196424,371.38013920496354,594.5268933549293,0.21961590997328784,0.45916304776003714,0.017221667487033465
2025-07-02,0.028486970784105604,0.04713581227412195,0.04045493948874364,0.23023833885189537,0.14456964825602014,0.00850474775058418,3.686420246596957,22.967190093087858,11.794384853675453,0.011737329067466514,133.15986839306152,52.294892158875925,478.17977801158156,101.1854342723595,0.05511768003056986,0.013508482398594973,0.0717233526555491,0.034548356989972245,0.039898263474941964,0.03350156601554986,0.03350156601554986,0.03350156601554986,0.06636089206122463,32.307767667229,386.1454610388151,631.3173531544887,0.21132286350703267,0.4585741850319418,0.017571530955219045
2025-07-03,0.027766944855735397,0.04855465599214085,0.03883426830112528,0.24738226358036716,0.14580051781138093,0.007809423067202229,3.613555578583396,22.844016489062344,11.502276447493037,0.01190309408953638,128.9693030400482,49.454114937989864,483.9173755504312,85.01629403935375,0.05557398404417655,0.013592768950599883,0.07463654783808525,0.033404502366233074,0.04005669565428661,0.030103346102219923,0.030103346102219923,0.030103346102219923,0.06217409943583137,31.348462941738955,332.0747636094676,626.6899809131824,0.21763950182185246,0.44609029504073466,0.01798580326059712
2025-07-04,0.026962992743018232,0.04797651928105354,0.03986456374901759,0.24205040786498935,0.14012255961250195,0.00792232940458146,3.877301671056664,22.161318007820512,12.056653793446838,0.011169834605305747,107.0810447730461,44.43582421239002,444.13718452379396,74.6961162187509,0.0537940888299478,0.012639367876207556,0.07628528028611414,0.032915708754119366,0.04203578819043337,0.030952561992372472,0.030952561992372472,0.030952561992372472,0.06255612179467947,26.919594762351778,280.42135908176266,573.4789673103766,0.218600127117981,0.44168891481628714,0.0174293187450977
2025-07-05,0.02938498083931719,0.045533374269004404,0.0386696312464146,0.23584609488492142,0.1368657285209362,0.007675020901755661,3.9055599043730567,21.43693749494352,11.219609543051007,0.011491076977662435,113.54224335039143,47.94975045499832,473.383831153697,75.05788626338331,0.05496347231991249,0.011993523460816091,0.07256059119266385,0.03453637887326515,0.042067313456553956,0.030624356341049406,0.030624356341049406,0.030624356341049406,0.06538782311171791,28.588436470543098,338.8773016386987,634.3019811574228,0.22401142459018641,0.4505112432866517,0.016859635451361443
2025-07-06,0.03045536271359638,0.04422953005055483,0.03862695881603336,0.24494504982296916,0.13424177783477892,0.0078308431775815,3.9148717537235735,22.78497114486741,11.439131549683403,0.012007612411203097,122.4697567108061,52.731688967289315,444.66522202358834,82.52896988463729,0.055615399799594734,0.011455684613541833,0.07164228019952489,0.0320635975215635,0.04040772763467242,0.030345124037118584,0.030345124037118584,0.030345124037118584,0.0613137524728117,30.841263040391055,346.9064868459808,618.2669409545115,0.22261031972509665,0.43091229563795885,0.017319067120200374
2025-07-07,0.02947027904477574,0.045415526971185956,0.040688567273544786,0.24391976826667913,0.1345353036543653,0.007533137211116321,3.782137525352832,23.60306785556245,11.865159602182127,0.012382204283326839,123.29149694095155,59.842909830336474,541.9417774163038,84.35837165734964,0.05409010664300008,0.011243123095690586,0.07557144624632409,0.03190488615179221,0.04056337450479411,0.030770262876709573,0.030770262876709573,0.030770262876709573,0.06273933725554325,38.9988405593703,381.7748988766214,640.0446350958001,0.2063946203806915,0.42287333146012845,0.017625046312066926
2025-07-08,0.02817365695247174,0.04467098877354588,0.038469094224513556,0.24428886935135452,0.13120457011985345,0.007980683132190296,3.73917487975406,21.80299240725079,12.002342629334574,0.011848853606545695,139.07817138536475,55.71826568909438,563.3553898919395,100.19145216044267,0.05356345751180336,0.011803289470713626,0.06901855116387384,0.030717833549305778,0.04191306644667258,0.03124422028356124,0.03124422028356124,0.03124422028356124,0.06376712475075345,39.09205979447355,384.528802408529,694.9190657923973,0.21423428522615792,0.44288379875641676,0.016933528826399168
2025-07-09,0.028905941956250066,0.04519691995136912,0.0394337131924037,0.2350277744283343,0.13104310530285032,0.008309329332499905,3.911201188694366,23.77553875418794,12.32304122409188,0.012068982199830772,117.97683875821932,53.68456652944348,526.7028436809522,101.00174405461823,0.05474653297363407,0.01151657752741498,0.07415855391941514,0.03290288098674427,0.04744274060347511,0.030818661972130006,0.030818661972130006,0.030818661972130006,0.06284450748018469,37.03291976606497,381.72001705979295,696.9600177394769,0.21208586318079606,0.4671100687197383,0.017868689210635218
2025-07-10,0.031124070818291532,0.045605892461091306,0.0374696075784485,0.23021733804269887,0.1394557540629451,0.007946791668435212,3.757601701482587,24.83036802100083,12.075253364743642,0.012012844460721,119.80807042835198,57.20336160217446,453.8207264308306,97.40546021794646,0.05704014981435207,0.011259698900035621,0.07550743650873436,0.0330245772223578,0.04485144663039711,0.031134393661275413,0.031134393661275413,0.031134393661275413,0.06652656087018885,35.71871418610241,362.2959420744989,715.4292781130058,0.22314516901563589,0.44361141378655283,0.01848952319751121
2025-07-11,0.028514056152347027,0.04504615028424,0.03606013985221336,0.22622646914374694,0.12809124250597081,0.007763818629214199,3.8946425920409355,24.492458462426086,12.870531559196078,0.011863052415748868,120.72007002412028,52.396113043683975,476.749196987763,100.53149619342395,0.05558626979618291,0.01145646390858114,0.07504292947360794,0.03293410805119322,0.04241845093196134,0.03152862467922514,0.03152862467922514,0.03152862467922514,0.062219626444170575,33.65423022454697,326.8078662045668,656.9194128722949,0.21441828227359258,0.4494790890130974,0.017765702909709507
2025-07-12,0.030450352766404423,0.0446021517077747,0.037524326785676056,0.22840408122325664,0.13408381807001948,0.00780605074027984,4.078845896075009,21.65813175940127,12.21021849919242,0.011380693346143408,130.97020989798972,48.71547128811098,476.3660858601588,87.2480113082033,0.058504102213922785,0.011486040819277673,0.07742075679795957,0.03401489333310339,0.042735652762848506,0.031925891909014875,0.031925891909014875,0.031925891909014875,0.06194527657885395,33.22831295931507,348.92564087847245,576.8566995787056,0.2143515776971183,0.4611081381686705,0.01862590048268022
2025-07-13,0.02934427656187985,0.044904190988778875,0.04120299665165164,0.22246544030899137,0.13462219478701365,0.007886096693692704,4.135173063938507,21.947708233951673,11.47155350208809,0.011929530956139222,117.67797070261678,53.77576522959968,481.75347915537486,82.78377011604834,0.058735856506409896,0.0125481546925605,0.0765895827356906,0.03345176204963732,0.04143283109529882,0.03215310330823055,0.03215310330823055,0.03215310330823055,0.06362943784483757,30.15883242032377,351.57556183719737,570.4465924334773,0.2145799736348353,0.46731783661724785,0.01766582118837041
2025-07-14,0.027148632283259484,0.042427147410636155,0.0404354585986414,0.23554333067179006,0.13841645723053267,0.00792591716325339,3.944169795896003,20.97017296202664,11.88628033453725,0.012212853788289645,139.43585977267645,53.947183342194954,601.9311802035812,92.04984119162388,0.05270881376800405,0.011963193354198043,0.07152926000940887,0.03518914444488923,0.04137247896537543,0.028821825980602175,0.028821825980602175,0.028821825980602175,0.05916780020560276,36.7999560941493,397.1050275562029,685.6180679978866,0.21177679890421794,0.44837509096088374,0.01752058157772567
2025-07-15,0.0270596652429144,0.04667108756137949,0.042294155362432626,0.2537294647084419,0.14171851006182973,0.007529612965839261,3.854843888855491,22.300621404106995,12.043592469016126,0.011986920015505767,129.0917831292759,53.56676377281027,542.3101564768662,93.67526296575673,0.05695725918571548,0.012109979279722934,0.07341811263546692,0.032931054557481555,0.04204964640309629,0.03071177667427765,0.03071177667427765,0.03071177667427765,0.05939591490542001,35.4433584177693,438.6451482384242,645.1413688647059,0.21800704687030226,0.4242420751635658,0.017100733662592345
2025-07-16,0.026338148625428704,0.0433543392822014,0.04199753052358242,0.24303546447419944,0.14184620315877405,0.007693085719557813,3.9653521702604526,22.33171891144958,12.372764568571647,0.012235089004131696,141.6585746352449,55.33701562149205,582.2285565346629,97.09829885551436,0.055650225716761315,0.012485617410986373,0.07186591560153527,0.033905022782150226,0.042046191098375305,0.02938602885041646,0.02938602885041646,0.02938602885041646,0.06243008599833677,35.89208148861229,401.7164076383043,650.6129859695635,0.2155350577942629,0.4339115257522487,0.01801467252408984
2025-07-17,0.02808118472995212,0.0437486861316964,0.04021550757157078,0.24754431449540898,0.1403084846700755,0.007515938012012703,4.145587568888493,22.49149650651034,11.895761368087081,0.012027138238611406,132.25784333057422,54.26548820794308,546.0899893930572,92.68753287372712,0.056671036293378475,0.012379405001979985,0.07525188164216072,0.03320089529528642,0.0414401074474731,0.029498464226051808,0.029498464226051808,0.029498464226051808,0.06368124237963013,34.532173902189975,392.3710313971891,673.7000427044389,0.2131203785695433,0.42992100429377705,0.018007770687647386
2025-07-18,0.02730397702548431,0.04249252998835483,0.040573558113209465,0.24969941080038616,0.13715652160456143,0.007751021856083158,3.981829295424845,21.185231014973247,11.867836307161564,0.011924379007093922,127.60782851835425,55.2993492263006,586.08469785078,94.47697011653693,0.05725837564402414,0.012103575105635221,0.07744483056112168,0.03371351130241699,0.044486930275276386,0.030005235322857825,0.030005235322857825,0.030005235322857825,0.0610609783027055,36.78291776725399,410.2625978544952,747.7937999627756,0.2238086979396771,0.42752540808051853,0.016869623207940297
2025-07-19,0.02721521092658582,0.0422563803364042,0.04142217277648929,0.24097377062291897,0.1369178639232432,0.007586879026786103,3.882371398958803,23.11627864086452,11.316588635326424,0.011611437992668337,147.8912456248999,52.48849652530074,519.9664913546526,94.08880054424549,0.053451442797769214,0.011839042665184832,0.07416577254521513,0.03326191111856659,0.04066092484902215,0.02714966835041943,0.02714966835041943,0.02714966835041943,0.06368817743777243,36.74092510822359,362.86501497621214,720.9462813691707,0.22509464074586463,0.4398132608871551,0.01678720913664201
2025-07-20,0.024300601238407295,0.046569767231025225,0.03906546530514642,0.2456355975124088,0.13474828619189913,0.007493595743437952,4.047584117294707,22.405268199683665,12.100018130890607,0.012050034655895865,128.93806452758915,53.391967993401764,506.4412796713642,89.14965797993722,0.05426255946949705,0.012275753725829045,0.07389283389257442,0.033368260546398326,0.04283523060862132,0.028536440667224494,0.028536440667224494,0.028536440667224494,0.06489608340907092,36.36344494881117,356.0790741652531,653.2427411663627,0.22664650929025032,0.44797117513279916,0.017446967264902573
2025-07-21,0.026591456740800684,0.04263974200308081,0.04098865084783178,0.2558541654547232,0.1387409492880772,0.0076273980083637625,3.7645667660577806,22.57652259632067,12.37198663189189,0.01218467251147915,131.01246683981353,58.749678531535686,624.4366906867658,106.20837881385613,0.05796508021810033,0.012040338006878069,0.07727203202450547,0.033431764258369814,0.04217215168324911,0.03056760956707889,0.03056760956707889,0.03056760956707889,0.06275143548988049,38.15514678844414,377.8564681596672,614.224753952881,0.22277532118400561,0.4552091473480835,0.01721116977555896
2025-07-22,0.028573854470265565,0.04306677934432602,0.03960409254392673,0.2465696755328682,0.13520655214206553,0.008386713210039433,3.8799851547430357,22.557095733254183,12.480191144065893,0.01207216437813974,129.80648218685153,54.05616520388199,594.7222136679634,100.17985744298034,0.05518377583532651,0.012333193124879169,0.07470785354621667,0.03432232669781693,0.04152590918717315,0.030637056313312195,0.030637056313312195,0.030637056313312195,0.06486737815609908,38.17762473415868,428.2356159581279,697.4958404924905,0.2269300655798795,0.45686388874342787,0.016716782510425337
2025-07-23,0.027491086647209177,0.04438863240724111,0.03753286244486369,0.23860228451175736,0.1413194654810679,0.008135014245646553,3.8576068178921847,22.52840748485478,13.031888772593145,0.01236652759708102,129.681609112905,58.67602863385034,557.9061779781347,108.28410401278565,0.054953801357579976,0.01232272381797482,0.08046454159086318,0.03444716561284259,0.04378898666640472,0.030762293418286304,0.030762293418286304,0.030762293418286304,0.0597575263413532,41.158614819782194,393.8948568898671,725.9500740921509,0.23672056848272088,0.46780862712793503,0.017152268722065735
2025-07-24,0.028942701739567436,0.04513994080766945,0.039106294340806556,0.22740394474919626,0.13973455408095292,0.008128565891368608,3.869565815674968,23.85728444807078,11.828311092160579,0.012612417500481301,119.38667993147212,57.032147955756535,578.609494134086,91.71780165477901,0.05516645477973602,0.012218230033078727,0.07981022862046085,0.034500890575848486,0.044570055309062794,0.029424678934932526,0.029424678934932526,0.029424678934932526,0.06103080072612957,43.55055099220192,367.5537179241842,728.7110955189223,0.2255970257310696,0.41655853171927504,0.018104991248965717
2025-07-25,0.027521651870299226,0.04618449963458968,0.03877393378582176,0.246937242570682,0.14509630553142,0.0077195401504860485,3.9865030192180515,22.402264791001507,11.49101839151396,0.012026508437357407,120.53978996030992,57.964661527033456,481.0529947454392,89.89221143936909,0.057288439268690705,0.0119176124872922,0.08074491212158409,0.03508300259947171,0.04390254126248424,0.030262093178269663,0.030262093178269663,0.030262093178269663,0.060486902126715814,37.331024704060304,412.58654027076517,787.0778448903327,0.2228744553761032,0.4457281412769548,0.01795222997558794
2025-07-26,0.02707388494337038,0.04500093230042697,0.03936063210001681,0.2520352685062413,0.13874681209043954,0.008179389530439389,3.9274222883239607,22.30298606702604,11.650817181725468,0.01249405210828296,139.45250336330326,47.953174804777596,509.9390750910621,92.40020344980661,0.05847580939992089,0.012091622425240273,0.0735581852164341,0.03354364126141716,0.04187663861231766,0.029648707183585917,0.029648707183585917,0.029648707183585917,0.059486246977738806,35.4739132640086,377.36012168821577,634.5720276272806,0.21719643282980466,0.43362166809276426,0.01879172204646221
2025-07-27,0.027580632080939745,0.04226831904380592,0.04144406175985164,0.24560162698696494,0.13876147400664907,0.008165702640400039,3.751675591491108,22.465056838336015,11.952486813707482,0.012067484407759914,123.10721738112768,52.888750834752045,542.4568694812975,90.86792634140525,0.05591720785253838,0.01183902284229775,0.07538750996880277,0.034235857680896854,0.04076485918918536,0.03020365852500477,0.03020365852500477,0.03020365852500477,0.06120872744816879,37.044358888630036,369.36420599159726,597.3553095265147,0.210276054665338,0.43842936771347524,0.0176917645446761
2025-07-28,0.027122209583725434,0.0450365390072049,0.03815362716946298,0.23740991271549136,0.14432910132231272,0.008332078232582762,3.8696734259920382,22.736780771640323,11.95824437080106,0.01282928311127861,129.95499722443697,51.00408383434644,590.4583802347416,88.21831932008446,0.056077532918332784,0.011823412830842603,0.07187869981950235,0.03467347067715051,0.04007861974360598,0.029191329119503298,0.029191329119503298,0.029191329119503298,0.06227490658332424,38.232432658372396,450.4595331884286,633.3832381668373,0.22134049035533934,0.45037793786065594,0.01855080320480123
2025-07-29,0.027385492854030247,0.0452952207235907,0.03996060309056062,0.22959969689096615,0.142955263176714,0.007952033387546777,3.6929615105666693,22.19964938855249,11.504820526090857,0.012324863060980568,129.8869213562318,56.16374430597084,558.0698745515521,101.95553293297147,0.0523193894333522,0.01194483026206698,0.07719781568473325,0.03243422262180609,0.04196296317524718,0.03111916679034922,0.03111916679034922,0.03111916679034922,0.06059472784005892,38.441009001397575,443.88188931505783,748.0293240568892,0.22082666927006736,0.4336213025126345,0.01811642161154892
2025-07-30,0.02826506943018087,0.046613404981188926,0.038663403983654636,0.2365315043113645,0.14648956612117486,0.008082601910099822,3.7763766739156734,20.44916751289898,12.50032090111846,0.012442392170667269,128.61644570787237,54.8487156248271,572.0717422744002,96.33492250020055,0.0526929389877606,0.012139873445364883,0.07033250582181547,0.032754326158062085,0.04350619870126961,0.031304463912876904,0.031304463912876904,0.031304463912876904,0.061360533791242046,39.62070842933384,432.0034160793548,759.6947833662477,0.22930541509086855,0.47554390333707364,0.017806177888121517
2025-07-31,0.027357171908369466,0.04660471395538042,0.040806335629312525,0.2307776073724463,0.14323466675196495,0.007740282315581679,3.8786352819471834,21.05200850022735,11.816482086696954,0.011836969673404838,128.18420470163701,53.62757687694989,576.3129827487053,93.10379214216928,0.05140417826591617,0.013031873414798716,0.07510852547577852,0.0323212351320074,0.042765721974416214,0.02988149134826509,0.02988149134826509,0.02988149134826509,0.06368651966100165,42.338945729840304,419.28581047261997,762.8696701568053,0.226246693479482,0.46890567829421276,0.017965490889148568
2025-08-01,0.027437948996361056,0.04640346908614062,0.0394890592147128,0.2355372855915884,0.14407112025424645,0.00806580960331013,3.8972389812391417,21.675234093026862,12.012670870784598,0.01217460719898777,142.88229251300368,56.40926330366981,567.7222454370284,90.28425317255927,0.05234267970045608,0.012410529862926255,0.07432046747241734,0.03156181406866899,0.03978823900939973,0.030304672629392064,0.030304672629392064,0.030304672629392064,0.061516782397043425,38.22738071868952,417.5929777269925,681.3953135031744,0.22224579590275184,0.43227687530198716,0.017943195474866554
2025-08-02,0.029714763187623155,0.04486567482232177,0.043329581533095456,0.25268189099016697,0.1359767124625387,0.008057581163918215,4.05860945374571,21.567260083403877,12.418362804271894,0.012285323116018836,137.56460196201564,52.63194106044291,580.5215963895628,91.64577466437403,0.05004904253252931,0.012139583001558325,0.07556438189575003,0.032541507450173264,0.04139575677169164,0.027626681734612,0.027626681734612,0.027626681734612,0.0624279987495394,37.63184438801925,422.67695016380696,658.3296311929264,0.2232698342600892,0.4268334164657273,0.017977628845511354
2025-08-03,0.02861444904823043,0.04386596233537451,0.04173437866691434,0.24001524911707925,0.14159305351305873,0.007758095800290985,4.088068044925618,22.576851356703322,12.463405298921938,0.012453753430586424,129.95658072350997,52.58794146419523,544.5995405132066,90.38294002600689,0.05092255047776974,0.011989644923196268,0.07379432431903876,0.033820502330134,0.041698621140769214,0.02873279184931889,0.02873279184931889,0.02873279184931889,0.061412562621666784,33.055546955457665,379.0168479362009,629.4603126041231,0.22567911067154253,0.4271573803282856,0.018510875417701425
2025-08-04,0.0271496003875875,0.042778475580716444,0.04027986451635953,0.22920921734033825,0.1391248407471501,0.007483377807389058,4.17568294935746,21.306352756007033,12.012552001107192,0.011904433650125463,133.61874495221824,63.84001830950947,617.6058060241264,106.01849419565784,0.05246841164224361,0.012488833650683661,0.07265495396679494,0.032503194503614524,0.042530684191151906,0.029172060140692624,0.029172060140692624,0.029172060140692624,0.059791780800646496,36.07320452278342,441.02923862370125,756.3053539569519,0.2800517860639427,0.4285457120044952,0.018296165432364633
2025-08-05,0.026632404780291687,0.04531814338074535,0.04131278683237419,0.23713471733777594,0.13920271644183285,0.007398751218881152,4.034388968395257,21.566754593171073,12.689600632424144,0.013081150768144176,145.51694570459065,62.0984064399178,581.0166971833835,103.83010901278813,0.056571257931206494,0.011693393170200196,0.07761312314443015,0.035431488641297276,0.041577429896343346,0.029198441706994517,0.029198441706994517,0.029198441706994517,0.06328686268818845,37.64583819290448,484.97154335111424,723.8942789364421,0.27353522275613235,0.4516968184802073,0.01763250963799966
2025-08-06,0.02586965952076167,0.045381313803937194,0.0412202939288995,0.237604432946127,0.13863665873219788,0.007474314054362726,4.080225198314622,22.834853092903884,11.787878040593817,0.012857762164268588,143.55324727189443,63.83781698850949,548.6847950205163,96.17793865718197,0.05506749450061473,0.012047764709971119,0.07526593957244065,0.03402134980258796,0.04133790170451776,0.029044366539597386,0.029044366539597386,0.029044366539597386,0.06399093678151642,40.45118920566108,435.7000266886555,703.0236517460406,0.27092918598849786,0.4511020949543326,0.017620960690293126
2025-08-07,0.02884654418210437,0.04787581526090894,0.04026503790276419,0.23452961098592703,0.14055763265028232,0.008061398183062342,4.022765315366443,22.080350766994876,11.925521737909923,0.01178155889343515,153.20180751098,59.788974567389346,563.5303364976968,100.26103331758861,0.053118286119129186,0.011969745174924483,0.07677096556105961,0.034609943130510835,0.040882455864729675,0.02921832854525633,0.02921832854525633,0.02921832854525633,0.06040276868464946,43.23969573953175,380.86481246230045,731.2362778229823,0.2546464323138757,0.4430816781607468,0.018089306377453963
2025-08-08,0.029927439598130805,0.04553386140038861,0.039895050918738684,0.24203949989070303,0.1406547254385794,0.007921852834135332,4.165990833239931,22.683351631339114,12.021817444971509,0.011894470631043534,124.2728361965994,58.4477520176272,572.4398993605273,90.50753232556112,0.05289565809873263,0.012195332638936445,0.07432023964073328,0.0339552609238158,0.043352254744299414,0.029824511855627966,0.029824511855627966,0.029824511855627966,0.060373363086256376,35.75689801152966,440.4040426382005,690.6190843973344,0.27149412155079417,0.44928347492324894,0.01857999478901492
2025-08-09,0.027977538448543147,0.04482566721249352,0.04039080282817627,0.24999808264891732,0.13032482352746236,0.007563486328577783,4.169914476488415,23.090444737396968,11.421559375022932,0.012422956937782994,132.33056857599775,50.470051432118964,535.1828392440656,89.383980357443,0.054650234206812524,0.011973658173484362,0.0759216230135724,0.03200628090262938,0.03967156527614178,0.030093746861319146,0.030093746861319146,0.030093746861319146,0.06550842725681276,33.95407801496866,387.83275458427414,752.4496974731316,0.25855105145894075,0.4415525521877658,0.01769857462060452
2025-08-10,0.028137697521071675,0.04595917248975317,0.04056334064510894,0.23348253607037636,0.12885978835643186,0.008542787497465044,3.997795068380774,21.835290631033846,11.630618602190898,0.011848312455116732,133.76188115149594,53.2648534711211,564.9939392567818,84.61494505887843,0.05346950809926862,0.011882818311900106,0.07522548645417326,0.03599217122102692,0.0415743189729575,0.030596030210396363,0.030596030210396363,0.030596030210396363,0.06468483060927248,37.074162905258525,356.9764730557107,680.1812283955047,0.2860852662792503,0.4316664613153715,0.018245830889345168
2025-08-11,0.027794042051976893,0.0456709670147816,0.04079676660838371,0.24507612637860907,0.13757196577511535,0.008730583583777367,4.129812254079608,20.848952407426143,11.845374790372151,0.011615621951582137,139.04983938123942,54.94114298597741,584.5252118693065,102.13056849996558,0.05236958305744216,0.012314973695909613,0.07675518864064801,0.0332098045225052,0.04190596094522797,0.029885007748140503,0.029885007748140503,0.029885007748140503,0.06465465229631183,40.2447636536476,401.1085531956536,702.2377042640109,0.2897512097792299,0.4421643692211587,0.017655098468634518
2025-08-12,0.02741234085539689,0.045591277997912086,0.04239176204960256,0.23936078559717167,0.14074788874217375,0.008345505777183685,4.1054883833181695,20.820272634488465,11.819494566296642,0.012063748776998015,139.2828643134079,61.667437305445276,605.1929287537046,108.51151330732175,0.05566582654562725,0.011598779399654974,0.07869343967494298,0.03388340199631986,0.04406652498658035,0.02901665652456001,0.02901665652456001,0.02901665652456001,0.06034656651864596,39.263978084544185,440.92822704832014,738.3569648302926,0.2905027418698214,0.46675847829520895,0.018199399889124602
2025-08-13,0.028008470873958368,0.04571110410103346,0.04023948512843515,0.24599074554406725,0.13781461280817514,0.008222971974186845,4.001197691262638,22.752298527350256,12.241404839513498,0.01205489500402583,148.6901392933957,62.42984100863472,587.5280184015324,93.03499546741826,0.058525547370128474,0.01151362318141863,0.0752528807394401,0.03436513696158886,0.04214109750531583,0.028258002864824765,0.028258002864824765,0.028258002864824765,0.05770050227261285,39.67619559494354,438.7106811449434,750.4098779558766,0.27464867532107434,0.44206931724005744,0.017596676301885664
2025-08-14,0.029519162526232667,0.04436545685539516,0.04028645920079181,0.22225432514152352,0.13543756822191344,0.008255296123713373,3.9286830628915155,22.70907137589282,13.045174113654912,0.011753108856877106,144.71300141307145,63.10898101213579,598.2307312280346,91.30739957944458,0.05528927289258107,0.01266872659022827,0.07954119216548285,0.03401849312095765,0.04064070923680246,0.030237659689439533,0.030237659689439533,0.030237659689439533,0.05946842901737664,36.53126519791576,448.1428978012109,663.2209276676774,0.2613504721637044,0.4315850687603736,0.01788385291669708
2025-08-15,0.027471576191649933,0.0445592359880163,0.03786541835208201,0.22329356645418558,0.14255464677106314,0.008267223269265994,4.126290550066492,22.662398293252128,11.908099718209868,0.01196198691478628,137.5163736157108,66.77230172916697,648.9088378555617,98.124593331083,0.052695573113544225,0.012057715670069826,0.07799492418276174,0.03334661141704077,0.041607212799479674,0.029693273288773046,0.029693273288773046,0.029693273288773046,0.06069966833973857,36.42146685968326,432.5931512648364,706.9795636349608,0.26232381745994593,0.42632230242761604,0.017689914153741264
2025-08-16,0.028283111501129263,0.045345667219056626,0.03942282393783145,0.23626365786790274,0.13695042482813186,0.00803330609895848,4.031369931520196,23.01097514582665,11.816281906079833,0.011858493055586975,145.15546616004593,52.89026208826888,600.4372404324071,90.06792482915287,0.055864586616447956,0.012401117852775262,0.07685817825167524,0.03405275458689105,0.04088250929213413,0.029257275441777357,0.029257275441777357,0.029257275441777357,0.061424385360529535,36.46141299541844,373.30925983020796,632.2582919015924,0.28015552496137563,0.4698098625382629,0.017290384400241558
2025-08-17,0.027500876760077737,0.043369266693046034,0.0425953731671961,0.23954147599215578,0.1418320887175382,0.00822088295126294,3.8638016346096085,21.236446291341625,12.893254085755505,0.011363618498467065,150.47467196687992,65.10392976996286,487.6764383886016,85.32556725093569,0.058195640438714454,0.012236129180563101,0.07496313503544776,0.03275120773837942,0.042242991791026266,0.0307104411317286,0.0307104411317286,0.0307104411317286,0.06306024588543296,36.657697866554344,427.32818918941405,725.463642954595,0.27073376363205454,0.46491511509720307,0.017493166965571752
2025-08-18,0.027409086086234703,0.04416302785265703,0.041356423709700926,0.23608968881100212,0.14695449103986977,0.008527434879919207,4.121408275687487,22.78032671060298,11.77501809691221,0.012297291825331144,146.28603312100697,66.47655601300764,668.2820740685127,101.82341447043818,0.05561582787537958,0.011926434407633055,0.07353821209149766,0.03325179434886792,0.04166547069751338,0.028518128897137965,0.028518128897137965,0.028518128897137965,0.05925498680331453,42.450759442555785,496.0638438636491,763.8527686114944,0.2760173541727548,0.4683450700525282,0.016633093115145874
2025-08-19,0.028790360870676098,0.04399904482007,0.04068502933274775,0.24873173842829865,0.14806312110512454,0.008268327146273591,4.032258009996946,22.32726158474578,12.0678379186714,0.011921474807608643,159.77042991212514,67.42921141241507,652.8948523381077,94.47858250374733,0.05660912523967907,0.012184517047667168,0.07444611050188521,0.035676389245133854,0.04134612388598199,0.028020289571837595,0.028020289571837595,0.028020289571837595,0.058521039478916424,39.098187022756235,462.70405629345896,819.7404540801706,0.2650246989715832,0.45087090457783524,0.017814483805775844
2025-08-20,0.028206774128330305,0.04400027414956952,0.04027358379584576,0.24321573885838926,0.13805506835572642,0.008118938578259334,3.9827464020917986,22.280935139126484,11.782233088521066,0.01224001911434675,140.13031424925563,73.54926201392827,600.1724560179825,106.25068518317559,0.055855760204704126,0.01284854839910995,0.07276395070931244,0.033756606828133834,0.0403706267997014,0.028995967185385944,0.028995967185385944,0.028995967185385944,0.06254765915166621,46.22180132283272,462.9249299034626,785.0315179137352,0.2556796620982097,0.43971957353867214,0.0177735034352424
2025-08-21,0.02633372352404519,0.04559868756685389,0.04202753583116655,0.23522653789320344,0.14173631648498994,0.008281324371329262,3.823010084615206,21.180617105741646,12.637620049664687,0.012221717284329494,136.18620285326233,60.44136348763778,601.1791592645882,103.9727054718841,0.052933050249676115,0.011754780656216199,0.07151531315031921,0.03408483365762017,0.04263423689936325,0.029314883405557834,0.029314883405557834,0.029314883405557834,0.06442790395034573,41.365438711276084,469.31289371787096,761.3808735747689,0.2614682004756324,0.4477140503798566,0.01710371302323131
2025-08-22,0.02861741971691742,0.04820459525360618,0.040341443761008,0.2225647170681919,0.14701429773205474,0.008009808857722362,4.026266450659421,20.3502521136879,11.552892677433169,0.011095287180831448,150.31147205778444,60.23637438442743,585.0925474734864,92.70195052470852,0.05524412731648394,0.011611343929720823,0.0708066843111357,0.034818295178249324,0.04094395551654791,0.029884674650219087,0.029884674650219087,0.029884674650219087,0.06087136912596206,41.982684799790505,488.5672627793453,690.8779141315574,0.27911573256075606,0.43802725132121145,0.01715119418134666
2025-08-23,0.027376135259513903,0.047335657801837315,0.04011211176988603,0.2377022094516037,0.1425743553194325,0.007665392745698307,3.7829563562374777,20.58529357053916,12.028148494384922,0.01122938577606189,164.75416484659019,48.45175934968483,607.2985909948206,94.0638378271527,0.05249665913318952,0.011992243003501366,0.07243925349794719,0.03474885502239356,0.04141891723335066,0.030704672616441307,0.030704672616441307,0.030704672616441307,0.06049017638994086,34.12332153108047,412.35807864051424,715.0409268661413,0.2781410589000517,0.462179174536295,0.018623401799566106
2025-08-24,0.027966136422131773,0.04706987332024613,0.04111823101780234,0.2450023302356377,0.1457004823281307,0.008243865380034682,3.76403593066979,21.084847442638406,11.870447938179762,0.0116186645773579,143.2471116044731,55.77115939771864,573.0110369375697,102.98406784843793,0.056246685493860304,0.012264373545148989,0.07176871069815409,0.033800655383989894,0.04391471240462177,0.031093399782492762,0.031093399782492762,0.031093399782492762,0.05901191973322349,36.71524758389454,423.72165027135344,821.3135941902079,0.28039750612561465,0.43436687766769566,0.017835534085946122
2025-08-25,0.02704138209329818,0.04584565089780115,0.037945291697719714,0.24374460685533963,0.14103023397311454,0.007870310670512599,3.7298949878324192,22.04263453489203,12.067677657526442,0.011290924039283605,141.2373132511694,65.53948377817461,590.3094071831769,102.96426447612257,0.05237550443998191,0.012152465164335663,0.07381240850737246,0.03403832083047202,0.04047014889877846,0.029974688236582718,0.029974688236582718,0.029974688236582718,0.06239137501168978,36.186350510212925,428.3149365700164,869.7196930229101,0.29228613688645955,0.44657770136574726,0.01754018266615651
2025-08-26,0.029042356889742015,0.045364128127445426,0.04063804996157364,0.23614933996782722,0.14205104634453955,0.007980611292405827,3.845801009730269,21.91258415709695,11.956148616427557,0.011766694270444671,151.73002774502658,63.21938345923021,669.7024265798385,108.97260097134041,0.05415262546123855,0.01213531268278696,0.07681334109284053,0.033322794386961216,0.04109556112647615,0.030621209439450434,0.030621209439450434,0.030621209439450434,0.05892171761055149,39.849408262079045,472.69085100671384,800.4737614540007,0.2722994138841504,0.46570215216934446,0.017379596429796182
2025-08-27,0.02922355989643181,0.04520214697352203,0.03898778973008509,0.2414726188737283,0.1346959243211647,0.007688457237915169,4.215408783065916,21.52441782446987,11.653263797813258,0.011904800255481438,135.38853004356042,74.08043135097977,641.4243168109426,104.33127108682837,0.0576572911024885,0.011508855005560465,0.07152088347814226,0.033486397298775235,0.04085554315423607,0.030404688316144277,0.030404688316144277,0.030404688316144277,0.06181675971255825,41.38664682951235,491.1254472506725,857.8871762489664,0.2694830301783772,0.4577467792152212,0.017692683280596783
2025-08-28,0.029565416527866973,0.04207264644097,0.03946414767565523,0.2279293564063106,0.14173957906152915,0.007973289503448154,4.054986671792147,22.76170769723526,11.918021600854177,0.011727313790437666,150.61653254739306,68.67337927890149,662.6973488076466,96.479718126391,0.05311892420173365,0.011517235522206756,0.06929012404693437,0.033797502429134645,0.04361819640522969,0.031492013585853434,0.031492013585853434,0.031492013585853434,0.06369499572852821,40.5334231088956,474.8261801276367,781.1638433179373,0.26751072071937615,0.4502134008837505,0.018785733602509697
2025-08-29,0.029062003528098415,0.045731247418370036,0.03978879691708504,0.22466154173895153,0.1438301189053342,0.007854950984100684,3.9644270940406314,22.93800630737219,12.358312565901187,0.011775582196746294,142.42554979986326,59.61334378996436,662.6842039520151,94.08779241154008,0.05138419744807301,0.012106964225874256,0.07213749854288797,0.03372359126672535,0.040316985671616706,0.03010519257827347,0.03010519257827347,0.03010519257827347,0.06703849270060389,39.3350007411556,430.42166752838887,787.0794159481751,0.2722209385320632,0.4401784304882033,0.017585157241977265
2025-08-30,0.028527292730467817,0.045191847502852066,0.03889503780834774,0.21575266173953817,0.1387069833642237,0.0076231422585365805,4.008250122157455,21.35874981903211,12.611646661785533,0.011574198859751467,139.2166007101264,61.936862922285144,593.6357325809759,97.57845911931574,0.054169961565963654,0.013129258978756391,0.07494124694401572,0.032534763489050045,0.041139987493369966,0.029625501836660465,0.029625501836660465,0.029625501836660465,0.06288958210106425,37.737822537965265,404.67740188523413,704.8728104406435,0.27172889981556886,0.42612642800506717,0.017737094034056083
2025-08-31,0.028403735973727164,0.04402259632031111,0.038556186473159,0.23595821247166068,0.1447111627093607,0.00752321037006949,3.908917864016625,20.790269035458184,11.980091720431401,0.012020964237958823,150.14960261661798,66.86649863946946,636.8118065214592,92.76062569122072,0.05349855715027021,0.011801664248419157,0.07701653810353767,0.032489346853504054,0.04104902623846916,0.030809930273293706,0.030809930273293706,0.030809930273293706,0.06416684330167181,39.40217351086783,492.16796430919106,735.6918781172062,0.27758776971401794,0.45451065250167927,0.017487113067290592
2025-09-01,0.02723282321634462,0.04388498526261479,0.0389712368027988,0.24700589223934655,0.15105059219844116,0.008011186996283594,4.0813165395532565,22.327179882917008,12.3400990488379,0.011954537297537446,145.12077190721394,64.10254140161686,620.9341087594863,89.17626799376865,0.053417926353623614,0.012429240815580098,0.0773269308745523,0.03347543000415535,0.04112918725153348,0.03082489368781116,0.03082489368781116,0.03082489368781116,0.06334401970890141,36.044293646135046,457.76753749083014,751.4909022880507,0.2887940517653169,0.44702280263736127,0.01815507070336745
2025-09-02,0.027319563791493525,0.04659989560662945,0.03971455442268973,0.2491346042241005,0.1460858127263432,0.008201615740610643,3.930432103813086,21.277497540428126,13.040638725148508,0.01177262331702034,163.56056616479037,63.02394478438324,662.571660187865,101.44022786913233,0.05407839647685754,0.012110042734463092,0.07971414218371699,0.03251016659711449,0.040912144571887174,0.03100487253825074,0.03100487253825074,0.03100487253825074,0.06172843116577624,42.75739014878689,525.8010883685135,811.8235658284748,0.2727910236521094,0.4514869401966485,0.018396581295396813
2025-09-03,0.027071382660683565,0.045600542078108916,0.03842650035320699,0.24190279152930758,0.14127564191675634,0.008376472204293087,4.116303998529692,21.27563481291199,12.36546163537028,0.011630101908232632,155.60158320855476,64.94152360265349,646.7211311842639,102.83505417556714,0.05512603807003044,0.011921243869365473,0.07545494875250475,0.034882033991000386,0.04304606437618151,0.030774825041662155,0.030774825041662155,0.030774825041662155,0.060227656147049446,43.458645907756164,462.23049985593116,779.2448408453914,0.2585231300818169,0.4559935682758271,0.017873523306478675
2025-09-04,0.02864825303596237,0.04700974765100162,0.039181714320101015,0.22318498373977996,0.1420053399591948,0.007999949553433227,3.963218740142864,21.627148174864246,11.838767414493528,0.011822562000279134,173.15327999722868,71.49050428445994,631.2601580307801,89.38306356795536,0.05662774695335932,0.012077000096160424,0.07891535575461438,0.035254854972608586,0.04021696958672506,0.030592446777265043,0.030592446777265043,0.030592446777265043,0.06049916520966892,37.80334087303605,417.0884043346476,695.5330736067056,0.2819901864882688,0.48084313046099575,0.016789000275012463
2025-09-05,0.028680816040659633,0.04773406106982635,0.042002171072920945,0.23977894916865256,0.135916337997272,0.007925962385680682,4.024804513553567,22.635709296879067,11.59475198743184,0.011411606001793539,171.53165588658297,69.46272440465928,586.8439542135881,91.73451340890567,0.0541764229624906,0.012045200889378948,0.07698756801937313,0.036114831285109374,0.03917628455316035,0.030328122426196105,0.030328122426196105,0.030328122426196105,0.05986436704487703,36.80133634047427,484.5565331919106,800.4816327440332,0.2707122897484985,0.4481310172157949,0.019220213387382928
2025-09-06,0.026833643758453166,0.04831842243249328,0.039080958275357916,0.2337201111361816,0.14191953622538356,0.007822284693813705,3.9737832995364,23.557244053059907,11.788558996402182,0.011479124084506225,143.89096136818088,61.71754927283062,680.8997445631398,100.81461614836365,0.05529068221164108,0.012046019364839362,0.07386860493267969,0.0333145551553974,0.04033281772015159,0.031145201018680173,0.031145201018680173,0.031145201018680173,0.06386032770680561,34.908629385587545,386.77709889924427,682.3345639987019,0.2710999993142849,0.43911792455271215,0.01841149308484503
2025-09-07,0.027344184672500674,0.04338581304145238,0.03817215895462537,0.24258073290166884,0.13340041272834224,0.008419536149107738,3.9820164441506885,22.38673264644504,12.309195289945176,0.011141315134240805,156.44085700312937,63.562808572026334,701.8245589888502,105.17237909685623,0.05745281579388116,0.011846222318586386,0.07423819961112771,0.03492121633825477,0.04228469419380978,0.03125597284035493,0.03125597284035493,0.03125597284035493,0.06361236978959803,41.29440736100698,464.3505238726723,768.6773930834429,0.2700805172232047,0.4431758769563136,0.01785638096157561
2025-09-08,0.026475831400723442,0.04508333841802893,0.03939758507953481,0.24226475842569506,0.1305158717345757,0.00802629513430448,4.007978659690242,23.504871610748964,11.494613127054045,0.011855193853222736,156.141379599973,64.93373536078138,843.7469895068721,106.27383488189682,0.059739880555690954,0.012049280310589163,0.07315636418307307,0.03558637757837848,0.04114882836020738,0.03201765536430422,0.03201765536430422,0.03201765536430422,0.06206427504905387,42.95335677589059,481.9536257097225,1008.2728836432533,0.2602364380631577,0.45566725182967416,0.017348574141188726
2025-09-09,0.027339613029320156,0.04388291774081681,0.04063653653519678,0.23008059464574288,0.1370706700003443,0.00790999286474137,4.1809534297726625,22.970934106986206,11.447631650685254,0.011881286658139941,172.37775051583367,66.20916911823349,757.1154533819637,110.32225429120113,0.05876343156579571,0.012585180622718736,0.07543878611191794,0.034242908796281016,0.04195526802774331,0.03103235034952656,0.03103235034952656,0.03103235034952656,0.062067559568466796,45.61321486294088,471.6022254428208,837.5371031589328,0.26512208682835003,0.4367301341243806,0.017922476249878933
2025-09-10,0.02859145893470318,0.04544780611643511,0.03929559321564609,0.23598495187310936,0.14027188180419423,0.00791305575960298,4.327120745835168,23.105925436796156,11.545278476286267,0.011944559117349632,168.11490852831287,65.4403642833379,778.5570531267217,122.09195028769877,0.0549911561542252,0.012104470691217376,0.07320763449316633,0.03443363416733593,0.04281862952192306,0.02970092102118608,0.02970092102118608,0.02970092102118608,0.06046963224366049,43.56376811864868,429.61216287559273,794.7686418676525,0.28254039180111273,0.44312050267284453,0.01809749725296118
2025-09-11,0.027116252255092642,0.045586471386412517,0.03807546149365957,0.2280987254937389,0.13877710688139241,0.00818560522318089,4.228275207683487,21.924964156681394,12.769336889266635,0.011862664045344891,159.88576977945124,71.71045223078585,681.0984357967577,109.87378759186322,0.05919520737204829,0.012523891379095037,0.07709498721041368,0.03476547354133528,0.04373538518519988,0.028867519892347097,0.028867519892347097,0.028867519892347097,0.06220141188755819,37.304855716955934,411.3603882009326,881.6500222519848,0.26971357930161916,0.43735192536480366,0.017193146649355756
2025-09-12,0.02811541657876282,0.04429058446102353,0.04004216644811078,0.22788813913594097,0.13377832313691057,0.007862282899531125,4.127794481859468,20.923401338194093,12.407647651978056,0.011598152460631877,156.1322823923981,70.55690201097146,728.9834364007164,99.71324366352779,0.0583240973105206,0.012847398676998502,0.07475889536914074,0.03504342830041342,0.04352766040050448,0.029998498623418645,0.029998498623418645,0.029998498623418645,0.06277536169333046,41.704902589784155,436.7608739869221,786.6430154256325,0.2740253291439646,0.42747892498797135,0.017148287880297475
2025-09-13,0.028026188836584785,0.04543248991696427,0.03797155716384174,0.22312883825317664,0.14052587796061472,0.00805426776575001,4.041480413074221,21.24751839104789,12.282745339750669,0.012553324564047693,155.75870985233493,59.42025941890957,619.7683417968777,86.75253604440339,0.05573539104281888,0.01244059918248956,0.0740900692413509,0.034042646433518065,0.042656900434910786,0.029037354371859798,0.029037354371859798,0.029037354371859798,0.06502647672544755,37.60348734586863,474.08220319067215,783.9426183777791,0.28453320642710045,0.4416008394728719,0.018479966132664713
2025-09-14,0.027970159170165283,0.04379281472539836,0.039663532826290614,0.24851365259693972,0.13461001736915112,0.007884704126265418,4.029102379389781,21.80021959472727,12.78529673839573,0.01221004752897521,157.85891131238344,68.71706306992128,665.2481490219883,92.03673174845449,0.058918765434341595,0.01148713895967638,0.08047485261268628,0.034928700443228586,0.0429533592167739,0.028833634161407648,0.028833634161407648,0.028833634161407648,0.06167592032383843,41.349577610571394,415.124792222577,835.9994438696602,0.28260398702742934,0.46205400443032146,0.0193595042226589
2025-09-15,0.026617942465043044,0.04457562726472741,0.0392627587986562,0.24192724717219904,0.135589187053501,0.008055715263296072,3.781280595689069,23.417692238310686,12.190395437757402,0.012320763494126015,181.14903324200156,69.15589884935247,690.5135110662923,116.85048464964896,0.05626098573874601,0.01184441523866108,0.07760684136691394,0.035452712828574894,0.043784818831270125,0.030249598665259017,0.030249598665259017,0.030249598665259017,0.06491835103657322,40.120844403513125,528.3976839122363,756.7614674630208,0.27862404674682195,0.4726427012843574,0.017783225208713255
2025-09-16,0.02779339987173509,0.04584830288547514,0.04052582520956055,0.24621723296283124,0.13881375958061418,0.008242625517607126,3.8914463654841063,21.546056863548557,11.743219980366272,0.01214271368751879,162.68261907936508,76.32923164771566,733.6242028632709,116.54229313587471,0.05495894630930603,0.012096697700326644,0.07794035215899325,0.032286216536836054,0.04083895429397699,0.029742223605874217,0.029742223605874217,0.029742223605874217,0.06361422664968543,44.36160820713736,456.430769226738,781.3656754763222,0.2764065941137674,0.47950731489744797,0.018124450039234227
2025-09-17,0.027700410900323286,0.04379359626971833,0.040976332185561265,0.2560820721974694,0.1434012102584284,0.008367879700145379,3.9777690620996307,21.730778774383904,11.964632062300591,0.01236868259637553,156.42851891741995,69.5425130872687,742.0493321776543,102.93966683579386,0.05467840526715714,0.011656375552508194,0.0776177844505188,0.03306543809497083,0.04237868330712225,0.03130966778127556,0.03130966778127556,0.03130966778127556,0.06232417587260788,43.608310800385276,442.2542570164167,867.1641108898124,0.2785577786588722,0.4869677731152615,0.01836089086755261
2025-09-18,0.029025171579660464,0.04444927892536156,0.0404970770361091,0.23211434413803644,0.13910230396447038,0.007959130060246353,4.049183668450983,22.334047493762927,12.154379067303406,0.011901905132476394,156.88914680788127,70.34140377657523,672.7544045389042,102.645898691341,0.05697569029679329,0.011884720563212615,0.07591248562412284,0.033252209394291986,0.04227867595076629,0.031419391134523,0.031419391134523,0.031419391134523,0.062299153483442456,43.29650790929621,431.10520925430416,775.5229274418323,0.2646309705227657,0.44127982945985844,0.017592908341463633
2025-09-19,0.026791855030328722,0.04167351377298994,0.04076062597616699,0.22722501132164788,0.13815807414166414,0.008028163666794118,4.1602907751923235,22.20439909133427,11.530669551803875,0.01246893982365447,149.2429065996659,65.969658728249,677.4426334280079,108.20849648308966,0.052528918778564936,0.012210256928256757,0.07488490231922403,0.034478444858437526,0.04074860019909825,0.031136051304034826,0.031136051304034826,0.031136051304034826,0.06459736402904995,40.222989923963915,457.27669245494525,717.8626428945124,0.2732102267705243,0.4464442754802225,0.01798758185576667
2025-09-20,0.027368699923064312,0.04203029712871092,0.041243601021464,0.23691250509536022,0.14016360211796244,0.008468772267679453,3.9975579029699917,23.278406396305797,12.146204094701046,0.011826123097965529,149.6328334752704,54.397275149981596,670.0145058236676,92.0410929439849,0.052660621720848545,0.012117205926434275,0.07479348021761102,0.036203917199998555,0.04038007246366183,0.02988574519176937,0.02988574519176937,0.02988574519176937,0.06219850617885053,43.57163884463715,449.06793353392914,717.3870705772986,0.2677192319489561,0.46324674534089244,0.018652159845857063
2025-09-21,0.028071862531606203,0.045894374788788155,0.03823979813840241,0.24488464744988012,0.14065924862276957,0.00781367508351544,4.079123979795894,21.61104017251857,12.583150337856985,0.01209271061014744,163.18811783348383,58.46409746490843,591.4637014604741,103.36272096831372,0.05423735363842315,0.011952871363182337,0.0740293238276772,0.03597117229304794,0.04127431184530989,0.031834624996732196,0.031834624996732196,0.031834624996732196,0.06554272160482191,42.00111345662,505.2940390619032,759.3562052050889,0.28198050190382135,0.44705879698310586,0.01816669522307357
2025-09-22,0.02925450606486862,0.04560695158777479,0.038981648688970215,0.24024585169291887,0.133756706090831,0.008339780997707505,4.087947318852872,22.04581148711531,11.505128599777255,0.011547916113115392,164.80853452349794,65.50042493316651,681.2114659208866,114.92958175104776,0.050798846469124616,0.01202069825316475,0.07949488016657844,0.03420866687426826,0.0400081897458615,0.030704310695864982,0.030704310695864982,0.030704310695864982,0.06208438667645228,41.28927541334855,518.8320880248826,877.7335423896369,0.280835557735736,0.426793541001628,0.01825031943347897
2025-09-23,0.028291797304156836,0.046555626822866805,0.03988178379121612,0.2485376164206651,0.13385928720648202,0.008087204991009993,3.974488894212317,21.961445619104328,12.025162963417252,0.011603175273935212,176.3445367644595,69.13964164804256,651.890608889285,118.78909056061875,0.052872732835168156,0.011685025170657094,0.07038802292691836,0.03396837804746334,0.039943156651645044,0.032663186170496024,0.032663186170496024,0.032663186170496024,0.06238687557978465,41.58357975093424,492.0969335685099,824.713846270279,0.277282474094833,0.44403327848204915,0.018422326694223584
2025-09-24,0.02696491436562147,0.04275647455302444,0.03968088352634068,0.24151850094392327,0.14376378664908476,0.008275288638785757,4.049688943504858,22.134004290186517,12.196560270413588,0.011195092621663676,197.59940792987823,66.88205223625326,663.2545316415388,129.01204568784257,0.05425670066386375,0.01189136590232055,0.07528019931313627,0.03375047917992671,0.03913953275447182,0.03048360360559888,0.03048360360559888,0.03048360360559888,0.06318103297570135,39.21903571489713,446.6763041006767,775.2906526376951,0.26981469847963274,0.443785167247099,0.018015005518647178
2025-09-25,0.02672351969021608,0.04187660082658384,0.04111172691999391,0.23602328864257932,0.14120676456578893,0.008212361998046933,3.832418724260492,22.35692734498906,11.728845590863006,0.011930689855491181,185.0632719725437,65.14117598359603,627.4097065856822,111.52596498805062,0.051422394749069254,0.012842569003209452,0.07582494170824641,0.035490989484051313,0.04085987315365176,0.02921946542713685,0.02921946542713685,0.02921946542713685,0.05963065291997701,42.380351801905974,499.5340447945576,860.274461420604,0.27474573237116345,0.4514482463210161,0.018095557804710782
2025-09-26,0.027200577548118582,0.045200361460091945,0.04210373066453242,0.24754232822604516,0.13867359797880524,0.007983413140680315,3.8824085922863296,22.17381107341151,12.376808069316397,0.012195007786392984,163.05623399389088,60.97394364863951,648.0463494688399,108.07454292911481,0.054590188896225286,0.012580512998413755,0.07171032837570816,0.03399044756523732,0.04330684956192021,0.029671498863042028,0.029671498863042028,0.029671498863042028,0.06306707461061507,42.99482294434218,548.469354592315,749.1335099314808,0.2755550084856808,0.4577726711842174,0.017957407203179225
2025-09-27,0.02784664459244012,0.04235954812018835,0.03889472296674604,0.2520195400218779,0.13211027101397996,0.007981238163645073,3.955738667953995,20.255666271046397,12.002377849455506,0.011974457216474613,146.73315193763102,62.22539275536304,616.3692210114434,114.92026987395194,0.05807973351325009,0.011909088969191904,0.07539941330241255,0.03320050561301637,0.04375782674954617,0.03048915019425071,0.03048915019425071,0.03048915019425071,0.06383137358895534,43.05902949581593,543.7907067657692,838.2551418047639,0.2655114551194919,0.46146569615374183,0.018037215835089937
2025-09-28,0.02686650948379269,0.044415762439717274,0.04072657085631808,0.24175618238042335,0.14753915849712876,0.008163875856355328,3.855012221371408,21.554394369279358,12.275912788375583,0.012202999705046326,150.75163520555148,67.10986978839664,607.020048201299,109.14891803787448,0.05927463887619681,0.011711489620835121,0.07433438822464528,0.03388531658453107,0.04150632030510645,0.03053618998205632,0.03053618998205632,0.03053618998205632,0.06064828945478087,42.41254812002507,524.9274028382596,911.4649251463574,0.2617052711054828,0.4522255301649824,0.017948777350098734
2025-09-29,0.028314689321130983,0.04749965687983574,0.03961242752922236,0.24376671131883007,0.1402008515103264,0.008037493215364842,3.955005499727838,22.28418095212702,12.600968368850806,0.012459357525075355,145.19880665765538,70.0423635878798,693.2833839437991,117.33712473239872,0.05807237471832279,0.011217970692272169,0.07604293094962249,0.03546006159910911,0.039828367639323355,0.02945662767455035,0.02945662767455035,0.02945662767455035,0.06386594034561184,48.35861229555105,530.9874556259924,869.1820083066094,0.26241840992130533,0.44823726164806615,0.017869404802047496
2025-09-30,0.02842349077870367,0.0456174295103623,0.03881826173989213,0.2396013209944794,0.13903383928785526,0.008529392053804355,4.0883380419000614,22.12371909285429,13.140898542424157,0.012787723574564185,176.59576950742778,69.07384375781923,731.9381445084761,126.97940929193463,0.054104661789613394,0.012029374462699093,0.07617083751894292,0.0337557780691231,0.0399988221927853,0.029919395504999967,0.029919395504999967,0.029919395504999967,0.06184801096754202,42.10914721119126,498.5131949953944,879.9560325028207,0.27627046630791674,0.4421558442866255,0.017126510673169337
2025-10-01,0.02811626568931242,0.044094997424743945,0.03962340440689042,0.24005307304940082,0.1331182578741991,0.008054544117135425,3.9957346726932994,22.539696267093987,12.843199185073386,0.012478106656519503,189.23808443850857,70.33388293098638,675.7102661034347,123.57735105224947,0.05673960352721472,0.012276890052233187,0.07611611674021063,0.03372497725756753,0.042259888489312364,0.030253800980759544,0.030253800980759544,0.030253800980759544,0.0651824224418337,44.74297488313979,508.74319609908264,915.3880010385457,0.27175546180219146,0.4361853587002926,0.017838577753276276
2025-10-02,0.028720140920756025,0.04619056889126605,0.03767200405126236,0.2424585834649498,0.14400625420391758,0.008377400263327898,3.979543337733023,21.13725397511851,12.345849678150099,0.011479330607402631,188.0011806499782,68.21254685456972,726.9751981088383,121.82461830459593,0.055080376785149286,0.011809370397054363,0.07240297973423758,0.033153799933436874,0.041708645069895973,0.03038185868891952,0.03038185868891952,0.03038185868891952,0.06403587860281376,41.743640998232685,493.92719781408056,948.7855032751038,0.2684689344079404,0.4460670538713691,0.018580996912333083
2025-10-03,0.02793439169783746,0.04818185946519671,0.03804117751173811,0.24555561371811255,0.1392781817207974,0.008598257123529738,3.963810076874496,21.381996444754673,11.91128233312899,0.011764674400870229,156.51861784244062,69.17135665733777,763.3640410924456,118.61220749104966,0.055152880031130495,0.012165414547433253,0.07595959630638759,0.03337068109750701,0.043082152194926476,0.030725877258978473,0.030725877258978473,0.030725877258978473,0.061312841648060466,40.524279823056986,502.08318402309334,831.4824389546121,0.2633214107762571,0.4385762996596847,0.018707120261465978
2025-10-04,0.029046996384490185,0.04758109959983524,0.03996051414499659,0.24556036480366472,0.1395071479657916,0.008564869269423531,3.788027688741413,20.988970600644624,12.079136686608638,0.011699740079282627,142.4272225126599,68.95723087033589,739.3197797520698,125.2237115109182,0.05381389536223661,0.012339387990554193,0.07784368622839198,0.03584995097820009,0.0427020237989266,0.03037376831204317,0.03037376831204317,0.03037376831204317,0.06152614904371486,39.51024985217565,482.8221351052637,761.7078543876116,0.2621686091013202,0.42351264114476095,0.018311966696998593
2025-10-05,0.028881303342110136,0.04516387600193378,0.042582726834885114,0.24061391844325872,0.14021468691971273,0.007938449131665843,4.174030552279326,21.390289703645372,11.664602163976877,0.012019559206407382,147.18756558654945,71.22139625343117,727.0150834514309,118.15409171169247,0.05836404521715002,0.012367242392810063,0.07592268373500925,0.03550702773734645,0.04168636915215346,0.031214120316555363,0.031214120316555363,0.031214120316555363,0.06080996332594617,43.93189123867663,466.16911564212126,776.3145825623166,0.27513530873108705,0.4700676880705703,0.01869841908766507
2025-10-06,0.028661349318968025,0.04742814291011586,0.03971855214508455,0.24815824343347032,0.1424633465482354,0.008193376602724884,4.21361156010506,22.313462726364463,11.6324479175272,0.012154811296305093,152.3743697390814,74.30970195167384,788.1375064765516,125.77210597999716,0.05460098529649852,0.011798273579360231,0.07547453545791834,0.033377762313823556,0.04198986768051069,0.03003188740734465,0.03003188740734465,0.03003188740734465,0.06567813683407331,44.62727215216409,474.0132071748207,804.9622547343369,0.27919764218481957,0.46893129839870096,0.01905846047391763
2025-10-07,0.029079091695524414,0.044129513910112654,0.03752642480181362,0.23142141889740164,0.1391797874139362,0.00809923351099431,3.847613699727946,20.45324434398978,11.260743181648806,0.01269766406030637,189.05243324671895,69.89463678386156,803.65739331578,120.77269159809018,0.05701741574700191,0.012036770134829282,0.07605012127988815,0.03292854014930284,0.04218829019301805,0.029615485938976675,0.029615485938976675,0.029615485938976675,0.06179276374772536,44.52152729890669,514.9341181925021,867.908565148558,0.26813538412231036,0.4628297152317871,0.018228228425673787
2025-10-08,0.02750506529340518,0.04337133477567265,0.037370865226047274,0.2406842435358898,0.1373331257065278,0.007834376993315375,4.032262670825593,22.0926387933269,11.9647129858129,0.01288213212333033,178.23207226445763,73.52238335807893,815.02112268729,111.62319584692439,0.05346857452336998,0.012347402429384622,0.07598655843416882,0.03320915161706607,0.0405642983923052,0.02862323802710513,0.02862323802710513,0.02862323802710513,0.06415437069839514,41.57338532970545,497.88652523307246,959.6719226332946,0.2609685286460629,0.4527610646075739,0.01817031325352321
2025-10-09,0.02709827593103971,0.0430588127099412,0.038188360000546234,0.24096807846591398,0.14443638284051813,0.008105785082224272,4.090898233070086,20.914141128302198,11.693555480095213,0.011579557877782358,159.5356660943027,72.97741741386726,633.4754109393535,105.89620265493511,0.054105002819577745,0.011817680304213308,0.07412201022377812,0.032331124705551,0.041542710344670546,0.030942167942484274,0.030942167942484274,0.030942167942484274,0.06343688618873668,42.42605370645257,504.8624819415892,954.1059639612162,0.26937895317470056,0.45805869691441203,0.018026861381478833
2025-10-10,0.027678352494020935,0.04290993311349687,0.03956030186126595,0.223381722718548,0.14143566164874793,0.008229378221873104,4.032576699363116,22.209809406221144,11.690892503580649,0.011891509010531624,188.38723963599853,78.6537570858042,626.6012277258453,116.79680679875246,0.05572808455953414,0.012130646652905974,0.07580130927950272,0.03419900459015812,0.042283818994716255,0.03112312342225499,0.03112312342225499,0.03112312342225499,0.06269905553916716,45.10287593284811,550.3392190891499,944.717539541539,0.2652487997841886,0.44291140532896994,0.01820933432381307
2025-10-11,0.029117343344605563,0.041622275073718226,0.039208822702600156,0.22990444816799685,0.1302431320955822,0.008664751483703735,4.023557680649042,22.358377530143503,12.227650102033257,0.012162733755881568,168.65066651244783,65.04762228261988,704.6041936344607,119.98485228148007,0.05485974792545229,0.01204755386612797,0.07451521547841908,0.032818439302768905,0.04362995232374173,0.031563719797074716,0.031563719797074716,0.031563719797074716,0.062468400955861064,41.71883701427888,484.52037394916135,751.9762265491644,0.27253766905103405,0.4218427617193253,0.017871132499343415
2025-10-12,0.028951369288300298,0.046109621830912315,0.041865929240249206,0.23215539425238244,0.13367403462847724,0.008592807981669304,4.0819434728386454,21.84248712081982,12.246373172032888,0.011953366578972169,169.81256147951845,61.983659375054415,658.3803392099609,118.56178392186126,0.05280721020403526,0.011921228663898773,0.07501362375243951,0.03369222789914449,0.043760475607825235,0.030373685478030456,0.030373685478030456,0.030373685478030456,0.06512801317890844,36.91741944593805,492.07514676626795,796.2254985497598,0.28838850780961023,0.46207384198057605,0.01857409071237434
2025-10-13,0.02881807555822373,0.04365713652965271,0.040178686816967284,0.24096791787596175,0.1407715097539639,0.008076439129375083,3.8711946573868397,21.161571447130797,12.226310388691276,0.011994685549090056,166.84358496244278,61.969972407201624,671.6890246247883,122.55110441408108,0.05461485289049828,0.011963076542197517,0.07205263627898101,0.034362455669521126,0.04259692142056201,0.02881530059662053,0.02881530059662053,0.02881530059662053,0.06202991143421065,35.62435481173855,489.42724390400525,787.2315889387991,0.2940719097402466,0.46468305631653684,0.018248986649468914
2025-10-14,0.02716366909093406,0.04568403758688863,0.03976555611349216,0.23934607070413533,0.1371252897481852,0.00802656610489716,3.9246749329015813,22.072655466915506,12.263682025940128,0.011540075952204727,190.58416383982257,70.66276667619455,683.5678319190745,132.65968518855863,0.05628320147795466,0.011520362161580285,0.07479481176020612,0.034676856289407476,0.04168462778989452,0.02998865973289576,0.02998865973289576,0.02998865973289576,0.06054523655991371,39.30625818236483,551.7427079608741,1008.9252032077621,0.2857617914561721,0.4647851375458985,0.017646026288154194
2025-10-15,0.02765127434743227,0.04549326911103974,0.03968071899289189,0.2426225932435175,0.14331044866994888,0.008185863101706528,3.799420421422419,22.877615370433265,11.430018908855047,0.011550167322335811,183.90788413444474,69.44964346654982,678.744891134532,109.32168559852155,0.05711893810146263,0.011262632805981871,0.07237695720403108,0.03220135849324383,0.041615483454226804,0.029678935484278184,0.029678935484278184,0.029678935484278184,0.061373393897524005,48.28864463050767,542.5195122324931,884.0594750290891,0.2756655636057593,0.4361174848564419,0.018219148304794548
2025-10-16,0.027732482530280888,0.043985628072345975,0.04015290061822048,0.23258121287286843,0.14324762753514084,0.007656628411828721,3.7950043699521485,22.585187975217895,11.950594514633652,0.011980146227044785,185.59978175177443,76.65824782911073,710.4562220914264,123.25611168853344,0.05058417690610606,0.01195817130393683,0.07859836109529031,0.03318680740385704,0.04189431776823683,0.029325627990371902,0.029325627990371902,0.029325627990371902,0.06581933284127708,46.177044087335766,527.8309675252708,925.6399576297159,0.27628182753590014,0.41415864155753224,0.017438400641875445
2025-10-17,0.028928026093172677,0.04491274749222615,0.03966824841043566,0.23111778544523273,0.13846009547238644,0.008041895454754998,3.813911402175682,21.184940731332517,11.946282212269969,0.011757893897344801,173.20436989061142,72.14036163358399,753.1418743792365,111.502048994386,0.05100124045004391,0.012117664809294286,0.0802563786285747,0.03379944784519079,0.04052631251115029,0.031181602736952224,0.031181602736952224,0.031181602736952224,0.06147042292113035,43.07520795083619,476.7704621637526,892.4024591905692,0.28378507695617416,0.42086900302184804,0.018371618903062735
2025-10-18,0.028032431346840175,0.04545148029210466,0.03952416751066644,0.2502730908277071,0.13008257489485692,0.007836455107919268,4.2285314464310835,21.748674278257248,11.823330602583853,0.01201165924950856,151.80935369211178,65.03451169315795,744.0217037448485,108.64580969410021,0.053167496002808165,0.012240034907174117,0.07539672480375939,0.03208251724540439,0.04059545823632917,0.031092604001669646,0.031092604001669646,0.031092604001669646,0.061649939633152386,44.25106791082462,419.9012777693968,848.9961187489556,0.27277185241145874,0.4455215278986953,0.0179881358741181
2025-10-19,0.02858926406852988,0.045975365205383874,0.040220825028062235,0.24662820220422582,0.1332664682427731,0.008238024735395286,4.020372441335007,21.902545925378227,12.426710547463834,0.012047529339906915,166.6532946126837,63.55648391058057,731.2113288035359,115.07350161543823,0.05564650641470437,0.012606678605455935,0.07503044977208402,0.035607673644811995,0.04325135824092305,0.030641990015443047,0.030641990015443047,0.030641990015443047,0.06205522309546967,40.44515260918784,444.10967931498055,946.315916094765,0.27116912342510435,0.4278985945385546,0.018129493621997016
2025-10-20,0.030685936029224994,0.04326843265110716,0.041033908877694966,0.22153025033055102,0.13040106062224022,0.008706512742555605,3.81259154776157,23.511086468479615,11.707226583125529,0.012338689517202453,174.55981423688647,73.77174180330829,675.1532948710146,124.79594664856941,0.055894492210386296,0.011442490435669164,0.07523251964242772,0.035905837673045754,0.03973942650428346,0.030722520672402814,0.030722520672402814,0.030722520672402814,0.06092931915806801,45.220511402029715,511.0724623311124,939.9332902089337,0.2678523124104525,0.44387649704096277,0.018358128026246267
2025-10-21,0.029242396729949237,0.04392215073452267,0.04090257323738572,0.23208974186157136,0.135613798015103,0.00798614547565334,3.6906315735733797,22.61044715560788,11.526869568120258,0.012083693324184833,149.33791684654702,73.94051106753226,791.9694908783853,143.9666643357554,0.0566314266218579,0.011886527941747991,0.07653298296941986,0.033435212848057144,0.04029846764685952,0.029061279239654007,0.029061279239654007,0.029061279239654007,0.06385877883383002,48.48755390380075,522.6337215456755,878.7787461192438,0.27506830535802684,0.4218978464356112,0.01798502239106323
2025-10-22,0.02851051765559491,0.045091916184159,0.04000096112036857,0.2453022036388205,0.1469915608120603,0.008022685412890222,3.8838745021265746,21.628607007464275,11.935131325182434,0.01202103702530656,168.56746469436803,72.13775914680187,779.4088686351549,129.71531886039202,0.05432554390539502,0.011264606108215414,0.07696473488223848,0.03388552529858527,0.04202936411617793,0.02844761419918282,0.02844761419918282,0.02844761419918282,0.059819693958655974,43.506107095159024,502.27497241453256,1018.2359882862916,0.2698657200725791,0.4594871184822875,0.018113716969196333
2025-10-23,0.027580802877710225,0.045516825853872976,0.038936050279003875,0.2514180013147908,0.137526265994523,0.007651775474714132,4.0558951078517556,22.18519403164324,11.55424308664072,0.013030080920599632,157.43279873361166,72.57626197803249,756.2384782095901,119.51125850925096,0.05370351275949894,0.011712182003403276,0.07653474273572551,0.0342710561930939,0.042291475739246895,0.029345085936707132,0.029345085936707132,0.029345085936707132,0.061681067844540784,41.035834026409944,467.80020831757827,955.8047344131883,0.2641692399059175,0.45591776177318216,0.017343570616043812
2025-10-24,0.028747876074775504,0.04234034351268551,0.03968473559892518,0.2527088207632553,0.14943810384619716,0.008870695916701818,4.144000195518559,21.69616726125163,11.603353213374538,0.011857970911713622,160.14599211720855,70.72575353998975,741.8279330903691,118.84707629426163,0.056708559694040254,0.011611057109748028,0.07559012247283631,0.03491880696111027,0.04401526117287106,0.03066644642495929,0.03066644642495929,0.03066644642495929,0.06096788546921343,45.2091411470592,500.55839670828595,917.3996536740525,0.2768867597974484,0.4309907559565193,0.017609370075158146
2025-10-25,0.029036010033189855,0.0445736752834928,0.039639787721441215,0.2477853858517448,0.13935554049491566,0.008277204718233388,4.052816401564829,20.285999352599422,11.431764351877423,0.011987487605064462,153.57382158319066,67.47089679151503,672.7155540388654,122.98976228818498,0.056826586299338254,0.012083062154852652,0.07191649568157481,0.03588169495593743,0.04341082885483741,0.029059076544857707,0.029059076544857707,0.029059076544857707,0.061389751365748105,44.82349549101494,512.2257156701353,911.5488229847576,0.2814868428904857,0.4602284859295431,0.01797514810125091
2025-10-26,0.028402239436056704,0.04498441685615304,0.04054535334273483,0.24606328119506518,0.14547574016574677,0.008080802122077714,4.066830036097597,20.268957580146015,12.195644019577689,0.01267639445051337,147.7324446192838,69.70498745862605,719.3312645254422,116.5497921696033,0.054976329275701404,0.012425749330047926,0.07598582957322529,0.033446983200962364,0.043172419330569964,0.030948066372604985,0.030948066372604985,0.030948066372604985,0.06305486318460063,43.01684907286708,503.46756867585833,971.4880462008497,0.2852496917277573,0.44980895850616004,0.018567021545449935
2025-10-27,0.0283892086984778,0.046391672964128,0.039750698211000225,0.23665488109054053,0.14218843975569748,0.008181702031619782,4.263324204549903,23.70440451325969,12.506720693123807,0.012156457017885241,149.48946785517012,75.23016853184652,690.008584611446,122.35282873760758,0.05258897901186205,0.012513809386616876,0.0750286323586909,0.033461473971948076,0.04164709403654472,0.030547677378775135,0.030547677378775135,0.030547677378775135,0.060021934360525914,46.0998782600389,561.2323663698104,988.061016925825,0.2908727653227253,0.4314738557714982,0.018061255112331493
2025-10-28,0.027827571123712536,0.045259395207512425,0.03771900820431489,0.2570555388994203,0.1375391164754638,0.007824564020682611,3.868159013474459,22.765125831944612,12.099797531433364,0.01097974324001982,163.692265859123,75.57175590995045,849.871463040736,128.8708849112504,0.054536757366039725,0.013365920958967752,0.0718994070134428,0.03353810928339625,0.04227842967444242,0.03108499666747217,0.03108499666747217,0.03108499666747217,0.06398187732952486,41.29229491683687,583.4654039997203,855.4535675378742,0.2812176227432444,0.4351473427962202,0.017927066516905413
2025-10-29,0.030160502608019082,0.046498594346767605,0.037902332795840384,0.2618685726270906,0.13467575372167906,0.00809096699794356,4.094105699519402,21.236509648020956,12.2707905867119,0.012126677438967967,169.51926532299348,75.36640762738124,867.9855808044628,111.69258634998685,0.05658271148215875,0.012939825207130632,0.07658652950762851,0.03415523319594638,0.04038183090230429,0.030306863600423253,0.030306863600423253,0.030306863600423253,0.06021578842892739,37.69032563504904,529.3296046399721,888.9252627112044,0.2907372044000842,0.44472871657164814,0.01813924525082618
2025-10-30,0.029629049430698,0.04511321728220637,0.040661518560535105,0.23675435543536236,0.13972370690897423,0.00776351307396363,4.065586561346762,22.434139652918372,12.44068011832166,0.011799868828592514,191.27924748291957,74.75056758071565,740.1943832013919,126.25776147463714,0.056016301657947735,0.012636398224778304,0.07487462745199358,0.03309007422764439,0.04263120854255774,0.030476154710634237,0.030476154710634237,0.030476154710634237,0.061632687472155445,38.49687040415772,497.1677732241219,1008.1410802996326,0.28354583272497186,0.4508698843285181,0.01833700556681798
2025-10-31,0.02833717193742486,0.04340430825141196,0.03998818665142731,0.24240244328196783,0.1474596801366191,0.008030503310372054,3.8827331144189294,21.95693951848105,11.976530045132018,0.01241562250882167,171.76820173822216,66.91847882916021,744.9978917202347,125.02438688452523,0.057005196972752505,0.01177582796645264,0.07470335091074255,0.032703485502886834,0.043127908581770145,0.02911265629118118,0.02911265629118118,0.02911265629118118,0.06387367290775876,42.58206420739406,492.5477919945957,928.13133405472,0.28303619661147084,0.46430950699649004,0.01781648464765451
2025-11-01,0.028497278839988226,0.04393303534264442,0.03980267509725254,0.24353234554777653,0.138426838806618,0.007850413360101192,3.9615785996023947,22.1297106002561,12.130460822604487,0.011264976562964707,153.64430300286506,61.26434142850145,748.9648146863881,110.7689663264169,0.058487797698878775,0.01267422934477837,0.07256692925054133,0.03482973709207059,0.04262142523355393,0.02990842289235701,0.02990842289235701,0.02990842289235701,0.0664766666726596,43.04461267795331,428.464487650018,914.803122752303,0.2703618428190416,0.4358505088050985,0.017991396078594526
2025-11-02,0.028520041827641007,0.04576156208551499,0.040299344759386624,0.25436157051024705,0.13529454937142593,0.008022442566702138,3.7473934529965702,21.53671575187531,12.269210653997906,0.01133900463486214,156.842330115504,65.22007711624323,649.1179836122501,119.5535459147144,0.0578452515412272,0.012744064627545255,0.07288262615354868,0.034654189124264545,0.04136647280700386,0.02990019508259055,0.02990019508259055,0.02990019508259055,0.0641012864523317,39.85808425746903,447.73194248621724,900.1510848835512,0.2736904489023703,0.43562279610857413,0.018727561476889604
2025-11-03,0.02940949718210343,0.04425198048276761,0.04182454592947193,0.2451970162058801,0.13999866773026018,0.008255855192717564,3.8001014198484167,21.363877581399237,12.129145772594864,0.01186059620245611,166.96746206565138,72.0514659290856,776.4319927979633,136.77991654139214,0.055203357680290464,0.012116527820199242,0.07941671838502438,0.03241150058578762,0.04228825332464605,0.03149129461739957,0.03149129461739957,0.03149129461739957,0.06163085744719756,46.697145151498155,527.3476729972808,1003.6172663162549,0.2786389057836729,0.42678566824593095,0.018192354738938057
2025-11-04,0.030828015184252527,0.0441254441729747,0.04043761884582325,0.2404452994484046,0.14224076092098512,0.008270655243837651,3.906246087064355,22.595108471017873,11.876417054696407,0.011508804950887675,169.0808937770293,78.00022055041809,790.2848105571958,143.3914371869785,0.05452783708667143,0.01186293983493241,0.07649505687345617,0.03195176570400319,0.04455084143489898,0.03271504656025307,0.03271504656025307,0.03271504656025307,0.06152176270672939,48.245619564417126,561.4366158435321,985.2042453529488,0.2667750530911588,0.45555798145903187,0.01831877766840683
2025-11-05,0.02835456462209676,0.04576918714582637,0.03952599271207028,0.23382630396010637,0.1330809312624536,0.00796950016849186,3.8227920805558333,22.758811195220062,11.578754712915112,0.011663620728924406,167.98505671738056,75.83736786007381,708.3895493734058,122.6375432471916,0.05607055426600122,0.011640473159198693,0.07553419684238018,0.03399892287416218,0.043396231689286156,0.03135765281857911,0.03135765281857911,0.03135765281857911,0.06528152114788709,42.41909476639473,556.5802765102383,1019.1390416311447,0.2716191764636807,0.43548409838870394,0.018070218666583572
2025-11-06,0.028408809961369772,0.044549192927818115,0.041437766315745236,0.23868981530711278,0.14169209296358792,0.007842503168369184,3.997577410179564,22.5805422950085,11.018474605009756,0.012263113014018511,182.02653001171734,81.30876325842816,715.2349720650333,108.23690481196206,0.05307470241533774,0.012356075148362787,0.07887757981715554,0.033341719362719895,0.0433503194317053,0.031079790183961703,0.031079790183961703,0.031079790183961703,0.06350338723189898,43.99147992875548,550.2613969019433,829.7900054701856,0.28817471306605436,0.449853367733747,0.01785354891155623
2025-11-07,0.029077374000948557,0.044491499719643245,0.04149302343855828,0.2463067924947738,0.14496492901292893,0.00816438629220523,3.9928777007098857,22.354899308731316,11.768764557391787,0.011261746737826919,177.4696067160897,78.43398629153575,708.5400802686227,106.85361383833036,0.05525656345869159,0.012497449258423844,0.0764198388944658,0.03317845776843853,0.043421003734254705,0.03039424549319806,0.03039424549319806,0.03039424549319806,0.06252201894329906,46.30566413977326,563.5020769345715,929.8711075247957,0.28095230742699756,0.45078301215604594,0.018451617015200976
2025-11-08,0.028480868080372798,0.04546746373803084,0.041455821416215635,0.23206932588480755,0.1478917140332624,0.007973822383932168,4.03043015833197,22.038176022329075,11.123795925634084,0.011608343144771925,164.34203166735995,77.25247344980477,771.0093745955191,114.03090100590711,0.05024867410675424,0.011922031174587313,0.07968480427913154,0.033315017810493085,0.04180603641945914,0.030301837948317006,0.030301837948317006,0.030301837948317006,0.061806241994009026,42.13727419268952,504.90103058171917,922.3692704172101,0.27795472131133975,0.4512968306402033,0.01798330431804057
2025-11-09,0.027417755268971233,0.0454041164216389,0.04099178345640283,0.23406644730227524,0.14492252950937007,0.008147916884448618,4.028660815290281,22.18746245087893,11.009123802076674,0.01091097405754988,162.36859812390853,75.38155355005698,776.6313219882045,123.85815152878128,0.054884330195340135,0.012165762063967377,0.07733131295480915,0.034980405505209325,0.04327874153339139,0.030153637882044393,0.030153637882044393,0.030153637882044393,0.05988766588365932,48.58314331104309,499.28113448737156,927.0211897023624,0.2798920143304635,0.4375639992774431,0.016976993447031824
2025-11-10,0.026405388312783846,0.04511899293364303,0.040833893126726695,0.22905950241888914,0.14425750494290016,0.008157770970247651,4.069784312722405,20.683515901489365,11.797658026905186,0.011206960566057722,168.03389204932552,76.2911230502868,819.7967113193124,127.74412125313845,0.0573939311647912,0.012691843020968355,0.07904124239453793,0.032973942704429875,0.04097834186371372,0.030679090444076046,0.030679090444076046,0.030679090444076046,0.06248393232217079,46.23005660945706,557.7259678286295,875.300269156709,0.2649458529421205,0.4492061424886447,0.019070167349806547
2025-11-11,0.027759244493102037,0.04522307039829351,0.04156289075333944,0.22795052237372962,0.13671074866678581,0.0077182746728121174,4.008278749015493,21.516678342521512,11.184081475342506,0.011460686375050018,157.6098172957637,72.18266020122654,746.6939620206183,107.2974710788744,0.055845770333239016,0.012934520609654868,0.0762269919973875,0.032317076130945054,0.04331093338858548,0.03040614103212757,0.03040614103212757,0.03040614103212757,0.06137698036719361,42.91452284820327,533.3758521428662,776.2191177393028,0.26723857389116457,0.45225556224249897,0.018625427421184934
2025-11-12,0.027386834774808414,0.0451378474751909,0.03803768947261934,0.23275601272622862,0.1370088438515557,0.007830485082926854,3.931161205704533,21.674434368795882,11.56290959253629,0.012043155426351575,162.29014571915963,77.77861991032104,870.8245278931814,126.92203222417965,0.05665832606912715,0.012392756884587157,0.07312725039213623,0.034798609658794055,0.04182621558285772,0.030621545893890736,0.030621545893890736,0.030621545893890736,0.06109354321304913,48.33737231233364,539.1591048885421,871.7405988425786,0.27169444449956864,0.4394648961144395,0.01731195248269807
2025-11-13,0.02874561668554222,0.04687032117659193,0.040558671081342076,0.23395670577548536,0.14162950436777125,0.008092108666553407,4.090235703164962,22.110469455333725,11.61775452497501,0.012279644336939217,167.26520488494765,86.33150650263057,740.2852791700237,127.68722733198096,0.05671310508854926,0.011395939062029983,0.0735858344405857,0.03481028059990065,0.04147368076756318,0.029997853222064108,0.029997853222064108,0.029997853222064108,0.06547291664924997,45.14532289901537,514.3049227114404,891.4306535906757,0.2629485681670054,0.42943515753351186,0.01797977804425975
2025-11-14,0.028600431226002507,0.045688679066429184,0.041902774575409314,0.23112578149959226,0.1434347087716463,0.008446148968228387,4.210658940856019,21.28639284236934,12.007139093401506,0.011915197669606862,177.58953512206574,77.508475387916,798.9299573707144,119.9898524213889,0.05471216810437881,0.01192446849142768,0.06885869337165725,0.03417784559712913,0.04301238838216522,0.029528287494071305,0.029528287494071305,0.029528287494071305,0.06513287099138668,47.30698777244473,499.535829908486,881.35174220066,0.28746399718875615,0.44924550666562735,0.017949756152160365
2025-11-15,0.028277851952959485,0.0455309575711466,0.04123729541072422,0.2423562099419231,0.14636530757084662,0.008071660731095076,3.783890948584627,20.916945183589988,11.096274467621678,0.011709041510419644,181.78689924415355,70.88354736106112,684.6850578178195,107.19949248305988,0.05558838694990319,0.011677607200672088,0.07339569323251315,0.034155041373489105,0.042091241947670145,0.030949222432190726,0.030949222432190726,0.030949222432190726,0.06604114994119065,45.14101871229695,513.9756146406785,909.4544479809643,0.27195468878849155,0.453712377358093,0.017351177586083275
2025-11-16,0.027870629514782776,0.04419753601753273,0.040780076966455206,0.23680653823699185,0.14552808521985158,0.007493619889423056,3.9866507343818256,20.022412953610456,12.098403414600561,0.011985905543104877,205.0260310847511,73.07124848796941,696.916793788199,120.30767166271673,0.05288317864794488,0.012490416199823166,0.07261649644618028,0.03437403592488566,0.043698971189928,0.029115103898196427,0.029115103898196427,0.029115103898196427,0.06270585577771925,45.46902965727531,472.56735638748586,903.8287343757657,0.26347440252815674,0.4853344175918506,0.018730326539047746
2025-11-17,0.027315449964131114,0.04432761004969104,0.03875671323631133,0.23193956698119603,0.14872865131008137,0.00785430757437474,4.169820899190186,20.543086577628845,12.105441407812334,0.011860785907408944,184.89559709218207,76.90437717464614,817.2623350233613,115.57573428716296,0.055082854986983704,0.012463073271382418,0.07184421496382037,0.03603988613670221,0.03940235087426618,0.029820267389860163,0.029820267389860163,0.029820267389860163,0.05852743712898365,42.377716343216356,590.0931703518771,1032.765418626496,0.2883639043994545,0.4471090865838828,0.018113998186718657
2025-11-18,0.027983558126344267,0.04518767526637165,0.037170082489495035,0.24948049397129854,0.14748753035548431,0.007818227364804075,4.081884489178281,22.021160751785583,12.162046583541294,0.011607626762036688,176.8727998678655,76.81720927109932,875.2701529398748,133.73080257253415,0.05458057099792032,0.01233401418805899,0.07348227753850414,0.035710179127115056,0.04181958640165651,0.030187743918669113,0.030187743918669113,0.030187743918669113,0.06179325238931027,42.967175546623565,554.2099977890865,999.414567272679,0.29445555717229954,0.4573847150990486,0.017871290169505887
2025-11-19,0.02835388317648217,0.0452238230391537,0.039776681147798115,0.23284227245830175,0.14180541445152603,0.00780047201519471,4.029913744222817,21.71087213387566,12.235273777808423,0.011757076549797487,160.86706696083868,79.03145969013862,813.929966085766,117.43783788799433,0.05328526445232748,0.011066895936933505,0.07206725146503819,0.03520989012976559,0.04273046619657222,0.030405437220353482,0.030405437220353482,0.030405437220353482,0.059697797687650156,47.26878381584921,542.6390521035806,1007.3588891099414,0.28042451415070163,0.45089493257591906,0.01768343499875535
2025-11-20,0.028098001939553773,0.045584017506297536,0.03988120863845825,0.23173104870049305,0.14808724471959783,0.008280996265360894,3.753529205440701,20.970407595300156,12.341409562457404,0.01231552531218706,158.40014891922854,75.14194408143058,884.3947804767346,127.71033914786915,0.052461337774641285,0.011669316983210698,0.07388901500984899,0.034807947223818615,0.04158368846063714,0.03056289014389635,0.03056289014389635,0.03056289014389635,0.06226380510827007,41.42411875421362,490.85629871039356,1075.1203015818885,0.2754959185983007,0.4581756651006349,0.017141556514397346
2025-11-21,0.02659790958835281,0.044812758596943815,0.04073769929847782,0.24549118866301142,0.14946979054395365,0.0074809897850354416,3.993597364675666,22.555591999921198,12.023338853280912,0.012045415904045741,177.2830449100061,70.99412062877349,778.9889927062658,125.04040774013994,0.05342745198032071,0.011799763378024896,0.07556956401405508,0.03557203892063442,0.04248585179337397,0.02927557359524365,0.02927557359524365,0.02927557359524365,0.05886427519235369,42.293678149299566,541.8198107942881,975.5998133215284,0.27917087381247135,0.5022878002644053,0.017950049272397788
2025-11-22,0.027931374890461456,0.04379063857092715,0.04011011563814369,0.23716635267063924,0.14545520090311395,0.007804879847793349,3.9525303394004583,21.427117461676723,11.970201784445479,0.0119799510629959,167.56652966559466,63.208118450016606,733.7274200559674,120.99767406586449,0.053639138924858394,0.011954180005826924,0.07788852420698855,0.03432664527890191,0.042096371347016666,0.03122432353319705,0.03122432353319705,0.03122432353319705,0.06024681010670994,39.5309388635271,506.6909040865988,1000.3461366550757,0.2698824190315492,0.4771286633798867,0.017960559481260515
2025-11-23,0.02703750311202161,0.046456516342955737,0.03768844110333455,0.23910662789831125,0.14139757950189993,0.008149368799279794,4.058179604559444,23.132718411458693,12.0205500366088,0.011801293775385925,191.50372775328253,64.84258976679952,774.0722127408857,122.07211783146741,0.05627296585460338,0.012205820531804263,0.08012549030646225,0.03263107227152862,0.040232690823041574,0.029769587160059598,0.029769587160059598,0.029769587160059598,0.05899980423619217,48.38970433916307,502.5776530195944,871.5228953730173,0.2833888944969332,0.44376452977896824,0.017975184127689354
2025-11-24,0.026927184812534838,0.046978158030394096,0.03752140814267667,0.23902343421954134,0.13460668541249543,0.008076326732228146,4.295799831703693,20.817082148614848,12.429712914615074,0.01209079003946693,186.14515308970695,71.38396003575969,782.591770686845,120.86511565174976,0.055856673180417996,0.012010941087235627,0.07890875603294328,0.032048256327473955,0.042092779618156696,0.030891004451033575,0.030891004451033575,0.030891004451033575,0.06213059192758595,46.8260690475965,562.3371813396891,1031.0244800365963,0.2875704013974045,0.43757158106971983,0.017743279125445613
2025-11-25,0.027059212888214248,0.043625031814342054,0.03795422485480143,0.2317504609780728,0.15510599633091973,0.007447519518892854,3.876782618958332,22.214815085089104,12.460844123422875,0.012340844967568477,178.6941302359217,69.38922510396539,853.8232581969511,110.79257086413537,0.05764218924233974,0.011418164202979997,0.07580313575922851,0.03178207047687495,0.042809782087093184,0.031032436495780632,0.031032436495780632,0.031032436495780632,0.0641079862546869,41.20381013644164,540.3793433723746,1089.3761056139954,0.2720790699712141,0.44725704899950613,0.017678314594423112
2025-11-26,0.02758737213833348,0.04537776279131706,0.035904945064899337,0.2345664955120152,0.1422013298580586,0.007881100775651117,3.972671203935138,21.971359703313414,11.955367069615258,0.012352958351563687,173.9812415161378,70.63290045397218,852.0332528934009,110.42891745101707,0.05460604501970902,0.011434998844021138,0.07757394217926193,0.034335062970763025,0.04209405794151973,0.03160117331046872,0.03160117331046872,0.03160117331046872,0.06043353308550205,41.6351573644993,461.25115935025457,964.3831794518957,0.27726033177691006,0.45140586518052295,0.01845751516063696
2025-11-27,0.027686155570279064,0.04623450078382151,0.038866284148426154,0.24447031644224368,0.1437218021239618,0.008307587165459748,4.0977781498595665,20.89979910692505,11.732116008467285,0.012175600798563932,154.84351997179104,69.00359706505012,744.9037716995063,99.77773181440593,0.055234779706364034,0.012409291112357506,0.07672995581768728,0.0351388270040263,0.04213385584175762,0.02948436615291966,0.02948436615291966,0.02948436615291966,0.06187253841339733,38.12215269464458,414.05886292487816,788.5507718621735,0.2746527575651533,0.45709415501439876,0.01837945406369802
2025-11-28,0.02859305409771163,0.04583567464414589,0.03861698384277081,0.24043977665814842,0.13935727056939357,0.008025307250893303,4.232602292975559,22.180981574461367,12.075216353693563,0.01194219508612271,144.53914140328217,73.50118036030611,746.3907243237747,116.9775414682324,0.05574472256792945,0.011728159840192265,0.07281737619686034,0.03218752141292646,0.042730273581579735,0.029182965939651393,0.029182965939651393,0.029182965939651393,0.06109823650593548,43.3724023468808,511.0442256984651,911.4389513134724,0.27164820952376023,0.445782023958252,0.018375870366289942
2025-11-29,0.02705698319694185,0.045235157928973105,0.03851060072052078,0.21901307488867242,0.13374794074212562,0.008333263901869996,4.053135617414932,21.780795994794644,11.8050025021018,0.012236533470428884,141.27991661556752,66.94697731561111,705.304783423423,118.69116208489775,0.056381064408283665,0.011834436529565678,0.0762116354314959,0.03330828605960232,0.043365895829554545,0.02926312402821813,0.02926312402821813,0.02926312402821813,0.06512441053674801,44.44940823627283,559.2110275721648,811.7054542908495,0.2731592248373215,0.43674949727990087,0.01853706773018582
2025-11-30,0.027071404746026952,0.046404357542157194,0.038158468871995053,0.23604350220313425,0.13545519472028325,0.008179240814027992,4.040487954045402,21.486365033800233,11.739776845226071,0.01225647258790425,154.08567503124135,66.89749935237172,778.2840232118319,119.35618544216346,0.05344776665465588,0.012012451751966746,0.07614472931396625,0.03345621692492712,0.04332543650902621,0.031321313446175274,0.031321313446175274,0.031321313446175274,0.061070413441316196,38.7767066703508,531.2854831234392,1030.8918958584145,0.28981332449386565,0.42894488710613915,0.018278907987823223
2025-12-01,0.02768268889529674,0.04555996165721668,0.03999283148061201,0.24879807360126788,0.13666481026685534,0.007990596270316248,4.172343865505274,22.178130064468746,11.537615489966706,0.011990964383032255,164.31762292289739,72.93695334130007,878.214393215967,107.92692195450137,0.06009613179911102,0.012647082756765831,0.07406153763803863,0.03425883554193572,0.04456427853908758,0.030614351564122705,0.030614351564122705,0.030614351564122705,0.057228379672604475,43.150927885895584,551.8305910301814,1095.9621123649358,0.2212230573203276,0.44481133278314083,0.01792088474219629
2025-12-02,0.0270211502262921,0.04797798295321324,0.04235073935524765,0.24724972222341948,0.1385695724304659,0.007451211838628901,4.075110908607937,22.34924758648986,11.387565471491662,0.011708705465529521,174.43516467801365,75.87249839828726,802.9869440336641,111.2715919378726,0.05171465057401825,0.011692214221830852,0.07531817344317404,0.03369551420214724,0.043705231147956,0.028986625483261266,0.028986625483261266,0.028986625483261266,0.05990676715710059,46.96014132627244,506.7603031163036,1029.981683409712,0.21492771578061645,0.45825171513220114,0.018081814944788173
2025-12-03,0.026729930432812247,0.04709897156713066,0.04315107053591161,0.26030804362539284,0.14153506887444245,0.007414438133314577,3.9125744851042326,22.737978409521414,11.579965043953674,0.012273950872245679,171.12660893909307,75.27286408927328,823.7830730808631,135.47495067298743,0.05474080622484917,0.01174828679553904,0.07375137569417331,0.0347541989451675,0.041139156086110025,0.03004158560288988,0.03004158560288988,0.03004158560288988,0.05939871460173988,49.83544395167612,493.5752602943064,984.4429936498256,0.23402667029183205,0.4383621501091221,0.017955724514811085
2025-12-04,0.02899888869435603,0.04773177833012262,0.04194744963640355,0.25197767665091114,0.14216154865198344,0.007698227810743631,3.9756606131165757,22.426525384981407,11.40214319300276,0.011848071383229639,169.62342342138305,72.466611673712,754.630717593162,135.15123550689916,0.05651815676407589,0.011957214339448892,0.078994240735,0.03518875627471376,0.04262522751971765,0.03012532684612677,0.03012532684612677,0.03012532684612677,0.06137783893803871,42.603621143100234,484.6569369841961,898.5267048011202,0.22909637418347462,0.439861710759636,0.01810996228383992
2025-12-05,0.028812164102220737,0.04580899955153087,0.0402844252644862,0.24069903049514887,0.1475929864750655,0.008000885886894802,3.9189057396386424,22.35031131387536,11.693037838530326,0.012205938012542045,155.99372172880848,73.63746290329307,726.2607481439987,120.03555366229901,0.0560807027247394,0.012135869178457256,0.07811921106658518,0.0332643493435517,0.04039567659553404,0.029613547714931025,0.029613547714931025,0.029613547714931025,0.06078635111648703,44.331792156256455,506.5848550580543,977.6269484730885,0.21739375821068455,0.42091345438072003,0.018548980204845897
2025-12-06,0.027720367515041283,0.04487934345535622,0.04146049689792509,0.25168722008321115,0.13843905496310618,0.008464852525256063,3.856428544008989,21.58661850506071,11.859036740755219,0.012191037100874897,162.32203538037356,73.05840868057219,711.1574211272974,116.39829431778487,0.05239620471775368,0.01130997928292649,0.08254831551198231,0.034500662812250615,0.040420385965903985,0.031598411107210345,0.031598411107210345,0.031598411107210345,0.06200931568963749,42.863487180404945,467.1258992848202,940.9475251988418,0.22022894464439555,0.43306652529661505,0.017655979977514696
2025-12-07,0.0295320987547268,0.047419899945851586,0.04115644489922565,0.24899977756596225,0.1439626644050754,0.008218403478800713,4.019409412221164,21.78475950930023,12.405353913838564,0.012376075550630894,159.18033849945414,79.63096581468109,755.1727983910155,126.76853425238173,0.055651374333195294,0.01162116535057436,0.07630375265272343,0.03753104608236503,0.04339059612196866,0.030919441180309582,0.030919441180309582,0.030919441180309582,0.06150364857684702,41.136922331188536,495.8776911319982,845.8776530025249,0.2159463681850665,0.4182557887976423,0.017425225646352974
2025-12-08,0.028853026383871203,0.04474397399774454,0.03923784942960532,0.23116471936525398,0.13896912396778305,0.008041908683404613,3.945944591176137,23.118662849909143,12.157929179142194,0.012135331199869892,171.87314856836744,76.60969864766973,719.3857205124762,133.6624378239611,0.0514333967560962,0.011888495282332483,0.07331247647496532,0.03600721160455923,0.0413793361397781,0.03039984356886012,0.03039984356886012,0.03039984356886012,0.060932520111347914,46.211318333548974,529.3725006267506,993.9392772204022,0.22826042672002278,0.4457007765310024,0.01759724840792787
2025-12-09,0.02808476682538517,0.04349321179677389,0.03964581332322108,0.23359022150943085,0.13704347299505273,0.008036692153701914,4.181003343025694,22.69692610230806,12.548444002676922,0.01203548669261695,180.22133145719957,78.17258455606154,707.6679262077818,124.36770613631047,0.05348304150477653,0.012583961711573494,0.07641594754636749,0.03372592828284363,0.04130611931187069,0.03010526858376672,0.03010526858376672,0.03010526858376672,0.06410644352618654,47.826135477459964,515.7662284034133,1081.8981682797346,0.21515599586654446,0.4506002217533705,0.018020539371883568
2025-12-10,0.02987226441870132,0.04542736225975401,0.040296624372735845,0.24345533728254173,0.13250868287878084,0.008055722850058029,4.49628177275964,22.42089720109659,11.954573763292005,0.012290709012533181,176.8683870863001,75.47302642571505,776.1931931621472,124.20356672959193,0.05593009388285734,0.011741891088316159,0.07515454609516611,0.034996575001628394,0.04249529324212726,0.02910242542942698,0.02910242542942698,0.02910242542942698,0.0619089122005674,50.57792865855115,506.6826972972966,840.4615509745257,0.23331919298773499,0.43965668977171996,0.01823229904794957
2025-12-11,0.027567138047871913,0.0441504969903479,0.04124328470679526,0.23958153862816786,0.14279250443296673,0.008083991051581928,4.269846889208336,21.848722503440747,12.224582759391797,0.011853044789500444,144.8548536483851,78.86908378545503,810.4414152349659,123.85217250875222,0.055983390109132426,0.01149041387419049,0.07760914479812574,0.03397543241129256,0.04114536274309176,0.029136020158556396,0.029136020158556396,0.029136020158556396,0.061286077430553226,45.85199308973528,513.9150812729315,876.8781057759223,0.22653622380154323,0.4337687683327113,0.017458557530629595
2025-12-12,0.028617161693744616,0.043988914052103215,0.040736671299108594,0.23599836344593783,0.14170339000594423,0.007655341498672339,3.971429949689031,21.80946544027322,11.790631224316328,0.012224785664906652,154.9457297104713,76.47749128876623,767.2769791170032,130.618163766728,0.05619263391764635,0.011361175273737862,0.07524264286084524,0.032666916290386455,0.042094393893818714,0.03065394162206969,0.03065394162206969,0.03065394162206969,0.06207672931138586,44.74827120689565,468.1933559736619,823.101442276356,0.2120386818916068,0.4520252168364642,0.018118615675343674
2025-12-13,0.02755854142851757,0.046789806660009085,0.03983578177251722,0.22537723313113922,0.13835425169626403,0.007513060720870468,4.055505752465679,20.66457553821659,11.412858414012788,0.012171643658252053,168.1346966953945,56.874098813900616,723.6195917069342,129.56185320902554,0.057050943145797374,0.011817397595116987,0.08356275486999101,0.032283288796802395,0.043693370000948736,0.030153231226508297,0.030153231226508297,0.030153231226508297,0.06336786649789906,42.498065144554936,435.01294664766647,841.833099505445,0.22338241163532577,0.4573908313181271,0.019007699497614952
2025-12-14,0.02637032972743341,0.0486697685688839,0.04060232644866494,0.23836134208662701,0.14205243789376257,0.007685005941515701,4.1775498248372065,21.079062689193215,11.72771888331857,0.011819738113802016,192.89777445499723,66.87916262994986,743.934408991822,111.18837021841902,0.0565667109205891,0.011569751556614775,0.08086891782809015,0.032646995382941954,0.0424002842422538,0.03117269644003824,0.03117269644003824,0.03117269644003824,0.05859683818068595,42.53996778790892,484.2892914891795,1064.6332560726464,0.21519634487081116,0.43955821455111194,0.01802249673394315
2025-12-15,0.028621496724324274,0.04454975751060042,0.041266429505995274,0.23545016054796006,0.14027493642712746,0.0077601651033758715,4.069296196891178,20.82661850466731,12.022248131920492,0.012454788366732089,187.91003816481077,77.8234124042115,735.3204269983846,116.23165008304714,0.057879660641401307,0.011921229193674268,0.07572907970446076,0.03401286514302108,0.04518071703684296,0.029448640930858968,0.029448640930858968,0.029448640930858968,0.059749422945527625,44.82695516990307,554.8647559324517,984.4170678797124,0.21870648202859827,0.45045682209090776,0.017979742670606768
2025-12-16,0.02743754652754496,0.04447675918513563,0.041459492988331535,0.23004070596412698,0.14407795630673,0.007602191422911559,4.120424377316204,22.331306781941375,11.506309663354534,0.012337405860156865,186.66532448552323,82.63606841180076,769.6658165943498,115.97579003539028,0.0533934817933335,0.01245063889563531,0.07303201208407199,0.0357687692501159,0.04207367538735013,0.030534105064398867,0.030534105064398867,0.030534105064398867,0.06336813093606328,43.568101767464434,524.0580163692409,932.1179744336774,0.2184163346162499,0.4807276118655354,0.01792517254068869
2025-12-17,0.028615485911533307,0.04430122409730139,0.040287210322620684,0.23503057318996085,0.13794912227441383,0.007825260940219476,3.884580515983005,21.864195876018794,12.035061881630366,0.012436682047724346,186.94420752378002,66.29507874456536,770.8210530037501,116.48556303500453,0.052233372636922105,0.013113792127805004,0.07331290464982268,0.03436995670550185,0.04282877155565898,0.02864580766036576,0.02864580766036576,0.02864580766036576,0.061911172187912276,48.804978556031216,560.048428465166,856.4458642962268,0.21274887115959903,0.480940806151905,0.016933683054476727
2025-12-18,0.027241340073842508,0.04134350174172753,0.04062647446869268,0.2434833849274492,0.1388954191966034,0.007890376973683045,3.962509134268657,19.79882328294359,12.075214289531466,0.012148316912401484,167.86832087086913,67.24323433769258,758.6051499789646,111.8925953445275,0.05605614668663984,0.012593370746178398,0.07355182291386649,0.03341415226020542,0.043389525052376476,0.028158984059205232,0.028158984059205232,0.028158984059205232,0.06242123292488301,48.8486841711485,553.587707152275,797.8820751615298,0.22819786184408591,0.49736167629962275,0.017176450150926916
2025-12-19,0.02766472462320205,0.04631790955025541,0.03948464143200678,0.22713684290695957,0.135981843696569,0.007913648412132632,4.036208167128141,22.673496748435184,12.097294242549703,0.012356089541022606,180.15593066370485,71.03149947768537,759.3052681432468,109.07287116624238,0.05512445428238526,0.012689942207608506,0.07841584373924564,0.03257066173001844,0.04243572081936871,0.027877394436040672,0.027877394436040672,0.027877394436040672,0.06566160081327259,45.42568666889683,569.3924408499813,835.3468753316587,0.2272969524322413,0.45419100223554304,0.017188973639730334
2025-12-20,0.027480205576015885,0.04591227103433296,0.03872931127594535,0.23298723450315403,0.14588935171957243,0.008182619065585007,4.105781927929732,21.119272227770107,11.927606606489274,0.012430287136324108,168.3314712141067,64.54365609665943,652.8351513200545,117.68527332371613,0.052558447816096046,0.012175824504316552,0.07427270114764423,0.03380167647200234,0.04145365097662723,0.02945259011690165,0.02945259011690165,0.02945259011690165,0.0644053026816328,42.906366713696265,524.3463754857921,894.9361114692005,0.21306658240548734,0.4611686926195842,0.01771365952401743
2025-12-21,0.026564865903354974,0.0461601317876068,0.038946799700768454,0.2290589666792186,0.1437435840102442,0.00813752637609984,4.07144714062344,22.009896448769293,11.847093623925774,0.012067365569349231,168.81380897866026,66.92295799361946,735.3050811638215,99.92408199427837,0.05319455378415269,0.012374344752145862,0.07079202249263386,0.033472641344028435,0.03999045997680448,0.029585350465087583,0.029585350465087583,0.029585350465087583,0.061931652499585,42.83604469466983,517.7196251683489,979.6392434340893,0.21935333650915917,0.44585449123223936,0.018179199217404192
2025-12-22,0.02861584765602637,0.04574771419274496,0.04114033364197847,0.2429038661057547,0.1395160195468906,0.007812306255285534,3.943682052864703,22.453462435935876,12.33318400181503,0.012063402511145863,179.7166054121275,72.69405651594755,767.7617253588683,120.35064870056492,0.055928599752999804,0.01131088472132404,0.07872067111744432,0.0338752714468205,0.04007679000015848,0.030020035432054046,0.030020035432054046,0.030020035432054046,0.0601095024742702,45.31174562382823,522.4605306090206,967.8406420732099,0.20424686023826083,0.45110683278759334,0.017290393011349443
2025-12-23,0.027706005269793787,0.04366301855796086,0.04025547493094508,0.24932695530009483,0.1414818244671815,0.008057216832786334,4.036533913098639,22.112800245743287,12.03419619086836,0.011494190073178385,176.45842538603645,73.58193136738738,851.6210830612769,124.97861303852136,0.052767295078060994,0.01203504057065364,0.07251650325000679,0.03336683372340599,0.0419089485015858,0.02952575059907277,0.02952575059907277,0.02952575059907277,0.06303757172742895,45.28069505318516,569.8596172630772,828.4723201232173,0.21998001694854993,0.46219814630542555,0.01819656567931246
2025-12-24,0.027948290614718697,0.04464010066452833,0.03949136067070584,0.2402633072909837,0.13742586429592382,0.007751643083747261,4.161928742697833,21.556309599684887,12.617127174837394,0.012520306364897708,179.21102130528922,74.95675117451871,689.9478247875162,121.17293081832833,0.05588732037571958,0.01204999525875413,0.07807893707893135,0.03434178021669564,0.04329326894381313,0.02940418650935226,0.02940418650935226,0.02940418650935226,0.061234760200117686,38.918413005726194,554.895598746883,805.8423902052044,0.2225170321006511,0.4346736187837459,0.019390882366801792
2025-12-25,0.030551559180032207,0.04687795939258471,0.041431572918189226,0.2386172330404566,0.1501554714407681,0.00823084293162194,4.024080984908596,22.221867309109417,12.534935840831281,0.011758953488378252,142.52816640101432,62.8271653538699,677.667589429708,111.87085422581332,0.05860081740378584,0.011745190811303366,0.08097932749600713,0.03724560723735313,0.04211623039380207,0.030056866752263628,0.030056866752263628,0.030056866752263628,0.06313287265368031,37.21073535937531,441.44421843436464,846.0585308343168,0.21587747759226883,0.4191407858197251,0.019329006240240004
2025-12-26,0.030561586669124195,0.044692487534103494,0.04006550273121563,0.2394448720703545,0.1441630648625616,0.007908243788868253,4.093155707413344,23.093414659720505,11.563294426202193,0.011719931106746219,181.6110621496679,69.63739943467223,771.3021263277456,120.50436086731531,0.054680730973171006,0.011902323893598646,0.07868254790451136,0.0354486827562315,0.04167078202075343,0.028869991058046485,0.028869991058046485,0.028869991058046485,0.0631548871263964,46.005936991492206,512.6217688288563,882.5744419974893,0.21541721165401592,0.4396317793409553,0.018234743142287166
2025-12-27,0.029385989421784074,0.043508545476425534,0.04138296259213716,0.22575441984595465,0.1361092727004987,0.007769598528198376,4.198705095673643,22.57937987232065,12.167687563284224,0.011886833003704994,166.81980395070585,61.590377661983986,714.0496590962558,114.10575610929618,0.05639279838411974,0.01147048985538518,0.07757536677810799,0.036017389469843224,0.043173579514718244,0.02813144786055752,0.02813144786055752,0.02813144786055752,0.06244736793669074,41.922746286545284,529.1479292068816,912.9247519907815,0.2256705883746805,0.4273032530466235,0.018237907408832254
2025-12-28,0.028587618142146016,0.04580308747291257,0.04026239135848763,0.22309064094794767,0.1445484368951617,0.007832930855590845,3.951978009925309,22.871599194490923,11.580572468663318,0.011526619170794894,150.37901784046116,68.58365726514423,734.8868506565974,130.79347833714155,0.05421435055695494,0.012488937333170502,0.07272524418571275,0.03495365259919658,0.04410907088586397,0.028277118095665903,0.028277118095665903,0.028277118095665903,0.060800508513222655,39.62917954409633,523.3118818779639,917.4485992518248,0.2285191456370801,0.45756756081100164,0.017571067160908366
2025-12-29,0.02848759475957981,0.04783039857086091,0.040467687733682,0.2286630875606514,0.13764735099575875,0.00766554399075675,4.166430951181165,22.394180358801506,11.9258806558917,0.012032523328124715,162.23118220330994,72.79857211250788,771.9625912761918,127.68264523767357,0.05453530779626506,0.011820589732739611,0.07749210453024179,0.03590989568554902,0.04076307009750971,0.03056710635287578,0.03056710635287578,0.03056710635287578,0.06504929777455876,39.00874760174299,585.8278199447269,1045.5768748437895,0.2236487576658037,0.45000727943507346,0.01859823899699376
2025-12-30,0.02865407459945052,0.04662145849494403,0.04098139756994461,0.22548409002173336,0.14749157688170653,0.007830700464314775,4.0405140446676295,23.093286925473397,11.877703955747767,0.011771067353201043,177.19949260294624,73.10298160911597,777.7947406223558,137.4347070697039,0.054149814203956946,0.012452123277136953,0.07364201961328759,0.03470337825775074,0.04039620241189214,0.030840081426760965,0.030840081426760965,0.030840081426760965,0.06263841249530426,47.2764521793874,565.861451474131,1035.6125210287266,0.21585078099812016,0.4791287669797681,0.018559401272326997
2025-12-31,0.029265329684190888,0.04528129094841934,0.03994462950668414,0.22133343963290497,0.138579472781938,0.007630575418144802,3.862384045934369,23.075637000887586,12.112924163979816,0.011899734084375415,171.81438894479908,70.47016506950015,812.3401973064355,123.5680730615155,0.055843542721038135,0.012844469472969185,0.07177511315401473,0.03518524086306863,0.04238948143310485,0.03130994704850729,0.03130994704850729,0.03130994704850729,0.05917418928220509,47.245026998951154,556.8891170178275,969.9640406047098,0.2096244891049597,0.4521682498616218,0.018092799143992543
2026-01-01,0.028253336236851747,0.04449808425820364,0.04133759147396818,0.23070657385611287,0.14392156084498753,0.007991053924579694,3.8732672580760052,23.318128063591068,11.55873782668063,0.01199517681413935,138.97300332053067,63.42365042688292,671.3479625519283,104.30478858230552,0.05566568604044312,0.012530954444842576,0.07105042953631625,0.03433810019045777,0.039962849734392784,0.02941604139975599,0.02941604139975599,0.02941604139975599,0.061404833992696084,33.9109667851339,480.6957212920972,857.0770517205232,0.20894571665560077,0.4332750688055869,0.01921300993063533
2026-01-02,0.02748731581783422,0.044459331288060344,0.03961309012777592,0.24257009492590698,0.14310868898702786,0.007801506533339419,3.6894416303842847,22.257212826970868,12.399417961141486,0.011793733005437426,181.45462965773632,69.80433219253818,729.9232226623545,123.90012994593506,0.0529329122831257,0.012092145143695887,0.07251306224341467,0.03215456334817087,0.040204482901935276,0.030140559146648472,0.030140559146648472,0.030140559146648472,0.06153858479731061,44.16052736837843,518.5922502606251,945.6935245656481,0.2138946009763399,0.42214141764486457,0.018721336884156156
2026-01-03,0.028953006176407343,0.044210405773409935,0.0381882229471458,0.24554615921056877,0.13832178421515473,0.008274082619997899,3.965298114483081,22.53298487815029,12.448633676973994,0.011716031149294056,147.7501828030689,62.24847532370454,722.9807252577522,122.26088481926266,0.054186484926996605,0.012109802949059837,0.0730245041701431,0.03377342673334945,0.042340601900975765,0.02936281986192959,0.02936281986192959,0.02936281986192959,0.06363437395181269,37.97624448870558,514.2554566661245,860.9114106297538,0.21649997440569702,0.44123461403118475,0.0176705917594179
2026-01-04,0.02838301184760637,0.04170958117962019,0.03956587443343952,0.25037020985991854,0.13081244633837089,0.00787289362720341,4.059362656828864,20.889469087640407,11.936228501037576,0.011598524187467337,162.39857429505122,62.20759316829043,812.6071488119218,117.38259996894094,0.05451890004989737,0.012299342567402626,0.07209150594884729,0.03292876428707592,0.04349248641757512,0.03194971557377609,0.03194971557377609,0.03194971557377609,0.06125599077758358,39.202757604460565,507.98164893831347,996.9227112115378,0.21221643461951806,0.43038984309534944,0.018213262003407574
2026-01-05,0.026483548981089747,0.04545118732009756,0.03906029052075908,0.2380126318700142,0.1295824118721858,0.008028883401735175,3.980365618119032,21.748552843525047,11.818856799546722,0.012354851512661618,154.2383780160544,69.51198366549073,842.8912683434792,124.46583243989471,0.055883138637284516,0.012477284172564865,0.07289006092624581,0.03470968925715986,0.04639561591398745,0.03150220589758224,0.03150220589758224,0.03150220589758224,0.06552115635661722,45.10798947722751,569.569253022491,1109.5814225395525,0.22793918773872637,0.42545475262428606,0.017549890219598286
2026-01-06,0.028173594783376842,0.04410892188071615,0.042154745659111315,0.23628250372434628,0.13929526386665556,0.008357258887348493,3.777631254949319,22.04945895528357,11.592903061001651,0.011978777644784395,151.34452753979613,79.10752155460767,798.3362415496488,125.4250014663076,0.05302996324882104,0.012438062625307729,0.0736405076151461,0.03384924646346427,0.042662097366809364,0.028909300812411883,0.028909300812411883,0.028909300812411883,0.061745246886811676,41.60950451338522,517.4947026615412,970.4496289878729,0.22014731628801812,0.4491771889937463,0.01792185081637181
2026-01-07,0.029105539146015724,0.04656178179330342,0.03946930936502083,0.24067563755851779,0.1433199340560506,0.008273060879169571,4.190200087848331,21.781607520491193,12.123541293886085,0.011453981538148576,158.833406544302,74.07682311839005,784.3447568756475,124.23890548825659,0.05647882176275994,0.012057541308410243,0.07795033277680796,0.03512600408510466,0.040774311115797934,0.029012586716115434,0.029012586716115434,0.029012586716115434,0.06218815778384173,40.13724296725592,536.0746297491729,1004.6822784558278,0.21205403869726241,0.45359632924058946,0.017679162800574497
2026-01-08,0.02854359033178612,0.044983360595785754,0.03974178361966939,0.2327923505814468,0.14049308234198304,0.007994948018467996,4.057602051620467,21.036775834969987,11.428113298816697,0.011027815703112448,160.48169688970086,67.36837116232988,779.7378315931193,111.0257147450306,0.05651770822048658,0.012125908844162639,0.07588822642083348,0.03638055748756695,0.04207402634519768,0.029783146942810184,0.029783146942810184,0.029783146942810184,0.0649004302721318,41.2468800174009,571.9689345632968,1011.185983290894,0.21051148404351364,0.45091025472501794,0.018586662616874052
2026-01-09,0.02676265010322614,0.044835635571021985,0.040315937367336345,0.22911168306555035,0.1375134858964242,0.007769918482538199,4.057797176238983,20.876347796829368,11.971827385055741,0.011386315378294721,172.46301516391503,73.77564436255801,854.8064542840604,113.44338202862133,0.055117621487483275,0.012314769667946044,0.07330953113879059,0.036799907588689215,0.04079109810267339,0.030820759438990403,0.030820759438990403,0.030820759438990403,0.06395926311376782,45.30793230799708,501.94636230242105,957.9181139838722,0.2114311451228244,0.46602095487449674,0.019089748405762684
2026-01-10,0.027858819067660377,0.0422443465642033,0.04083920921766491,0.24233749132543062,0.14185569117213978,0.008142563049364053,4.143743245256548,21.50870872703683,11.759491577456192,0.0125866568527702,172.2706159444074,71.97082003329534,785.0798960991012,114.42021694156321,0.05432966920285785,0.011863110647392455,0.07698177534750122,0.034673295176614466,0.04013977616694334,0.031114208903189958,0.031114208903189958,0.031114208903189958,0.0664389094434653,38.38199223281528,537.8845169935012,872.3265860268527,0.22178341878274146,0.45580302319803584,0.01923817041485788
2026-01-11,0.02691335919850816,0.04532825269405209,0.0423512027094682,0.24480159607898408,0.13550693192311883,0.00808407449966729,4.144488574769124,22.043217975286687,11.775137824692084,0.01215522493346849,183.74882189862888,65.77094423403952,784.6590991669996,105.03995530867797,0.051742987010559995,0.012152251149329682,0.07195551271628255,0.03461746113167047,0.04006664775677855,0.029837229281772473,0.029837229281772473,0.029837229281772473,0.062218035495778375,36.474025386652805,520.0915370201031,870.8423836305172,0.20821213681643752,0.4443759133063322,0.018586848397701933
2026-01-12,0.027167314670747563,0.042967036111033176,0.04043158877587235,0.24611943666622743,0.13025948121871148,0.007736142700823012,4.083908105156843,20.990792714402524,12.243639918733983,0.012115988444120582,176.05061362221204,72.08201107255357,758.2392167909563,110.20099141401157,0.050379485649439344,0.012726436659274904,0.07654233786154038,0.03600389934033296,0.04167709035010016,0.03162682223068681,0.03162682223068681,0.03162682223068681,0.06264693755595677,41.66229420434522,521.9093175762434,1003.1487363240734,0.2124310984429792,0.4708777598435773,0.01826132270581315
2026-01-13,0.027112738792534577,0.04626086265890622,0.039539741479425315,0.2449225253409055,0.1365813589800165,0.008201517480273321,4.000057194826031,21.231225751150962,11.878597764382198,0.01209736326021158,195.97376957348968,74.80679011032935,697.2367217847624,103.91880869786168,0.050737185780759204,0.012578820594934476,0.07488688896200639,0.03363649292831785,0.03997414941760454,0.03131138145917331,0.03131138145917331,0.03131138145917331,0.06559073455524111,41.79025336076313,597.0178115342013,1026.7162594934996,0.213160380238647,0.4440896216154331,0.01909598483213045
2026-01-14,0.028270660976055795,0.04406506519864153,0.03879889341082548,0.24232654169613171,0.1367637443693902,0.007644469244963053,3.8916495513944795,20.473269753475382,11.279815226775344,0.011654596191776433,201.44356404332967,68.59372447033698,740.265762299475,126.16285906703705,0.05242317727164087,0.011751232094052754,0.06981117051419404,0.032415559902341386,0.04012809906713712,0.02975808115123934,0.02975808115123934,0.02975808115123934,0.06129034974690459,39.29707531862028,539.3242494763756,1003.9877289282754,0.2176413671328058,0.4315436561060561,0.018160588023340418
2026-01-15,0.026925765812627123,0.04717052102894269,0.040024439584249845,0.24277132185906494,0.13313159340881495,0.007574917911465236,3.8706401735092526,22.046063787227695,11.941753702503739,0.011927705188049142,185.3527063465213,74.31870237274774,751.3460061162458,111.94333846333836,0.054925086130114466,0.01174025383088883,0.073827660109599,0.033694066402452184,0.04364940877250603,0.029280251652202313,0.029280251652202313,0.029280251652202313,0.06064769508702313,39.534075997471845,516.8145202006309,1034.2059583493592,0.21887724290823826,0.4574344451371368,0.01760916285745114
2026-01-16,0.0283892108771944,0.04470332032298256,0.03953513479741966,0.23858940368300782,0.13327563798580194,0.008143944695528697,4.037492885163805,23.471156914488198,11.7966500302335,0.011854959514142947,173.26281275506872,65.80781751604822,703.0283504075769,111.25024022264505,0.0576385492690194,0.011587036154946488,0.07200635300915639,0.0337838451960479,0.03979682270668391,0.030187324266100542,0.030187324266100542,0.030187324266100542,0.05971061502160659,34.82515123963619,458.8554392362123,926.6800292831452,0.2068803908818758,0.4512250159395948,0.017740825747399443
2026-01-17,0.028597776886804174,0.04609900082791081,0.03965767014911086,0.2470903835470424,0.13931599593747815,0.007702911615135422,3.827874019511574,23.362736922052147,11.769834425614267,0.011663417292399187,167.98637842165192,70.26885335076577,798.5084751862072,105.93816542728815,0.0574910647751886,0.01160751531002708,0.07255176814605545,0.03487401297976004,0.04280084471030629,0.030551906228468685,0.030551906228468685,0.030551906228468685,0.05854412178038935,36.28736524056167,504.28346589326765,843.5853116969822,0.20350612447504637,0.45285698346568465,0.017614872249129238
2026-01-18,0.028902612741449216,0.043992551558579306,0.03899034530993444,0.23787376666255472,0.14057713149830592,0.007816737863336809,3.8081119847023985,23.27547097597097,12.507809096164042,0.0112675563498679,147.42583728938962,63.64482901634068,748.6528000692581,110.15067359817375,0.054759996263728815,0.011243110344461103,0.07148737605318282,0.035834043379348014,0.0439437084204775,0.030316760611474022,0.030316760611474022,0.030316760611474022,0.059746959415428035,40.654379709458624,571.4573969456025,818.0729736417034,0.22303521917684546,0.4422582093370577,0.018030919524507995
2026-01-19,0.029372082067315064,0.04270941431087633,0.038974208630586746,0.2426313282403218,0.13993154807036015,0.007770921084088085,4.03301476895255,22.812460039474413,12.838298297638735,0.012197312799697728,153.70308655485343,62.528143013202204,650.6285381478232,102.06141299794005,0.0565740658805864,0.011894100834569644,0.0759930237854759,0.036973813164618854,0.04306318781817851,0.02898485424870742,0.02898485424870742,0.02898485424870742,0.06015265049582497,39.334350705230676,552.3985912150924,761.8916525059061,0.2194630372236573,0.4701224798170755,0.018625672396101463
2026-01-20,0.026514500913754846,0.04285060846767598,0.03887279779189002,0.2577441553427256,0.14554733026147942,0.007930599758410938,4.0652487434998585,21.451901036213847,12.32069806746488,0.012196806308358604,178.5651693808582,69.37741025049506,759.5216639347182,122.66424663227524,0.056202224258861934,0.011577909755229245,0.07794779774325124,0.03573298716713203,0.04021823030767242,0.028302120822433833,0.028302120822433833,0.028302120822433833,0.06403189409231856,43.30371413520761,629.3010852101551,1041.1680968022574,0.22086159509837466,0.4750595743059984,0.017457679534895416
2026-01-21,0.027852892582813028,0.044155461441889504,0.03904525810940545,0.2403300036935866,0.14115245857495354,0.008019699986233106,4.172642014798308,21.337292707622474,12.231514820048336,0.012085215154661079,159.43827370097958,73.59550876991484,740.8047679652,122.15772374149748,0.05527989958240214,0.012099349529613848,0.07405774820693226,0.03532265369474938,0.04337142623663086,0.031198695814086082,0.031198695814086082,0.031198695814086082,0.06104855323370213,40.94723974433319,555.1040347501265,888.7533650691952,0.21528199950553753,0.47082329015785546,0.018133279762450074
2026-01-22,0.02709234970363294,0.045069380594184937,0.041621786476933986,0.22827117547230896,0.13845649107159716,0.008564626844340265,4.160532053063715,21.12166926740745,12.285975273871518,0.011453078006255616,162.62279478239248,69.98580698440094,813.1287994981747,131.53103956062833,0.054529697397374816,0.01133010807351315,0.07756336282963405,0.03364489632947458,0.04157940670736331,0.030623321741019165,0.030623321741019165,0.030623321741019165,0.062237352581917406,45.29149859736134,480.4625556887341,826.4949419315948,0.21281303715873104,0.46140687772227545,0.0180900248574803
2026-01-23,0.027310064164264628,0.044692303590965286,0.039247517009100015,0.22824601394617203,0.14139515573722028,0.008025031096734785,4.1275250957938905,21.725843723563205,11.400785547620508,0.011799937377724124,165.45246591548604,65.99887211585515,778.7500477377134,128.35231918668893,0.05590108978878576,0.01145343008639276,0.07513879156511036,0.03398128229477439,0.04315196599264031,0.029820333335076332,0.029820333335076332,0.029820333335076332,0.060473533685274264,40.588690765604085,462.3805557375942,873.1547464583026,0.20915096367905325,0.4668873145591061,0.01683610583159656
2026-01-24,0.02774774487357874,0.046323561891502836,0.041751558063437465,0.22922635242342576,0.13318264229144283,0.007876374156888351,4.087382903384644,22.40925889328561,11.831323614757782,0.012022872935466184,163.57239651072666,67.15672007928455,692.4920983361668,118.60383200783279,0.052654482304616695,0.011524682893614953,0.07468742165760132,0.033376628197935514,0.04399215926312518,0.029274665766488628,0.029274665766488628,0.029274665766488628,0.05937074088471227,33.98826969961792,497.43690682752856,989.9579316133744,0.21713830045415602,0.48033096715841295,0.017353836854628747
2026-01-25,0.02897075105829121,0.042933874217155256,0.03937428931133834,0.2318539914051572,0.13957694128626888,0.007872197317000396,4.064510833217545,23.483650784099005,11.930181628040403,0.012635091263243439,161.4288456510625,70.99457371278908,770.7220172797669,96.10161468255583,0.05680162534896956,0.011877422557905661,0.07582342773069939,0.032342186266879104,0.04239143642888451,0.029963037649975384,0.029963037649975384,0.029963037649975384,0.06079147797993138,39.109242693822104,487.9451450742435,928.7091708054819,0.21716288071711573,0.49474791783965716,0.01804076143861016
2026-01-26,0.02982426407749161,0.04311977301070191,0.03672756549901987,0.22488946805658974,0.13498220076660625,0.007863258315130432,3.7894212211380545,22.772330562734357,12.183860761795238,0.012794303045750305,146.59485459017637,78.46725905955948,804.661944582154,106.60350388539699,0.056286038375796536,0.012230470389721151,0.07254142999750714,0.0335026135924106,0.04189865956709039,0.030544860508757914,0.030544860508757914,0.030544860508757914,0.061981197238817114,40.71790618059835,536.7852802058303,1048.6925019740502,0.218942757645178,0.45983601880685665,0.01805007546987594
2026-01-27,0.02792830879151643,0.043965220161930836,0.04018703511673926,0.23679637182032948,0.14446527423752997,0.007611649442537625,3.9116427349163985,22.734478978977577,12.697914250680071,0.012063426314668002,158.25850975958355,72.47121299524197,840.9022550932773,115.60460997307914,0.05545448126633869,0.011699752128607804,0.07473937992537896,0.034127965615475785,0.04084980869481896,0.029807571987403244,0.029807571987403244,0.029807571987403244,0.05925644369532654,41.4448637243797,499.0134673535944,1028.7471507609189,0.22320479104316862,0.4449261738135599,0.017238832825531594
2026-01-28,0.028766158250162016,0.04558692342060743,0.03994718426181032,0.2392878186085361,0.1432277455268185,0.007947001338758742,3.8296945551518644,21.98890732800051,12.138992965622784,0.01152966782154647,183.33744628182652,79.78170642357841,787.211433762624,125.51436101349277,0.055255459733851854,0.012389714172834755,0.07603664659875915,0.03418209273316547,0.04223737243470347,0.02901376170899059,0.02901376170899059,0.02901376170899059,0.06289266978421827,40.17926774974277,516.3944821135354,1074.6312677226508,0.22804413762778705,0.432372164534474,0.018373699969366497
2026-01-29,0.02901575229152381,0.04468261354450003,0.039691490490688736,0.23975178028684516,0.14415953274561089,0.007665807861271633,4.038857399062972,23.026549787690634,12.145593522049172,0.011645143000344357,168.7233819568016,69.82436901872629,698.434404375245,117.47368617651918,0.05793490940276537,0.011923909513721955,0.07518912782998063,0.03450905367533167,0.0406475179959936,0.028423312116207106,0.028423312116207106,0.028423312116207106,0.06408989189992809,39.675541390796205,482.29394608258184,904.0519706086393,0.22749039742626714,0.4369375155776419,0.018884080701395325
2026-01-30,0.029500283371889403,0.044063934032664905,0.03702831028685753,0.23522762105009687,0.14812375763551658,0.007845548512421847,3.8852892013448392,22.259925351149434,12.11342265742872,0.01233599745992105,163.33550120258653,66.97242059662845,708.5704032398587,129.03061152357466,0.05626886902164886,0.011833886139138623,0.07128037095707526,0.03319590645547206,0.04109032076336667,0.028670400260625235,0.028670400260625235,0.028670400260625235,0.06053264689262359,36.209548684886414,472.59916550589867,806.6594538008555,0.21561635638398538,0.45713280568690756,0.01764410455501999
2026-01-31,0.02963716778875683,0.04636222176958967,0.039508578901009575,0.2485302496150617,0.1387956664762217,0.008466707904824178,3.8128522379230367,21.849925079856604,11.648916913787831,0.012092288039224953,168.99137781282576,62.83990989120032,710.05070566513,110.67044332623516,0.05968853582073941,0.012519650481100573,0.07305162448036205,0.03321507222738316,0.03850888833564348,0.027838280844397163,0.027838280844397163,0.027838280844397163,0.062412587574323816,42.57686043597399,437.5150903830402,839.9330309188215,0.21342453449817955,0.4460802478755942,0.01854989402357138
2026-02-01,0.028502506405390763,0.045774375592636266,0.042087228647738825,0.241215022926886,0.14471323778287326,0.008070606019196664,3.8484664774819013,21.945677033311547,11.711017811953946,0.011585715380107848,151.96825954374938,70.79881800438793,758.227326356599,120.54328748315498,0.05758531105773509,0.011687680223479517,0.06966311695645866,0.033847552221050715,0.04067844809543027,0.027920138048532335,0.027920138048532335,0.027920138048532335,0.06284152976015557,37.91050742163366,452.2668743651771,900.993105427323,0.20600662612320933,0.46360814879832457,0.01766612979357317
2026-02-02,0.027671862566732694,0.04537263483407587,0.038344465565973714,0.24741246411620985,0.1432729821161105,0.008201489629832083,3.8411782870728413,21.371518128022114,11.660567795584537,0.011850956968094776,154.68724750279458,67.16811225997913,738.2008932380736,120.20649640241658,0.056789494272422185,0.012457890483707355,0.0743902886355436,0.03197252336493576,0.04055690520306031,0.0280668814495564,0.0280668814495564,0.015436784797256022,0.059935923081198446,40.11551522496405,521.3134196314021,1032.3565654702,0.21524799228197994,0.4750521778902855,0.017100187628224676
2026-02-03,0.027249930121661013,0.044065136582919585,0.03978286114636917,0.23292727034964922,0.12651695920684164,0.008174192352266418,3.9279527812919346,22.939646476053305,11.3366352462004,0.011735815712980236,175.5993162634796,62.73247718537787,791.1901561452154,133.5834854928773,0.05457076311571973,0.011931820107830886,0.07517448038282183,0.03404723578129838,0.04200157441731884,0.028764638653362318,0.028764638653362318,0.015820551259349277,0.06068493592249319,43.564957233695466,514.4158051116564,996.2819564206123,0.21903243570708325,0.4686384671479737,0.01778956315111504
2026-02-04,0.02709116392977983,0.04215569164354129,0.04132464366912113,0.23795795056588379,0.13037410491670282,0.008152580968142779,3.9987544175626875,22.89451957232436,11.694883734429759,0.01146740795408905,168.81561610184275,63.475994101629524,850.4627483559476,130.00899992944764,0.05241072144559265,0.012100390314980088,0.07492937578577538,0.0340485323356042,0.04206911733881616,0.030046615054671707,0.030046615054671707,0.01652563828006944,0.06358162964882179,38.97832572373739,426.20359244411895,963.7135312388597,0.2117093297696838,0.4717453208190485,0.018126488619109735
2026-02-05,0.0266941543407918,0.04339847751323185,0.04149250527175016,0.23430781721259283,0.1405962993932451,0.007837214030379751,3.9273444362041983,22.772418538900247,11.681889255036296,0.012314911837693293,189.82710271487673,69.90113209449761,843.3001872500915,123.45380101028367,0.05128933315387243,0.012161199040410735,0.07380576195459015,0.03445471665362103,0.04381339513369444,0.03013987138112825,0.03013987138112825,0.016576929259620538,0.06103205153859664,35.68041232274134,488.691397927384,939.283278581438,0.21531293416187533,0.47425053595693806,0.018637121240574428
2026-02-06,0.02704881467300255,0.04436672589963061,0.04210475099564168,0.26081683657269467,0.13388832354225771,0.00787056740313656,4.132606752724759,23.423966453527264,11.910803198678405,0.011921147140885595,178.74968401694943,67.08777935084909,802.3792235257524,107.46068994820621,0.056873889385790216,0.011854300686782213,0.08117648351996092,0.03375583458929675,0.04319322978109694,0.03024202344184104,0.03024202344184104,0.016633112893012572,0.060209915507130056,34.51430321599283,482.23353741128864,973.4175757345715,0.22017536789300984,0.4449149210681844,0.018258311096867954
2026-02-07,0.02820398435606303,0.04563757017756387,0.04127079777740389,0.2521875436283483,0.12857426198537744,0.008254234402253594,3.9743267446470663,21.96868584701731,11.818180132657606,0.010749540885864288,170.3619488166178,70.55775438477663,789.2243477127748,103.46260376364268,0.05746441297291529,0.012488916743473874,0.08129344464483602,0.031769664904278926,0.041064144073197834,0.028556392790990887,0.028556392790990887,0.01570601603504499,0.06425745480213951,34.70985411671516,509.7460571830891,786.7378987377409,0.2160785287584542,0.44647214899836946,0.018843852008079146
2026-02-08,0.028559568283803398,0.043671738600495745,0.04014479926072167,0.24401999865470422,0.13334531088016033,0.007656521604676848,3.78263068917255,22.032781804472506,11.484415411230621,0.01130447170570078,149.97538192810154,75.87657103513122,682.4691842756504,114.26706741277333,0.05299679015669161,0.011967641281163961,0.07941450190669025,0.03433763836152897,0.039323173354131075,0.030288204441224417,0.030288204441224417,0.01665851244267343,0.06260168798699424,37.901327419344334,560.8658396706708,812.3710685324838,0.2290231227986184,0.4427331826230317,0.018247996262601388
2026-02-09,0.027448892519294877,0.04372607000771733,0.03787325001113894,0.2337584356326465,0.13102422209752515,0.0076764946771128535,3.9044457349246566,23.31112822356403,12.240865860375308,0.011684541870633603,166.33079033937184,66.08658201628265,765.5520612881305,125.60686224380217,0.05386299773632632,0.01198180436204276,0.07512659533744506,0.03343430077287022,0.04089654181929545,0.02993024707434107,0.02993024707434107,0.01646163589088759,0.06149311582852795,40.58138429277252,544.9494789283024,903.520846216757,0.23865168518571514,0.44087288655665496,0.01833187234846382
2026-02-10,0.026729810837431436,0.04503252446488015,0.03839149491022059,0.23712881680309866,0.14271303940132385,0.007823327888740217,4.157860082249205,22.253094826359604,11.940684462029143,0.012409582865838159,169.17533777573396,71.09513276076916,768.6244481782874,123.00626052788613,0.055410414380639504,0.011900390641333669,0.07588580653629952,0.03256289309458063,0.04166337496641598,0.03088921658551322,0.03088921658551322,0.016989069122032272,0.05958717923338748,38.49520516621135,564.2176955693701,1022.0326456055384,0.22059510920047554,0.45863776944463264,0.01768084340969709
2026-02-11,0.028328289295229996,0.04596308196040131,0.039163382415725354,0.22121389783883388,0.1417617376277937,0.007993513143935685,4.153189718523918,20.97499284657479,11.74097993554997,0.011643639766314417,172.52765945469815,70.65055893446281,702.3385083976304,118.64411758590242,0.056244579659145796,0.01231987087314058,0.07388541696242824,0.0345843605852439,0.044097199045739104,0.030667864614522623,0.030667864614522623,0.016867325537987445,0.06054546370103659,38.61019943854425,518.8043037663002,909.5759490355878,0.23427017367808578,0.47371444138224283,0.017871544569430124
2026-02-12,0.027401432342990705,0.04134634243150961,0.03992122657582976,0.2312160022762805,0.13669328559161914,0.008224769648117032,4.219555208036218,21.70035230572746,12.110174055301393,0.01155665681755281,161.79902401721722,76.84412221881308,644.2476610317258,125.82272414295724,0.05846247547480031,0.01287572609384756,0.07469435257976993,0.03335111213473299,0.04136914264230987,0.029085542882507563,0.029085542882507563,0.01599704858537916,0.060134438969265416,39.72613373661229,496.4666038731711,922.549180888269,0.23512849669524935,0.45221788425880405,0.018041300144259358
2026-02-13,0.027304907457700964,0.04403687964578041,0.03903659094854192,0.22263563477246595,0.1420417470925834,0.008098851155157284,3.8726202557077913,22.127046283598677,11.39517289066797,0.0120178181512667,164.89880962317653,66.07003131622491,658.0648659369026,119.05876408465816,0.05395152884661502,0.012151205865822448,0.07290500815489954,0.03244378750970237,0.040545026019937105,0.029527306756248258,0.029527306756248258,0.016240018715936545,0.061175070055549514,36.70857756794997,515.1831684658421,868.7308686100574,0.2245832871437347,0.44871693328229356,0.017960196638485325
2026-02-14,0.02792893690089201,0.044823862173416634,0.04015879362132101,0.23000404129601276,0.14574687364937755,0.008209527066770302,3.812493281677374,21.305951862203454,11.297432208738334,0.011286710593908412,155.59040821625197,65.76057739997174,696.5048419989457,110.26554562522202,0.05167905891176727,0.012202483053120905,0.07516606690494422,0.033820024064847076,0.041329172427746495,0.030368355848143184,0.030368355848143184,0.016702595716478752,0.06220728745391828,34.39903889849063,507.7740899148186,908.770938147603,0.23021027183771123,0.43890693868235003,0.017793844970764493
2026-02-15,0.026872304233628002,0.04413875311326705,0.03955899989939521,0.2402262748717452,0.14680434281256854,0.007914795952693014,4.044559915106358,20.913798467099234,11.582738461004311,0.011321505286074006,164.42327091209484,63.296099605467646,706.2711724037587,112.06512774553492,0.05470438907023969,0.01207128886455485,0.07703302811369543,0.034227760093584976,0.04360102146434681,0.029748316844867673,0.029748316844867673,0.01636157426467722,0.057214942094210346,36.00985739166094,463.39517441599446,957.1837384424756,0.22560466014209532,0.44763842124699654,0.018255316318794564
2026-02-16,0.02744671126603921,0.0455328623624157,0.040981353513719114,0.2589167785079864,0.14112033812382294,0.007471155981794225,4.039987441791188,20.727337291755784,11.200633318539943,0.011583804491239224,152.67999386334486,64.55497662275873,680.3888665509087,101.33469688078621,0.05079468579998902,0.01275135748973925,0.07183375348602468,0.034471764638517276,0.03944243796085091,0.029245814986024212,0.029245814986024212,0.016085198242313317,0.05729559025905124,33.094247157531036,448.6025469348347,971.692082662628,0.21763799811450246,0.46678849454457677,0.01816158997343923
2026-02-17,0.02706183974955165,0.044558584308561654,0.04141592531726152,0.2512225538345318,0.14290792224862214,0.007694169781755131,3.857720871450805,21.58774530015641,11.650388533208536,0.011526158088070232,184.45107713879042,65.53710341921901,713.9063974351046,115.40587052181303,0.051948457604798055,0.012285490534214133,0.07646286149237423,0.034155041554211604,0.03939626251441213,0.02918752425808835,0.02918752425808835,0.016053138341948592,0.06044493412999973,37.807579817031915,460.045043155694,842.0261654202961,0.23562306333083366,0.4517187614974951,0.018317578330778007
2026-02-18,0.029350000435343342,0.043315040386724464,0.04204359913191474,0.237473724529941,0.14243635302157814,0.007445732939441288,3.7734285492493074,22.835203969547596,11.86952514079675,0.011842619756637522,166.76887662472495,66.14663781493844,741.3980997427745,117.18087235123922,0.054841872911433685,0.012299355842008607,0.07847528563764287,0.03603901130441137,0.040941273234791804,0.030070655451191874,0.030070655451191874,0.016538860498155533,0.0637897272493736,42.214490097062146,481.06113311076024,886.1883124300105,0.24004558556553038,0.41293091949030775,0.017556385705389886
2026-02-19,0.029127644219414828,0.04542227640650493,0.03906240329153039,0.23067557323788715,0.12808636793315165,0.007327783254668614,3.8633540609004378,21.46193898006269,12.42577999103235,0.011865888904734402,157.32717161733447,66.39805269975027,696.7347075298337,105.94063960731106,0.05250044158278709,0.011934558667712732,0.08155203361725198,0.03231129099370767,0.04277121368043427,0.03034619184821505,0.03034619184821505,0.016690405516518278,0.06225763742888191,37.828790616351675,547.6965518517519,887.3978824246162,0.23214312876945983,0.4448411512535296,0.018245198905388196
2026-02-20,0.02932731280195222,0.04494148458184027,0.039562933533201936,0.23163848562770226,0.13245811244559078,0.007670393176729504,3.9381412662626536,21.354627413331325,12.031504698568533,0.011937859795071672,160.42200081879173,68.86980305104488,627.6442587185871,105.12750784051282,0.052940919646857106,0.011411070993096909,0.08213280086176736,0.034229093442216016,0.044033541892752825,0.03010490148203512,0.03010490148203512,0.016557695815119317,0.0595649128462248,40.471607854369935,459.4830015105666,943.7264068244095,0.21834769013790828,0.44513887072638486,0.018205507018997792
2026-02-21,0.027130205274183,0.0447636779301888,0.0399002744949492,0.23874748318691996,0.14454063298824507,0.007792351638303021,3.908652139883827,22.760182698401692,12.43114150415216,0.012376005203540983,141.42105004977603,59.10620600899997,631.0941856766868,106.1073664880886,0.05452249334625786,0.012059281256742618,0.07733972900082815,0.03469706396008181,0.04085669521521195,0.030468026757009135,0.030468026757009135,0.016757414716355026,0.06387956416347396,32.941449443588034,453.81150516902557,952.5136778530522,0.2237851859290483,0.42168547516645727,0.018731408360393994
2026-02-22,0.02942490810056324,0.04651158573383592,0.04273416858862612,0.24945019183787723,0.14580005434691776,0.007965426426955767,3.9189232911296368,21.39255583889013,12.584691517028562,0.012097010654735698,148.6362564094091,59.563086508525274,614.6395919960313,108.49901994175117,0.055524222084111195,0.01190809054499871,0.07479868969063344,0.03624617935105752,0.0407036408350956,0.02921408294235424,0.02921408294235424,0.016067745618294833,0.06228670232355617,38.33753276748534,465.150037975677,889.7124501083697,0.22886504117406775,0.4353878402984783,0.0192931595202371
2026-02-23,0.030710485613184336,0.04500571791193475,0.04053392292085012,0.23705239379157803,0.15203071259886095,0.0076372386168764616,3.9938559965882234,22.16971933856301,12.199218879333552,0.012204415542863544,161.55530625718868,68.2367289213899,736.8802912158048,113.37303532360393,0.051418786037627874,0.011835820131098507,0.07428808646170779,0.03426062799746946,0.044089665021561794,0.02956116913073752,0.02956116913073752,0.016258643021905637,0.06455123734009706,39.05736271096065,494.0993123739493,986.8086776277274,0.2234653492505233,0.44733605167604645,0.01931197660830003
2026-02-24,0.029470052433449204,0.043686263876734605,0.04003679733203029,0.2564224611633705,0.1452398767530813,0.008556493573650546,4.1097192220463805,21.37946868618895,11.821635131844758,0.012129888027434628,181.18717167349672,72.86701252216064,711.8234596354188,124.16902149245524,0.05269868919152002,0.012043354578411072,0.07081406661732918,0.033526993625095876,0.04323743195461183,0.030224537490451692,0.030224537490451692,0.01662349561974843,0.06456488755104693,40.92805840272565,545.8177063563131,863.3623400258133,0.22320530764593116,0.45652901205804886,0.018394074139274446
2026-02-25,0.028647645190513358,0.04579458217031692,0.03957176864890684,0.2504596176354643,0.14716442962795806,0.007602211180276998,4.053129954496299,20.572371069803186,11.791639492825642,0.011590924121048125,154.065316905063,70.98324741026799,741.7933086660224,119.25980530323356,0.05302262160667293,0.012204074649680829,0.07575536973102642,0.03507901630786671,0.04029606828510293,0.029863780613174507,0.029863780613174507,0.01642507933724598,0.06234855577961595,41.769499974180306,543.7840377755883,784.3637682145618,0.22160098275694262,0.4517091651508816,0.017672306801638258
2026-02-26,0.028195563870233174,0.04518960277080604,0.04025230098078276,0.24005948806756156,0.14388829132309297,0.00812610856029845,3.7367565505051537,21.926721018459766,12.666026412893082,0.011648131006460677,155.80621691621224,70.8575926332822,699.5822242254587,111.61923501915594,0.05701297821875045,0.01188814845609786,0.07470504489183422,0.03476878779440607,0.04209710587253211,0.030798656132079407,0.030798656132079407,0.016939260872643674,0.06063236197388587,39.27558081574241,538.484126397736,848.5433888526561,0.21074508894715005,0.4394367412760137,0.01739928183826466
2026-02-27,0.02848023038586198,0.045224472094880015,0.04086220065507273,0.2557294580227729,0.14013048418503435,0.008666948327359794,3.999852240944548,22.259243032675688,11.981791932867528,0.011539501931727867,150.80616266604645,65.25624282106483,694.3556097879763,113.68246441056918,0.05830781250421507,0.012311348733322954,0.07647974944783008,0.0334222030390144,0.041084646719816965,0.029626462863482316,0.029626462863482316,0.016294554574915274,0.05966789483676491,41.29346188625739,553.4251714611144,849.116219704517,0.2131164464170246,0.45689367923723234,0.018231868780588228
2026-02-28,0.027497629731865997,0.04478478541007278,0.0397037289989618,0.23253173700575802,0.1410009415898096,0.007730263362783473,3.738053819857307,21.01198914447164,12.138017018520559,0.011716720295552893,156.48702112611622,61.89426423711412,665.8795736112802,97.6101943203759,0.05715022084521409,0.011830231815610923,0.07626702595984003,0.03535321122100634,0.043697903843090614,0.028530006754212557,0.028530006754212557,0.015691503714816906,0.06042116012269235,37.79928246632477,428.6566435831606,931.8739900442291,0.23011442683389313,0.4742763728788315,0.01781039661741102
2026-03-01,0.02770868637030735,0.04322064461683519,0.03951054741225808,0.2295981413600887,0.1428866767448755,0.007964967533855434,3.912224796164424,22.32283592164808,11.598318274183194,0.011225368550858305,131.7211028006243,56.330549319882714,683.7052880566794,98.09899467916826,0.053583940572189695,0.011856314038135078,0.07722818817544207,0.03344736608115639,0.04211108240390343,0.027865151649316407,0.027865151649316407,0.015325833407124026,0.06117731684282755,38.42395521611909,484.8488332854295,940.2261230013837,0.22222899773195204,0.44939002690516827,0.01773806915492238
2026-03-02,0.02890975243008921,0.043492988061546764,0.04204252300311248,0.22877619496424842,0.13957458723269628,0.007652125303628013,3.8938642274520716,22.27326319740523,11.730107554731855,0.01181098540369111,134.58879716205868,64.21359479840963,766.8599023581443,119.02865207667664,0.053024769220133314,0.011750296543225538,0.07441761276962418,0.034507080384275565,0.042558484215794654,0.03081342756131485,0.03081342756131485,0.01694738515872317,0.06283801028883386,39.14804228156549,493.8151982388954,984.9751498488042,0.21495002813291844,0.46217673267702497,0.018823444053965556
2026-03-03,0.02852220524427806,0.04505456835666313,0.04014339621890195,0.23898631450686902,0.13393253783099027,0.008321128580352775,3.7154013697735984,20.50682543502342,11.41614033541657,0.012029808724421037,143.54577901803796,64.74553941007314,890.178168843639,117.14549127546815,0.057169567758630496,0.012027963432663932,0.06980929337713267,0.03387019314915958,0.045211809760352085,0.028368064996456815,0.028368064996456815,0.015602435748051249,0.06052051396511407,37.382589107608325,511.0439746860217,922.1986444104083,0.23508953011274303,0.4445127880501904,0.020320628726959968
2026-03-04,0.027098686684028796,0.044035198650772565,0.0420465015758479,0.2373775759920115,0.13997649396742562,0.008173992475431937,3.7479298433880426,21.962904625869395,11.235909491925792,0.013005709108479514,141.97500385552675,69.94411095402616,664.4672637283509,114.1232391214965,0.05505143581654608,0.011759380582586467,0.07344128153657414,0.03392653113036821,0.04388941448177913,0.030276498998375076,0.030276498998375076,0.016652074449106293,0.06224137541340857,36.78875634850968,494.96280926684085,963.2288639189154,0.22721946943862473,0.45006270337848636,0.018459048422469117
2026-03-05,0.0272202789414982,0.042863391103778105,0.040182479396164095,0.2353371410849095,0.1351673486648668,0.008218718031795328,3.980470572557521,21.22774826739923,11.188393598098171,0.011845863788194393,138.56234047809997,64.38381890699763,685.6332160285468,118.54145840395407,0.05594951128248456,0.012009532496516652,0.0747664613137404,0.03253681131718019,0.042624172845620006,0.030172990556257114,0.030172990556257114,0.016595144805941413,0.062039365293977786,35.063196873639846,492.2035253964739,864.4993974814666,0.22380334675844568,0.43935947760365673,0.018444207192444415
2026-03-06,0.02781736660437256,0.04435421342012797,0.03975625351818381,0.2343423774663251,0.12828345862590804,0.008274480733872179,4.0298745974486705,22.327025408427623,11.462362596235085,0.01219499595302521,143.33059691183243,65.10868189080938,749.405472436148,110.81866009170142,0.05255294142000886,0.012343846023666873,0.0749793215128863,0.03251257297487589,0.04089741072689644,0.03101622209252577,0.03101622209252577,0.017058922150889177,0.059794909182986467,35.67186195563192,445.59228034081445,816.1753179462431,0.21789259469246924,0.45085811389939545,0.01787393015440784
2026-03-07,0.027325360724744636,0.04464487694174342,0.039439774174179855,0.235734010368315,0.13338375952832027,0.008003932238998947,3.970125652748451,22.323655157295416,10.973180667334702,0.011346577278554218,149.5431887756161,70.96870334099026,716.2304179639942,107.14772035089375,0.05468710937131357,0.012251482645107765,0.0754446439775373,0.03300551256817183,0.0407825139407044,0.03010089627112797,0.03010089627112797,0.016555492949120384,0.0637725143001496,33.4815243601822,439.20190246435055,824.4298692826617,0.21921911009343814,0.46030659504503574,0.017450132145648223
2026-03-08,0.02767205509957141,0.045066908180811056,0.04121996230244784,0.23014372844129927,0.1360448093056029,0.0076070734215175975,3.9060504771870046,21.845371544124987,11.858722643084157,0.01159276729857797,145.30537908592905,74.00060012334421,686.2082246837723,95.82333079381976,0.05454543605695634,0.012202980391781743,0.07748201015111417,0.03233633656809026,0.03847804870518493,0.029431155548539433,0.029431155548539433,0.01618713555169669,0.06412010723684107,35.64808847815579,471.81331842512236,807.2558866245593,0.21738896001405178,0.48179539081641093,0.017807037258347123
2026-03-09,0.027756382022977085,0.04510753746264181,0.039261026697996304,0.23156705614483689,0.13568309823968186,0.007856587421120866,3.999542842894332,22.946754100733344,11.802852243457018,0.011657528877381605,166.6988606093738,65.70570460851184,707.9317399919922,99.22804138423936,0.05692217814718778,0.01130128324149552,0.07774155520003495,0.03422993654366949,0.03875059347417183,0.03008482283684505,0.03008482283684505,0.016546652560264778,0.06349774288947657,41.94291039388325,473.09120480678257,845.520800531105,0.22804466172218854,0.4731900638631787,0.018078572306272408
2026-03-10,0.027121675328058037,0.046257495465731616,0.039538044871200384,0.2327327742859403,0.13819792411456316,0.00801695246454363,4.046399077983159,23.07790409561202,11.514410707363957,0.011811721843851517,163.95663699035455,61.421748809300915,764.3752902621023,101.8633762722016,0.05525440359032431,0.012112749562658455,0.07311632819628908,0.03445590738520914,0.04159335355768676,0.031711495563658744,0.031711495563658744,0.01744132256001231,0.05880541643511755,39.45518722067839,503.04538453626583,924.1431075611441,0.22394402878382705,0.44957519209100255,0.018651578461927144
2026-03-11,0.03018055682868664,0.04432528621772368,0.040960121154871076,0.23170743348163939,0.13860300574862505,0.008312385475548613,3.8581489671625278,23.03186548500998,11.635311254583236,0.012298341877967757,176.2099971048664,64.84788078099308,783.8717395787784,102.49361957750335,0.050967773920091004,0.01197797823698082,0.07296615713195098,0.03279074639576435,0.03998839697121785,0.03062107596698767,0.03062107596698767,0.01684159178184322,0.06445065999600723,41.783739883436176,533.9620837746043,1047.0762034335821,0.20706860205888053,0.4479117634667447,0.017331017841132074
2026-03-12,0.027953382991798878,0.04416530316178642,0.04084871497351891,0.22476757203511016,0.1359523773034984,0.008267016730585523,3.8103694221849658,22.18324634916494,11.408358365063846,0.011841910445371561,159.19847065254424,65.2402872004798,843.9157360920406,101.38264708089389,0.05552364929029019,0.012200821004645694,0.07414451130688547,0.03333214093580305,0.03815773760923039,0.0287079023203285,0.0287079023203285,0.015789346276180675,0.060872836439033906,36.78730470645906,430.85939231555466,939.008033336704,0.2060307215893402,0.43529950254740946,0.018005053419165935
2026-03-13,0.026985408712419487,0.04427696696634505,0.041346358948972296,0.22461509849135844,0.13246492802453688,0.008016213044798975,3.8090054378095464,21.704708735426482,11.578067993727524,0.011979777641303122,156.5906724656433,63.362433952315364,749.8993238342185,101.9070979160138,0.053186402927264585,0.011998478704689989,0.0770878042338965,0.031805982459701065,0.04137429019299878,0.028998758306177843,0.028998758306177843,0.015949317068397816,0.06310601630682848,38.668310713773856,490.3113221129162,910.0419032728169,0.21951137371243945,0.45609224571644846,0.01825755439702769
2026-03-14,0.029423247038116683,0.04302996053609687,0.03889681853546192,0.22535066759887523,0.14484246721275593,0.007356646237872399,3.857671155645049,22.19546539862613,11.579818535548222,0.01106234814734447,166.56136714387085,62.186394650193,697.6924081039831,98.25873423231332,0.05592056916530001,0.012077706877713807,0.07866571215075913,0.034282078508348045,0.041807838277747075,0.02941597046240391,0.02941597046240391,0.016178783754322152,0.0628823402360721,38.56267618966975,460.292285307171,951.0058155912844,0.22855388552817468,0.4586147628108468,0.01831669553118377
2026-03-15,0.029787306076290005,0.048155754986833055,0.04076152026745325,0.2434067738357122,0.14410899088874615,0.008091425223634263,4.082583760112041,23.922427018015668,12.54186243273778,0.0119963740192034,161.51639909364863,63.16849489769069,822.1210602210123,97.82564562706445,0.05474537672971479,0.011300637582228455,0.07509463834526343,0.03523047845960676,0.04014719300295787,0.029535256999261274,0.029535256999261274,0.0162443913495937,0.06091453511958502,33.160568497644896,459.61147711876606,840.6230506144215,0.21567874359605568,0.4517731407455169,0.017679301309640173
2026-03-16,0.029255291709708735,0.04538995438075095,0.03849821301062974,0.24265845825255236,0.1421718906400448,0.008057147801911359,3.88019197466551,21.694902683898434,12.402238308471139,0.011857566265330605,158.30986222743607,66.18402044715026,792.7891319670273,99.98803873369397,0.055266721305802714,0.011372153319833246,0.07372794890316922,0.034454919864261635,0.044165093137306974,0.03227870085530405,0.03227870085530405,0.03227870085530405,0.060506163283244686,34.74142692132619,518.68216229864,924.9292760834705,0.2189452715166252,0.47404108696620467,0.01841279795947755
2026-03-17,0.026301557639700098,0.04553120140454384,0.04139070250603454,0.2325211927427942,0.13937149548685004,0.00830390306321161,3.9617241138918313,21.83387384831282,11.463417346974303,0.01178590538426645,162.06876548137905,70.47084549395878,702.8092488190065,109.36330625885967,0.05294497956051124,0.011767364527656072,0.0800284562575758,0.03642001714740687,0.04289062393385215,0.03058679776492981,0.03058679776492981,0.03058679776492981,0.05951204328151042,39.15640555397919,529.5624626030268,890.383399740553,0.22832080127735227,0.4597122266604528,0.01777783222957777
2026-03-18,0.026383229701614132,0.0445699497201386,0.040539683112834214,0.24960842021964394,0.14009822912676817,0.008579193483378987,4.01322551698267,20.997376606398092,12.199595647622157,0.011630488669855043,167.29060345372312,68.80982884933233,724.1489563171926,120.2772190872993,0.053010184433260256,0.011302471707332597,0.0759672236785237,0.03533067694040572,0.042742255227397524,0.028932683046751752,0.028932683046751752,0.028932683046751752,0.05950059635186227,37.6446139694861,510.58933626692203,898.5550348061713,0.2180239963716322,0.43926123470283057,0.017630707322610233
2026-03-19,0.02744230112022005,0.04517486870408425,0.040759223259182485,0.2436969375137753,0.14257330348674085,0.007968926366694752,4.170201359531556,22.742850679041553,11.627131797748401,0.011938620065898659,151.27399854610914,69.1922506943905,768.946612484402,113.45012488846419,0.0545424357897381,0.011899738840946535,0.0729337033607022,0.03438230342496751,0.04250331089411006,0.028292894712998166,0.028292894712998166,0.028292894712998166,0.061739714785924424,37.415859531625514,483.01361068144604,851.0318225000086,0.2186113076806267,0.4386404745942599,0.017136028388968577
2026-03-20,0.02808480908433765,0.04457696807025781,0.039380262272494686,0.24077708798764724,0.14220982241319094,0.008067967393424655,4.254200187170212,22.745671717911446,11.361932957989199,0.011984714750105189,148.32860087227667,69.00350056858314,725.7581396984822,106.10748238025852,0.05797010285583174,0.011807099552330832,0.07636620880431645,0.035722241922931476,0.04269761910691113,0.02941889838114443,0.02941889838114443,0.02941889838114443,0.06485321029313283,35.56347644616367,400.71024164841185,1027.2095457335636,0.20914618590641254,0.4535585415199441,0.01667681197404357
2026-03-21,0.027526871189834046,0.045652551192572305,0.03854772627446237,0.23740677031466617,0.13738016420823965,0.008137491461659213,4.128185429991162,22.302193400411497,12.473347875176852,0.011246466033813279,149.2461351237424,60.987899606124444,712.52029897305,105.34841052415712,0.05805431846174577,0.011527282203771394,0.06969756832246139,0.0353897141926706,0.04091016246300013,0.0290489611265349,0.0290489611265349,0.0290489611265349,0.060148125196480565,32.26227947856264,436.49130210677407,864.3075918395094,0.21918749217066585,0.4635016529162643,0.01721303745518031
2026-03-22,0.027926371586492305,0.04349282290514215,0.04144677673772616,0.2407931805175077,0.13861157251921694,0.007976664027184688,3.9104318343827504,21.53442393300459,10.904086827440867,0.011492613771953215,122.345692321247,59.39447469316736,713.3782411245754,106.56368085645892,0.055143161733707716,0.012003838535340431,0.07618607052829371,0.03578569356427025,0.04097436530992595,0.030230083033316108,0.030230083033316108,0.030230083033316108,0.0605321158726911,37.824206045456165,444.9826199450762,788.46885420838,0.22643633272113828,0.4456920025408025,0.01754940759199389
2026-03-23,0.02862952729329834,0.04662305973327778,0.0395650657253244,0.24701810577269537,0.13918825884916625,0.00818914816399518,3.8524252082489996,22.086929905184586,11.246850871442778,0.012500336352781563,145.5050428326911,69.59117968646855,837.0863666345479,112.24177624370353,0.05667399886354885,0.012118151696010911,0.07669806682294854,0.03474983585154007,0.041211066757256214,0.030147360501546684,0.030147360501546684,0.030147360501546684,0.06496376090526361,36.87690267904253,502.45719516890705,854.6350353053288,0.23430023872321978,0.46051991330081615,0.017112278248019325
2026-03-24,0.027844552410659723,0.044127261177896906,0.04051426063516254,0.24687134622978504,0.1417888763671673,0.007874252017428876,3.6718123537638414,21.833961769244596,11.629427207066918,0.011788043883678462,133.75510985760965,72.39702194326021,711.4023115507996,108.45756956481252,0.055538381593443556,0.011872199368437832,0.07779057470631251,0.0327145341452224,0.044188157676491,0.03059498485148768,0.03059498485148768,0.03059498485148768,0.061528827399571,35.728494751827,472.64725426674397,835.8772087890039,0.23583819809550954,0.45055617288174976,0.017876533997201474
2026-03-25,0.02697324756625663,0.043231120242307054,0.041036272498853395,0.24426958524209486,0.14441850905848624,0.008271162119008121,3.642745726662435,21.78287934349398,11.586670878081904,0.011696079847052124,143.5148279625569,76.26209659175198,671.920802585358,112.4265688460347,0.054585173399343,0.0123750993249348,0.0736380358341209,0.032189707905733146,0.04451663964448854,0.031483597466543195,0.031483597466543195,0.031483597466543195,0.06348305497093057,33.40353359467631,486.5937853957822,904.5147625716041,0.24060601255313263,0.4448703614975132,0.018213484430141987
2026-03-26,0.02776003841580855,0.04388899783489939,0.042902613739586454,0.23844045493310662,0.1405945682449595,0.00832837329662267,3.9233846693589114,21.854318037488074,11.819558877462152,0.012294314698308658,161.3330023516864,72.25956732466008,698.3986879888384,110.88585809020219,0.056760551520741255,0.012218187136261585,0.0736163257490007,0.03228504271218577,0.04398869595915046,0.029840655328401952,0.029840655328401952,0.029840655328401952,0.06325032068876026,31.44283296172457,474.1881581941927,910.5401966378207,0.23170006527820972,0.4544543324565688,0.018426613660412372
2026-03-27,0.030031398983999955,0.04523366795341737,0.040318376379673275,0.2331395294894617,0.13869726600774027,0.00817119797590351,3.927619949506122,21.925137823857952,11.799164486375414,0.012818373555715079,159.88520168298876,62.32785281669497,686.0575650865085,96.55425397493157,0.05777384487242241,0.011902005146396999,0.0752936266376743,0.03452009840569314,0.04618806777356096,0.03039323431544383,0.03039323431544383,0.03039323431544383,0.06344253556207032,34.49521151475959,539.0459929536075,964.1121481083875,0.20991708971394554,0.4441810446084965,0.016506460227103815
2026-03-28,0.02798707204975391,0.04528901867259361,0.040352462300776624,0.2311726142785468,0.14057175792720925,0.00778970425406325,3.881299308756323,21.34017133473529,12.870467810335523,0.012473365491442597,155.90851285673767,64.01525191558267,677.4386115006766,95.08196435913415,0.05838901739862577,0.01151616277992795,0.08047227684014381,0.0360173687358504,0.044880545563526275,0.0286996152864684,0.0286996152864684,0.0286996152864684,0.06511305512849586,34.17935494645929,469.30949324783296,906.7929345164582,0.21937839905414613,0.47428471971244546,0.016309827514837297
2026-03-29,0.028813091316568725,0.0453682310378233,0.042777451649428054,0.23197700437705424,0.14054958013225127,0.007803114884434565,4.007091622139156,21.36613538680692,11.744004303826953,0.012228770680492959,145.9126196111635,61.39605120111776,747.0970879436416,103.86949154454098,0.05762991471952619,0.01137709518979904,0.07546866216933905,0.03488603396013373,0.0426612835483693,0.029175362597245808,0.029175362597245808,0.029175362597245808,0.06599626756066228,33.62195688477733,434.8347206539479,870.0159791019577,0.22126537161774879,0.4531304619459777,0.016733282667691484
2026-03-30,0.0289210899387294,0.04580926045451429,0.041947716079839006,0.23330929152757543,0.13515124790263003,0.008007995319685176,4.07238825566113,21.084109782534266,12.090086215166771,0.012204712963332722,157.06479153935064,72.256310918303,672.5856598639194,103.14112012887927,0.05803035370006561,0.011689602801669823,0.07754440957842841,0.035820077929617944,0.04278442481533699,0.029538280637101306,0.029538280637101306,0.029538280637101306,0.06325990610091568,33.97088697363558,487.33779145551944,947.3548783757014,0.21640171929815188,0.4430689980326283,0.018017675701257948
2026-03-31,0.0275374563351019,0.04525874070317659,0.040582401867304975,0.23811745494075,0.131122622178559,0.008494533973233177,3.806840281661454,21.933299649717558,12.390067658899792,0.012293814661285743,159.76907478195335,76.33555159236904,748.7974965373111,101.59741501191911,0.05570625332172948,0.011550078000261739,0.07800476694369654,0.035451483654690946,0.04387695399269169,0.028164831142524972,0.028164831142524972,0.028164831142524972,0.06202260715154016,36.86818181266439,500.99811969892943,1072.732556697574,0.2185518159218895,0.4532207213805453,0.018733945379359945
2026-04-01,0.02694294912795241,0.04426982416817215,0.037659342656521475,0.2316304796679859,0.13395576863764724,0.008615057006671726,3.9524654566919883,22.729032910389463,12.241169676085534,0.011875928358483752,139.57224187840447,69.50040559564259,670.8631892390649,112.28557707679433,0.05349246353803176,0.01183744394458658,0.07849907040792468,0.03388958825601366,0.039800298935749316,0.02840422578364359,0.02840422578364359,0.02840422578364359,0.06155125288996694,34.4430913507592,469.3774725990652,894.322880707737,0.21144458762097576,0.4499534768789032,0.018142865127940652
2026-04-02,0.02889540238136091,0.04682414463069204,0.03838116306426143,0.24690188358270432,0.1518957648053906,0.00828594172284249,3.9936983226070737,21.13279623179873,11.904790380124759,0.011933963256568442,140.97651126420126,60.38249861814467,586.4276738023991,114.15250815238694,0.05429227332494845,0.012209923159886175,0.07986635176025123,0.03277356353123903,0.04364359903935039,0.029468484434680968,0.029468484434680968,0.029468484434680968,0.062397423552169685,35.01351548850695,463.2579272321236,845.3947346575115,0.22662272309086728,0.4767779915429735,0.018095881787326493
2026-04-03,0.028111602824293615,0.04762546736481293,0.039854380741500724,0.2464648263209888,0.1411009304393597,0.008065505726879045,4.220408022164508,22.471865588805635,11.34486733458916,0.011543103227627255,145.04508849777548,70.22213590115214,672.5808705653016,105.07902657953967,0.051250581435867935,0.012108181069286302,0.07675660937441639,0.032832682286572414,0.04232630891659542,0.03133086892435011,0.03133086892435011,0.03133086892435011,0.06333815413241739,36.805239832204016,483.77662421561547,931.6503046306774,0.22346630219672936,0.4626527638408932,0.017794641741861104
2026-04-04,0.027824116314179012,0.04446063799885604,0.04012496646929847,0.2373709680755628,0.14622993849524205,0.008522407360003176,4.152901856422746,22.436447211051092,11.348608040890188,0.011785053563105928,141.95696112786896,56.73183991139791,682.9046348219583,98.2861069335544,0.055834300436061655,0.011761773114474492,0.0768705701457685,0.03502442412640964,0.04248794269016616,0.030806598257571767,0.030806598257571767,0.030806598257571767,0.062365748123001226,35.953545197211405,514.6298067308454,869.9096085439895,0.22509287409022224,0.461466770198713,0.01715315267421221
2026-04-05,0.02851840856971792,0.04601012647811636,0.04189814401420373,0.23892681845278296,0.14022617148280211,0.007828934249073417,4.162254876384137,21.503599057330963,12.614743834698242,0.012702622320593195,143.0728293882086,66.16074070580376,711.9816338647494,116.22170983362405,0.05369439916586984,0.011790384050991243,0.077059861382595,0.03350186631061363,0.04277097415853967,0.029784964606168446,0.029784964606168446,0.029784964606168446,0.05973318954790803,36.55414309279717,487.1040032178197,849.1727289633815,0.22643348564435892,0.4872052080470882,0.01753923301023839
2026-04-06,0.026825659807779897,0.04287712503617382,0.040619563123842066,0.23788375601545267,0.155175744149348,0.007880064172803498,4.05043836550356,21.420601189140083,12.690068133631,0.012251443426251936,150.90530542707396,63.474537122565565,797.482852188041,132.02619535706174,0.05288198173489836,0.01212604411879411,0.07319196460470925,0.03373124570811585,0.042155546635883154,0.02800118780009631,0.02800118780009631,0.02800118780009631,0.0604327247472209,40.45649393147004,499.82742552412697,879.4231849768792,0.22801174975052854,0.4572583405174994,0.01926039012389714
2026-04-07,0.027861782480720958,0.044306290090244484,0.0391546511657278,0.24420085593622276,0.15089028467056342,0.008045196359185856,3.7757180578823544,22.229067163218733,12.496971939076191,0.012234440371277617,156.3316185577527,63.949783944328225,757.7891479045895,130.41893610660944,0.05500952997928921,0.011486043441556142,0.07383637448547062,0.03259937376132635,0.04055907078525152,0.029603541062769148,0.029603541062769148,0.029603541062769148,0.06228604002517582,43.55614957830085,549.5168205900143,823.298029934548,0.22558448156460165,0.4753458292485559,0.018637978025576873
2026-04-08,0.027985941248353192,0.044163260241744946,0.03925920215947274,0.23686157029466684,0.13326878452966287,0.008022880401446837,3.899599791800702,21.88944880895328,11.660272903039177,0.011981831159636577,141.14973393124188,70.36768728148802,667.6527779352987,118.02171313755468,0.056506035273756444,0.01110526421242848,0.07389002583765122,0.03496488374572394,0.03990741950404329,0.029614886946568542,0.029614886946568542,0.029614886946568542,0.06301198440092427,38.03516482593731,481.07182209633334,975.9819639952227,0.22539649054533692,0.4580985086660725,0.01855343496455918
2026-04-09,0.029992817168105024,0.04156783190836305,0.04039066563141039,0.23628687506782597,0.1396931557917449,0.008046153263019688,3.958253167550562,22.21313762457153,11.826441517466254,0.01152091505388954,141.3888012966448,71.41169045496561,682.158975629367,100.18162031838199,0.05698635814012255,0.011766367957784895,0.07590074974323546,0.03411575896009645,0.03922679360798634,0.028808897744320737,0.028808897744320737,0.028808897744320737,0.06320652611370642,33.81127053426129,482.9446624734088,886.8233316594612,0.23422467136994954,0.44461083555797315,0.018406870988907358
2026-04-10,0.029990412990586867,0.04400601735939264,0.03994044699236546,0.22968417862863447,0.13926570090593665,0.00804955434921756,3.674957467218626,22.317896896248055,11.607738068983954,0.011727615967680086,151.4927868544568,58.76882352557404,615.6990005006886,103.18925965177786,0.054590053284043115,0.012301458838130925,0.0729957355540518,0.033870309940410404,0.04055598150150743,0.028027922160667785,0.028027922160667785,0.028027922160667785,0.06226555896463776,32.77722042609726,481.912834628405,807.0916348489482,0.22550873944705122,0.43535162652202136,0.01767304585990561
2026-04-11,0.029451407627822272,0.04185321587663699,0.040967154540117845,0.24069102100760065,0.13786592563384176,0.008660782188082288,3.7055811711541975,21.62407940898428,12.363319128662503,0.012609050366940417,146.0772094613323,57.77940855728795,669.9950775222654,94.10370765289244,0.055671322834103226,0.012461854599415753,0.07223065471602366,0.035440350515802174,0.04230127823441582,0.029444457133024574,0.029444457133024574,0.029444457133024574,0.062420063145485545,28.129908149306463,425.5523782113722,764.7722912952805,0.22435770327935614,0.4516788667729937,0.01705789739785386
2026-04-12,0.028246670023012933,0.04451399773460722,0.04267895561811701,0.23140149218014433,0.13451046828031984,0.008324531270921262,3.9229609348068433,21.12476890755859,12.20501986039235,0.012213365468628938,140.9462768636263,57.01269275993338,597.0208628524482,108.81823174496196,0.054460977788601865,0.011786915222878174,0.07375382450841325,0.03520516222913151,0.041961506285450104,0.029102811052231593,0.029102811052231593,0.029102811052231593,0.058784069371761165,31.14583494971254,461.34398914768445,804.3273265469409,0.22127389409848883,0.4589575783572644,0.01745906491358348
2026-04-13,0.02764666624270999,0.043723008682815985,0.04182913119446059,0.2371602097481955,0.13702100880880277,0.007913026576019193,3.9367156392368337,22.600882038153472,12.089732803254485,0.011908861198699813,172.08213309579315,77.14369447635949,742.6560068630662,113.38012815694941,0.055471925190708406,0.012066607687721475,0.07386397427340677,0.035180389089973896,0.042462682406341684,0.029824524583333522,0.029824524583333522,0.029824524583333522,0.0618904773384179,36.264431528488494,510.94773041573916,911.9460794908035,0.21064968254304403,0.4408734137978232,0.01822753186951633
2026-04-14,0.02820187031409595,0.047362241412575584,0.04249310137162198,0.2336461930195423,0.14148768628157724,0.0076220796204136635,3.932452130715956,22.950195726035627,11.156763910639638,0.011591053411987488,163.64383664749073,75.42836812823603,675.6884334694664,120.9641208604373,0.05619049881376205,0.011768114794195808,0.07257741704109806,0.03342628374691935,0.0407181684271302,0.0302279595417137,0.0302279595417137,0.0302279595417137,0.06200575179796875,35.994245902364796,491.4671774500586,991.359794884035,0.22243450397683276,0.4221875165278839,0.01834941646258468
2026-04-15,0.028280886918167828,0.0451342423455296,0.04092363323216036,0.23190947375965307,0.13179681311493302,0.0076751696159928825,3.81562331059329,24.05551297697509,11.984595608123284,0.011694108483084416,150.50401301033534,66.52110605253702,676.3889748509696,108.33692633862137,0.05670707277324808,0.012090411042196735,0.0705371000189916,0.0323564143733732,0.04106074139426844,0.029650501881449097,0.029650501881449097,0.029650501881449097,0.061137431555377195,36.093233001201796,555.6878932048029,846.7248367009012,0.24141237635299434,0.4356893813965943,0.017739167937889294
2026-04-16,0.02902150621332925,0.04281170838801378,0.03930989135392195,0.24022401506176785,0.13694974435458762,0.00792700292312219,3.9693640062214115,23.654087590052818,11.660246635321268,0.012055172101216458,156.9803294133095,67.71196293448169,698.0147545051128,111.59687907901939,0.051809815971074376,0.01263499244346061,0.07578215704266773,0.03317105817981788,0.04071219001453262,0.028575313717464006,0.028575313717464006,0.028575313717464006,0.0623487994521164,37.903572060657304,638.8196686570211,897.5755382451433,0.23925463250138007,0.442853460289368,0.01711567074709227
2026-04-17,0.02897261474947911,0.0422481770905151,0.03901603412653514,0.23059104305571643,0.14366354365307152,0.008192135351187395,3.9326009179338377,22.96076510978463,11.176423276884993,0.01143798346917427,149.639842517977,60.79367707468385,731.553972072814,112.88006690337481,0.060168109338296784,0.012179416659244616,0.07436445021757136,0.03179799188122585,0.040850705477008496,0.02800599011259654,0.02800599011259654,0.02800599011259654,0.06250607033752273,36.500186441712664,577.3240535341138,871.3746160086731,0.22291117619368367,0.45106090464957094,0.017849496291907286
2026-04-18,0.027762358875124127,0.04307873892179002,0.03940147030739483,0.23179861041348218,0.1425678544111051,0.007905220072570992,3.826470826822269,22.2721458631594,11.375298103990039,0.011868291334261273,155.693115393885,48.95196760570747,710.0880037203756,103.46414216157622,0.05557853154234146,0.012074403912860594,0.07693611011558399,0.03287451676866501,0.041153795612183644,0.028789718813956134,0.028789718813956134,0.028789718813956134,0.06120419443319209,31.76478239593928,509.5821918683593,884.6968873779912,0.22510784865099354,0.43303184586475935,0.017496600589882116
2026-04-19,0.026929269592735998,0.04582892120695289,0.041235156585971496,0.24324813351193245,0.14843597006134593,0.007800678404930603,4.280331787446628,21.762900129237973,11.380189792614816,0.011755106750677447,150.3626649038451,62.419687321610894,616.7469751529878,101.34439522945013,0.052663706687323064,0.01196664199221293,0.07616660912199837,0.03444043812185275,0.040996577321916444,0.030662811902198037,0.030662811902198037,0.030662811902198037,0.0642208562378343,31.084593410329184,525.3482578481091,948.4430802945926,0.22867121198600066,0.43144136217811435,0.018208679845060482
2026-04-20,0.027998674611551033,0.045048112757196015,0.039158343566571864,0.23813072058898524,0.14031985546443063,0.008264308324924948,4.251591968413235,22.94964638635152,11.81123257842507,0.011974496069558357,166.88156539278998,63.78123437291887,688.019470970194,101.72187240308057,0.051578133992160095,0.011431184333561077,0.07345798145248933,0.03468699291757574,0.043855602070914476,0.0302203907019768,0.0302203907019768,0.0302203907019768,0.06506230717415988,35.73838019070478,577.6853285389507,916.4283190485378,0.22147868918913835,0.44522024373259045,0.017417846304887925
2026-04-21,0.029024782411841685,0.046452329334578574,0.04288046588043577,0.24842481409236367,0.14191468041768426,0.00829189035068691,4.179011042048638,21.787467797953045,11.482643575304527,0.012087839795298408,150.56894404233836,63.22192598801077,772.3045040852592,110.31297509260703,0.05376209019769225,0.012342934846972105,0.07955230961690592,0.03484689774779373,0.04703245573884628,0.02941211572266867,0.02941211572266867,0.02941211572266867,0.06521504822117377,37.895404564501156,527.0155840497681,979.1219724895243,0.21864803964559232,0.4585570973391542,0.018395000976228093
2026-04-22,0.02703280989694483,0.045472976393870955,0.04296025122050756,0.2456690015307426,0.13193308497069423,0.008491928647525208,4.124124137208574,22.38933560937329,11.399266212432709,0.011773092363528477,138.37413820610584,67.1058643300994,713.2750481981808,103.42499263970909,0.05408635729501756,0.01266472384683856,0.07738224258595709,0.035165795011659125,0.04451225843408087,0.031130258183136503,0.031130258183136503,0.031130258183136503,0.06469290144932849,38.46217493602748,538.4437969491024,948.6355834308521,0.22125554067032674,0.4727034956137469,0.018112780978629728
2026-04-23,0.028912147098398726,0.04489475875040168,0.03990230047108214,0.23982026499423653,0.1448344960157727,0.008010844056073196,4.210950512923847,21.28562431229942,11.97267756452062,0.011701886141953872,136.8835399417905,74.44042550518614,672.2662294311157,106.44399867074279,0.05661989646975117,0.01311929237537856,0.07323613561789258,0.03337380745113357,0.04189579827884089,0.03025331597362879,0.03025331597362879,0.03025331597362879,0.06028176944032244,39.78446239570548,477.7628963290742,852.8743797034649,0.21384998187684626,0.4601405305487417,0.018067764592140798
2026-04-24,0.027308898546376012,0.04575496009355739,0.03919310154010643,0.24930279343388406,0.14485616766532527,0.007946818723867611,3.9915025752115647,21.993287378008528,11.59900185308886,0.012019898841008151,123.07882645480427,68.13897747158668,649.9916213663428,104.78184492879507,0.050288462959342965,0.012574376744157671,0.07413510812308577,0.033154382994885066,0.04468218474147048,0.029698444933055172,0.029698444933055172,0.029698444933055172,0.05788210814313677,38.21440159695007,428.9636138848873,875.2055865192258,0.2202039461115467,0.46823177879356087,0.017665548552516272
2026-04-25,0.027135117702520195,0.044656953770436006,0.03949226228555858,0.24323300104894124,0.14548554397741256,0.008055308848158535,3.9725884539952454,22.09000538798484,11.71475136212149,0.012319529463549654,137.34573006693876,61.79619985710396,648.927043623639,99.99594970487107,0.05340121895257809,0.0123323996414457,0.07347102066765385,0.03447969529627532,0.04254029947289285,0.029358006070523954,0.029358006070523954,0.029358006070523954,0.056451089679539,35.80738084540692,434.91792489672594,956.1625642610961,0.21851099680951752,0.45270686352737705,0.017315915805230328
2026-04-26,0.026968915647268575,0.04445855246038733,0.04054394831266605,0.24481321341443513,0.14467282623398978,0.007736601662343565,4.197797833490468,22.98915928691018,11.079865418316956,0.01238962546980402,158.6962612930891,67.99029856553116,651.217696687203,103.87378162161396,0.05082337809449939,0.01242436469279555,0.07358240911540054,0.03563565153062526,0.04367715617321606,0.030537717750713265,0.030537717750713265,0.030537717750713265,0.05988891098691154,36.365326018032995,453.0929699357782,934.3771305943212,0.21065704232693241,0.45788657183440507,0.01694119849771606
2026-04-27,0.05132869649574911,0.04299293385764701,0.040429394569480144,0.2429676977307309,0.14614192340558824,0.00797893187504428,4.061772008480292,21.579528634602177,12.251622441084907,0.01126874214120629,161.37871519916214,65.58071992264401,672.2655314831339,106.77074319115142,0.05307049785520967,0.011511820084782205,0.07584021421540918,0.034870720159102274,0.04233000953933563,0.02839735649480539,0.02839735649480539,0.02839735649480539,0.0627760177438851,37.889717716594426,529.5865647105132,953.8658847462195,0.215963972338068,0.4453572107442572,0.01858339331065314
2026-04-28,0.05210268934765859,0.04271712018022443,0.03988600271738231,0.2359379974102533,0.140829833678296,0.008282375828411546,3.9873713899671155,21.567579790852182,11.906458272888788,0.012663893788147047,178.42713554433155,77.93383650546323,752.0774950659447,112.57342250774394,0.05455081134032423,0.012182469223194332,0.07443347528462199,0.03253683125578111,0.04235067247922205,0.028285744848547373,0.028285744848547373,0.028285744848547373,0.05795973985011394,39.761710348521895,511.7566869033467,913.8908570050628,0.2260064397548277,0.46441604156201916,0.018271319967708012
2026-04-29,0.050297047836343776,0.04408315968565758,0.04153597340970558,0.23099423311742778,0.13992387646498008,0.008688541789549467,4.038577145870119,21.712559117064362,12.444310153941366,0.01244147026598483,169.7027413400668,72.65964377249314,735.202163006188,106.96197083685018,0.05451864016771967,0.011897167059024471,0.07306882054948102,0.03297110051300098,0.042483573945515024,0.029404344808718494,0.029404344808718494,0.029404344808718494,0.05953674014308574,39.604803608959564,511.71733347187296,908.6783155163001,0.22674854432496588,0.46637221933762013,0.018855236676697928
2026-04-30,0.05135122629532916,0.04412734012204915,0.04069710901813879,0.23014762316217066,0.13731399001679162,0.008405791849447283,4.211412402602647,20.703426772133827,12.736987073536111,0.012593082864572993,158.33525687249278,72.42915348525354,864.7523665561492,116.83450312111285,0.05454517006748917,0.01167283772817201,0.07615925942023162,0.03289401371772282,0.04482929422531207,0.02942151388324702,0.02942151388324702,0.02942151388324702,0.055941379086659714,39.92448766105336,476.75742229005607,942.6171210121466,0.23906627935611222,0.4409464790915929,0.018141093402306612
2026-05-01,0.05073506813826285,0.045955884182149034,0.04051514711694429,0.25608800732854836,0.14258880014802672,0.00838568015315226,4.148943920157021,20.522689666389994,12.204976032026906,0.01314076008408278,141.36141954217058,65.71556464102693,733.4027403049205,101.1172091208344,0.05880474889608103,0.01124615240994799,0.07483407949438155,0.034887088005844474,0.043691724841178045,0.027098952078907248,0.027098952078907248,0.027098952078907248,0.05832594901495528,37.91280723700238,451.76930534346224,948.3593345338329,0.22671263100452002,0.4420703239852907,0.018780780128875886
2026-05-02,0.051685611359482145,0.047000002764894834,0.03996810830660166,0.24934557212720648,0.13547218417419044,0.008138182222393226,4.263115542326738,22.104467949029946,11.594298199509993,0.01259376719319522,126.0096173858635,64.10283907879908,757.2795056265769,101.93885573871944,0.05712415870791577,0.012484724507807908,0.07718593077240654,0.0341198438728022,0.042077968644526086,0.027202781568086674,0.027202781568086674,0.027202781568086674,0.06403562228852558,35.37418676536567,455.06140073457277,910.9131989914738,0.21869116664902652,0.4530410160301331,0.017938324825794338
2026-05-03,0.0524056723208404,0.04416400734057257,0.041071443725453315,0.23742390507139047,0.14316930959117014,0.007979719468599194,3.9441298502784283,21.28308267548738,12.313613696478573,0.01212388747826539,131.4536001738274,67.66192299021753,663.4790028670351,102.12859844528975,0.05530049247747115,0.011558674309208148,0.07043343290205036,0.03546942358396401,0.04213493101223903,0.02994931255484418,0.02994931255484418,0.02994931255484418,0.06576303942980546,34.94541218916668,473.64249329983426,983.2205110371407,0.2369486138436002,0.4503362047168328,0.018041235650354447
2026-05-04,0.05312463702314846,0.04397830870259313,0.04088431056687775,0.23086788558858468,0.13692268319235312,0.007964033245082176,3.918656219186811,22.274728377960326,11.601194969458945,0.012181548371938735,149.91733168733015,74.0149465044886,692.9867287925283,113.826064544385,0.054699674244699674,0.011605368768673938,0.07122401475451966,0.03527442495427027,0.04098360777041674,0.03045765752089091,0.03045765752089091,0.03045765752089091,0.06131668506723319,33.961131816454895,498.8756099860307,917.4639990478933,0.22189417155124336,0.4251103297808254,0.018700449005196945
2026-05-05,0.05313640591509164,0.04607237259643454,0.04128074551013398,0.22943470681476533,0.1429520889898763,0.007746030906454736,3.9192335859479206,21.545225924190007,12.3748951358996,0.012338092988043368,151.56891307410095,68.76333344298304,745.4384735036233,111.62879688001341,0.05679202148862258,0.01219204603798168,0.07308004338776389,0.03492924840100851,0.04690831546748308,0.03019035105560712,0.03019035105560712,0.03019035105560712,0.063392235460128,37.15927733979318,571.3319650130105,889.5431162899697,0.22914715462357368,0.4649421220752258,0.018854078251576
2026-05-06,0.05392325523608539,0.04658359060913953,0.04085447377743545,0.23279985430823247,0.14020037489666537,0.008154037330894164,3.797270076078298,21.518287121355012,11.986608816087177,0.011808350716460166,160.2837967148766,64.64981581675303,734.2640342861106,111.75683114082815,0.05263907696246456,0.011840823153514179,0.08135211586881365,0.03345444960670316,0.043511235749173434,0.029416897715775263,0.029416897715775263,0.029416897715775263,0.061464128215150564,31.93431313041239,509.8031991645679,924.6139897900528,0.21523319018989545,0.4390868178570655,0.018340753123591097
2026-05-07,0.050433455430515,0.04448049295440148,0.04024896056755003,0.24948788039265704,0.13901090098847682,0.008192005751829224,3.9451821018590105,22.101984656660512,11.952236503104709,0.012009347344856808,155.45598467762497,64.71810102683457,743.0737284838513,100.27502344041298,0.05304250359220462,0.01201031868457844,0.0735630440938111,0.0349994441906213,0.04076807872617225,0.031102759036217502,0.031102759036217502,0.031102759036217502,0.0605046726460503,33.64676226405823,549.3880941985391,919.3091160147109,0.2200823552640663,0.4362285758676449,0.018598068949881252
2026-05-08,0.05330066529778842,0.04559391761258212,0.0388629343870369,0.23894855700662426,0.13684538736958424,0.007958773775016692,3.9628218733761718,22.163992540389046,11.769050958583026,0.01181563365142978,160.86540347787337,64.69551527159473,669.7801105533703,104.84525592986522,0.05446467676832524,0.01299779627570643,0.07423855319220798,0.03475429654657618,0.04119367627153454,0.029874091736730758,0.029874091736730758,0.029874091736730758,0.061165760090785296,32.95430436388748,549.7132825746492,1000.4515336347977,0.21410518026681585,0.4529243645281879,0.01857198429496195
2026-05-09,0.05308233381989228,0.04463971808417937,0.03860228927339814,0.2179432314251495,0.13990377891967778,0.007405428862628503,4.0247506407266975,20.98188281234103,12.894249128248688,0.012210072989020911,145.38431236002313,64.35288497302511,607.2984652368864,106.34549406025776,0.05393600336439368,0.012385907850797113,0.0715588822291435,0.035886859286384964,0.04051302821668315,0.029068045048669666,0.029068045048669666,0.029068045048669666,0.06245988432380326,33.45722741562953,494.48629834771384,863.8923385754055,0.2262771260772428,0.4505919696718358,0.01808889539483361
2026-05-10,0.05021586434787577,0.04254858293592753,0.03656097927650119,0.23614242628309598,0.1413223779103897,0.007762560039775278,4.081625689416988,21.80751689309434,12.086953508848651,0.011914486078896013,149.35607983771482,67.89844211420768,699.75832772045,103.1499064268016,0.055179736352802225,0.011954788572593167,0.07333929507528548,0.03522071089036513,0.042266443929175015,0.028774180968960377,0.028774180968960377,0.028774180968960377,0.06386414965804763,34.17664444507381,481.69398024100394,812.2572745357038,0.22201307540927492,0.4453194441202026,0.018536696800080497
2026-05-11,0.05187408101558118,0.04297138038844246,0.03841054190480689,0.22688875539621461,0.14119036128757326,0.008073948582012875,4.070216029793854,22.097376965820725,11.627717664032378,0.012580279206223333,163.1957875106372,65.38335071782467,748.7046420906188,99.44979956042894,0.05479975333379772,0.012087629867508191,0.0732696995140307,0.03483961329568194,0.041376243537765305,0.028108825090447723,0.028108825090447723,0.028108825090447723,0.06570757411378189,36.7140175104945,468.71195069570837,959.6276225047842,0.21844315163311115,0.4358697885266384,0.01758986267129424
2026-05-12,0.05014918718823389,0.04488713728470505,0.040511407906856284,0.24013332343094623,0.13916671521181387,0.008193590860836878,4.170232115528442,22.120516846801785,11.351476191237301,0.012024529268166691,163.05201662513204,65.97652375652477,755.0323175930222,123.08539170393222,0.055675684643579644,0.012141480707853267,0.06960604371868886,0.03670953172505267,0.04301331909516339,0.02836109772304918,0.02836109772304918,0.02836109772304918,0.06664303566061595,38.92629211891887,519.2659634760291,954.6848560499129,0.22015437089291082,0.4509064166404362,0.018313562562796155
2026-05-13,0.051043096804797794,0.04517778597936785,0.03976365041693129,0.23371086776352845,0.13470402140650276,0.008192677938619044,4.146311707601244,20.496842199034212,11.087167063412155,0.011846695968492072,135.12354532799398,63.529460528844126,763.2033538309308,111.56113490055104,0.05708921169722124,0.0115061391286425,0.07593414040314343,0.03431366402699584,0.04319718664951816,0.02827385387870817,0.02827385387870817,0.02827385387870817,0.065208150747806,36.02739740583316,456.29674436049237,1006.4560661593515,0.23682478468155915,0.4519631377578564,0.0188113476355846
2026-05-14,0.05146093553947311,0.046500103810478845,0.041160850236480834,0.23728229153575106,0.129850389814765,0.007805727257519489,4.084132506496553,21.43106531892296,11.128311953183173,0.012368225743503415,166.35018758688045,70.06206402733777,733.3111978127374,112.80678827802339,0.05638300686044455,0.012873041587686686,0.07637435024543678,0.03506182515565803,0.04173008516427269,0.029509461545607484,0.029509461545607484,0.029509461545607484,0.06357179319968428,36.51193514626138,458.61404949915595,924.1979232801305,0.22428598138068206,0.4429093883453313,0.018100456029048896
2026-05-15,0.05359940677472285,0.0488139996497154,0.04183503154401888,0.2345487664538652,0.1360696111647352,0.008326262451358679,4.049028209674554,21.851243546822403,11.255354322252606,0.011814139334487626,148.89101374854644,69.93098229983488,629.0880215584359,118.93175638021035,0.0570351959618043,0.012345365816037708,0.076787074024919,0.03329373831294325,0.04105488834056477,0.0312642962340563,0.0312642962340563,0.0312642962340563,0.062317001080917304,31.535446612869393,445.16353669802504,904.2390433890141,0.22599979916769566,0.44611711724915626,0.018589999692446763
2026-05-16,0.054095291196679114,0.04646530078902361,0.041428027096452935,0.2414574918545448,0.13153112793631042,0.008116406237395322,3.9123390183029367,20.44888783394034,12.259932936775193,0.012273690380225175,150.68174757209496,70.95971364200952,693.2296694518108,107.55449822907879,0.0586782990277591,0.01249844148244893,0.07290910688548496,0.03355152892302589,0.04287539404673826,0.02967231981583179,0.02967231981583179,0.02967231981583179,0.06547841789893878,34.42677294523987,439.1532991264203,875.533691991033,0.2207160901491759,0.4834299779958431,0.018094937043105008
2026-05-17,0.05658620730216114,0.04700408919683644,0.03980154578233949,0.23971496990656882,0.13050042790811978,0.008053091515187745,3.98286590460153,21.115592469024826,12.217688758440396,0.011919615359961873,148.44264366580677,66.92422095758872,747.74954641645,107.53197421316062,0.054679690183706234,0.012380799498889846,0.07271116302822118,0.03362905218904788,0.04270707537599062,0.03131787620830594,0.03131787620830594,0.03131787620830594,0.06787947406565846,33.013539742946286,469.5334317646976,997.0940076473163,0.2139387421277224,0.46855677844345445,0.01798216093164584
2026-05-18,0.05380349584904263,0.045973022703294404,0.0407090838471557,0.23960466876045547,0.138511875435191,0.007818441650658533,3.8130761461360376,20.756279409492034,12.619941562907801,0.011790009129610545,170.40820822978648,73.51422920684834,797.300142442328,122.14563881702217,0.05393246679362404,0.011898772131038644,0.07070763497826424,0.034714510713065604,0.04157345777963536,0.03124212962901706,0.03124212962901706,0.03124212962901706,0.06261517761576017,36.249634422668144,505.57719558566686,980.1881612420459,0.21417119077525154,0.45237033276856153,0.01881175445582805
2026-05-19,0.050875567055173224,0.045052654616290815,0.040933630347081834,0.25136361325778944,0.13869550199436984,0.007869203373624562,4.268667194134647,22.20121332496625,12.015264816514662,0.012504234340568608,185.53817524353502,74.16097433489558,700.2324092049394,130.98582739612618,0.05546711138700082,0.011777414753862642,0.07311571022051465,0.03444585827297697,0.041429001671231994,0.02921354696344022,0.02921354696344022,0.02921354696344022,0.05988668865622034,39.53695443444471,505.3254332034023,1111.764349726105,0.20902671958872646,0.44308420036950624,0.017944975967638818
2026-05-20,0.05356015111598877,0.0435479646418543,0.040422796308237106,0.2712229377974009,0.12965278442113237,0.00791368113780044,4.155963182022769,22.775409071347188,11.41869483091949,0.012455890540268716,166.08450630023864,75.05563103435722,692.4770222715966,120.59827557749176,0.053910451315618294,0.012042163642890825,0.0724299185509934,0.034289839935215,0.043526985116735445,0.03108156707371819,0.03108156707371819,0.03108156707371819,0.06220693099561643,36.66430180833819,557.1480438761306,1095.8953945164978,0.207917701696141,0.45615925153707704,0.017538667478405257
2026-05-21,0.05071486636143407,0.04232528507123977,0.040648176971280016,0.2581663290691375,0.13152044431272114,0.007566619973334163,3.943074427937968,22.392702519218403,12.791654572917569,0.011888381810575159,169.04422011567164,68.63154047764043,723.0689226539155,99.44050089256316,0.054317876970300646,0.012096402025935838,0.0728388081157665,0.03188983656306984,0.04202324029537583,0.0321568769397069,0.0321568769397069,0.0321568769397069,0.0645624854242788,33.39876466199762,550.0879157101339,925.790159528136,0.21360645879264087,0.4349669082310111,0.01790368179103702
2026-05-22,0.05388083382008041,0.04518405742032453,0.040764356073148614,0.2451254725373766,0.13665904507489784,0.007912178098150247,3.8428381444455875,22.131391636081595,12.201141431164377,0.012019758199816837,141.58447518082764,64.14425792286737,700.4678734228768,108.48426251381038,0.05794035005688475,0.011870690342513575,0.07168436689621546,0.03329201011302293,0.04388850804636733,0.03212429372410582,0.03212429372410582,0.03212429372410582,0.06829186083683349,35.41717031112553,594.2125608847049,959.8617913789503,0.21247496702499627,0.4681797271960685,0.01857771399615465
2026-05-23,0.053876964935380314,0.04453711947719103,0.039586994207412574,0.2426088251383397,0.14271948074468668,0.007673041498002556,3.9100165770210498,21.334862824776913,11.96904695810524,0.011924453866730822,149.50283809820576,60.106519909447414,645.1367539397723,107.72250154987272,0.053550191738412876,0.011635477939658316,0.07162682063723615,0.03292491113903016,0.04334546770674481,0.029566368656360975,0.029566368656360975,0.029566368656360975,0.06397922670026766,37.14180741213843,563.8272827406879,910.8455753107966,0.21733376352304418,0.47904160752258534,0.019250417053511097
2026-05-24,0.05506430614358252,0.04650498056716117,0.03988189316207273,0.22591760121141802,0.15040297123042015,0.007778496559470561,3.844306712072379,22.368294512582565,12.27781677623668,0.011902286172416853,163.2451021073877,65.05187983098871,644.4252956778022,107.59355477897155,0.05428881623897675,0.012170767437584443,0.07426318980907112,0.03300682659458513,0.04024740776301335,0.029910676158057252,0.029910676158057252,0.029910676158057252,0.05928547628109043,30.935968250033046,517.994809801085,849.3712950081263,0.2203449326772001,0.47131429406197145,0.018864411180180583
2026-05-25,0.05562277277423022,0.046329158931647,0.03987965882305378,0.2355895242626775,0.13744348228664013,0.007931096523875008,3.8994803380056564,23.66805921716246,12.50941709893057,0.012474698007934328,140.96634705939016,68.36167735945882,668.5835989398433,93.63908160861692,0.05648982071947296,0.01208331017770621,0.08139247898990147,0.030363430839640302,0.04243524244094243,0.031037881768689254,0.031037881768689254,0.031037881768689254,0.06311050335523906,29.810121847199945,453.98494496890004,746.685060955239,0.21592742645380605,0.47507264032070157,0.017829011431265203
2026-05-26,0.05334039775914624,0.046210243489160634,0.04106365721848901,0.25576555855731786,0.13587263638993086,0.007544556812103365,4.298217544663642,22.317693317673307,12.326823030676191,0.011627693252143561,158.32887632763874,83.27972404651355,815.1230210269329,117.94507985309193,0.053924122045171545,0.012177887393594928,0.07732872842398678,0.0315048807823447,0.042603270512513405,0.029234359315253085,0.029234359315253085,0.029234359315253085,0.06328807003514887,39.14615172190857,632.7782502564659,837.2167109281173,0.21212317572298242,0.45193602889655105,0.018689381748846618
2026-05-27,0.05246176760626577,0.045081160237504615,0.038441731368117134,0.2369580273148418,0.13927917109750215,0.008169286799866256,4.246741913761299,22.291449063813083,12.301791206526406,0.012127714600338213,144.63914964251572,72.9280432392125,856.719952883226,118.81845293234915,0.05384144263506279,0.01234375481259692,0.07355426935664759,0.03413671070954545,0.04206057644955351,0.028131974110847384,0.028131974110847384,0.028131974110847384,0.06172383298301438,42.12395772381795,568.1257759932686,983.24725785865,0.2256410963582848,0.4267708385183999,0.017953144707208876
2026-05-28,0.05254306322100197,0.043805845356751395,0.03999653713750436,0.22751949758514423,0.14006718691976605,0.008100300416026185,4.182368291278555,21.616308820798263,11.965073938722462,0.011050551623614723,163.29617952054528,72.148815420887,756.3230139773442,125.9791894245473,0.055028464165312534,0.012204329636518395,0.07297669124184042,0.033935266468475375,0.042146528168636364,0.02835305326790055,0.02835305326790055,0.02835305326790055,0.06100532850404092,33.979299692293786,488.95717950357323,1101.7726241560235,0.22046428985540292,0.4591117405499404,0.018158897528550346
2026-05-29,0.05157041274600802,0.04762816757838593,0.041849789941010664,0.2264630135396117,0.14460455532382155,0.008234256492824731,4.143135232196719,22.217502954286896,12.395219172100663,0.012527450590089619,158.77229685027746,62.02105136005415,723.1834489309304,115.8191118253127,0.0536133476719724,0.01275767173301351,0.07310672405501484,0.033972774738396425,0.04301398755980646,0.02917951536419521,0.02917951536419521,0.02917951536419521,0.05795154248351324,32.73357461520747,480.91177902722615,970.6686130549522,0.21547617501390492,0.4634497836766807,0.018650489189044137
2026-05-30,0.053065072126014086,0.04633898640894213,0.040197533824378295,0.24172928952470799,0.14263247793280798,0.008007170303985947,4.085381406927728,22.47850320549977,11.620400654412435,0.012411970388196586,144.50840871786815,61.57843699739086,777.8260666407037,120.65323812546241,0.05014329182358553,0.012362103937215525,0.07738961089852488,0.034023228351614074,0.04283041691007306,0.029152500105247975,0.029152500105247975,0.029152500105247975,0.06327065018564967,32.356389755246035,494.49783595378824,874.5776522515124,0.22375398009655822,0.4314911184715248,0.017867996507932155
2026-05-31,0.053635570431608104,0.043166446211006425,0.03974589760949466,0.23197424619152043,0.14485539352753787,0.008292118655550622,4.195504935256021,22.106417131964918,12.202724850067021,0.011779217725553163,131.6204822969033,62.7494905065535,703.1820822072234,104.98624889985336,0.05168474926892115,0.011737757585621348,0.07605247774219123,0.03203639090921149,0.04164584819567137,0.03210908392807861,0.03210908392807861,0.03210908392807861,0.06199168645378342,35.35310157209346,487.1199057914814,901.4574273236449,0.22141240426902406,0.4456857845831521,0.017449744728695208
2026-06-01,0.05377588147720543,0.04295132267400003,0.041426132914676846,0.2280156088615068,0.13615887585001338,0.008006704102022155,4.088754987745838,22.40820723906158,12.011512005128925,0.011789842323684284,155.30996475969175,72.82641320606271,746.531945072529,99.97825627342039,0.05422527837295986,0.011816726280922852,0.07580152977024487,0.03373717417977603,0.040703061257614956,0.03019879830130302,0.03019879830130302,0.03019879830130302,0.06218825165742074,38.60983214498809,560.7460886893523,1048.8480460445041,0.21773637473866633,0.4387536935506546,0.0170034611239373
2026-06-02,0.0540999736151888,0.043597612901075875,0.039778361352032124,0.2322289058253249,0.133982805840872,0.008057972023186429,4.040511963371181,22.021434882838072,11.976741619250607,0.011554977469888907,163.96358396677994,83.73575201290744,725.7932840012481,98.01471938889811,0.051920204207072336,0.011912119498025458,0.07455127521772388,0.03305174146138497,0.04104616648230356,0.029786433371629555,0.029786433371629555,0.029786433371629555,0.05964010869357157,37.83674799461171,576.1611107366996,981.8970046666748,0.2218504284930408,0.4514081049356782,0.01750200784686354
2026-06-03,0.05472970956865797,0.04375180540339456,0.04140747134774252,0.24850583978734697,0.1360624955297924,0.00800512494366203,3.8980923692324554,21.89697919953891,11.76027232911822,0.011431429807127837,173.6283707750938,77.38883697400124,741.8209290601809,117.05826761824224,0.054491713743931774,0.012079080876270614,0.07715341520486414,0.03198553037363628,0.04388460026498296,0.031108191133384276,0.031108191133384276,0.031108191133384276,0.05847171422360134,39.352719817919144,508.1578514350532,1005.7310209503455,0.21085253381071414,0.45676997903050837,0.01740979058082531
2026-06-04,0.052970184340749536,0.04606053993871548,0.0421203545384951,0.24377465673156065,0.1385644936018147,0.00837950889196402,3.7031253063680425,22.83924687846615,11.506012238756071,0.012083984763899604,166.44941055485617,68.53712376131709,752.1147535257934,126.17980829766647,0.05472841633624006,0.012854726879740019,0.08115134172037762,0.033835413223641024,0.04111866535488591,0.031329401125833004,0.031329401125833004,0.031329401125833004,0.06009874284506404,42.1124579488609,564.0728578195296,1006.07816067977,0.21921767566133823,0.45108454576946533,0.018342862695665176
2026-06-05,0.05190808087002449,0.045637553027590164,0.04045528611189352,0.24066219287805865,0.1402774363495413,0.00825723807808247,3.7261233258159625,22.271680493414056,12.186704863296846,0.011506847541402682,159.24135056952292,64.8664705149528,851.3595362810142,115.5019943046784,0.0571933431077843,0.011923174340757311,0.08057265182204977,0.03569418713845214,0.04137610056944658,0.029837460882553304,0.029837460882553304,0.029837460882553304,0.06089185663018661,38.97410135689228,554.9105739954717,991.3899493419823,0.22037796271530488,0.453486213989496,0.017632130717930832
2026-06-06,0.05534324311659196,0.04462701243463282,0.040301716410860215,0.24020703188097034,0.14697562275951956,0.008390473812401612,4.060874506127106,22.507197033574652,12.317021233537695,0.012096166670287031,159.39642867103413,58.37112181144085,721.3813614867956,98.35798333734738,0.05483278570534515,0.012629195333664607,0.07355870372691896,0.0345298672767304,0.04099065859172648,0.02939149470153316,0.02939149470153316,0.02939149470153316,0.05882919079602327,36.36920814133186,516.1584075359503,1124.6903750241527,0.21598293555651096,0.46516774234058395,0.01800365118479816
2026-06-07,0.0538358847912735,0.04400647492980946,0.04191710371622657,0.23287307069550248,0.1431867467263453,0.008017785110233043,4.197459214524339,21.685198350208353,12.26452485900694,0.011991001158575373,164.06328231426846,63.796665003093715,750.1737564175754,100.98132222560587,0.057197823304776504,0.01187755323915932,0.07756193286580963,0.034701198406476376,0.04027444727021274,0.029317785702532607,0.029317785702532607,0.029317785702532607,0.06367652395212538,35.49136404525796,464.8686273935319,986.27673411477,0.21201343053362603,0.44415970426182616,0.0179239190016833
2026-06-08,0.0526197596665536,0.04651576779807348,0.040434903123651264,0.23096784155061006,0.1445062296133484,0.007662440525814543,4.099473541996663,22.085903087782977,11.598206744747,0.012689422024752662,166.7645736215408,68.91168074464478,793.6652561984953,119.07775643354391,0.057038143111255914,0.011860901416559341,0.07169378847217639,0.03150246725149835,0.043557964905877065,0.031616529587606655,0.031616529587606655,0.031616529587606655,0.06549831396669809,39.52018853825649,531.5537550503801,972.0918328068742,0.21826852436409352,0.4414835400422314,0.018314518090123647
2026-06-09,0.052161248813684176,0.04681907305546176,0.041382867089094305,0.23262748000083666,0.14099214259713716,0.007971341892187542,4.010173920027825,22.398704869285652,12.050532791582588,0.012496680996029928,176.4775215064545,69.69318994664684,848.6520297585927,126.77708094461214,0.05285507547911246,0.011869230348968867,0.06956143302756294,0.03423028089598117,0.04185710209841471,0.029583105835152557,0.029583105835152557,0.029583105835152557,0.06658056736787368,41.4433698788218,577.589815289973,1005.5946824641609,0.2227820354634405,0.43499506154244094,0.018043092136455025
2026-06-10,0.05154353609007353,0.046561779293871314,0.04045874186757893,0.2356971618102045,0.14492974705909586,0.007927598048031476,3.8352024121323796,22.803257725526546,11.57151172562453,0.012154297637310883,182.33342415743468,66.39822824604994,804.8729539844525,124.92204011536874,0.0548320548674987,0.012416175087483428,0.07585250059545486,0.03441796883115248,0.041758383111320574,0.029828794676873126,0.029828794676873126,0.029828794676873126,0.06366927082305643,43.399461875383366,592.1982331893182,1029.3869183155439,0.20906453936398414,0.45468426791202277,0.018446909956872638
2026-06-11,0.05044282221386438,0.04442756995835414,0.0401854055824083,0.23761150738139772,0.14590914033794303,0.007488283626296003,4.003502637276704,23.428158198839647,12.117489564908723,0.010945939847560761,178.0955202120242,68.6908576867438,859.5847508747631,107.55932695376035,0.05468896431238897,0.012104668026746092,0.07875408368089389,0.03455943584149569,0.042607078299821875,0.029980080064885187,0.029980080064885187,0.029980080064885187,0.06367057120165093,37.04828896603768,610.65988440696,1035.4343366873777,0.20529953801961273,0.4523584794817749,0.017626189789115735
2026-06-12,0.05115701397136693,0.04288530053184589,0.04162023158338218,0.24557431390496662,0.14506816453819674,0.0077216545073496385,3.9513567416711406,22.699111246751603,12.845571470882128,0.011343642922344705,153.0864333415746,74.26879648046831,882.135858709811,119.47279655436394,0.052477075758298894,0.012187791034356651,0.0790381945932198,0.03440004749285614,0.04063952654947827,0.0322167741964534,0.0322167741964534,0.0322167741964534,0.06373560592620403,37.93786486290335,574.5369876293639,1004.4782546227392,0.21494702893138432,0.4651939688506899,0.01816528907107148
2026-06-13,0.050530965466003254,0.04407700430271601,0.03936858262138396,0.24598836690449857,0.14169439285131677,0.007829873148617638,3.9071737376130367,22.244694499524865,11.964029546878722,0.011671429845093033,155.3312683770875,68.2946161955905,876.2218764797419,120.67217903617868,0.0578027554611686,0.010874699185385922,0.07696958409977797,0.03263862005499995,0.040363514901707545,0.03151747279122816,0.03151747279122816,0.03151747279122816,0.059859632298543304,42.84679108131771,503.1768787984681,911.5983478469019,0.21622809374107474,0.45928605361946406,0.01796002764593391
2026-06-14,0.05292535698482825,0.04275582826889247,0.03932359998022589,0.23334882360277218,0.13639128765709896,0.007897939868238623,4.265265183781169,21.83997018251112,11.989025000368809,0.012380302089533888,154.09826021228147,68.14893855181978,842.3395999258984,111.74137843228331,0.05458605875501138,0.011630360177535121,0.08167315638653773,0.03337808980175582,0.042046173988083656,0.029820269114225865,0.029820269114225865,0.029820269114225865,0.06049362287462298,41.76677566497545,513.3988705992499,997.2274711898958,0.21345172531238152,0.44562601279987335,0.01707782080896847
2026-06-15,0.05231021845746486,0.043459493143220396,0.03998631999128309,0.2347709588414699,0.13283023055390855,0.00783583357785509,4.204724036346381,22.365230894626187,12.624366485690846,0.012893123986784596,175.62337186185218,78.7430938705177,760.5578459497232,123.43920858815675,0.054542832503654326,0.011769513771663648,0.0803146450775463,0.03232367146887978,0.04255722329203741,0.02940735505593424,0.02940735505593424,0.02940735505593424,0.06041656420652106,38.84321619207453,597.7215743490018,1026.2991770981794,0.22239724982925835,0.4417758133605802,0.017740590677047065
2026-06-16,0.05291313128680967,0.04422469678346612,0.040259911384043535,0.24809048715070092,0.1331706281735241,0.008051794677151138,4.077273554791633,21.97887881771028,11.582939064637916,0.011912245781973937,174.41519795609702,87.74662839772141,679.3724456167294,122.42905376916515,0.05177522643639062,0.01182729070182924,0.07809002021948377,0.033699351684563686,0.04266746547575446,0.030833810133068823,0.030833810133068823,0.030833810133068823,0.059951999582234634,39.691454304795386,601.2925612842438,1069.5612563442783,0.21721580521039893,0.41044858291298486,0.018443569980784016
2026-06-17,0.05502648836321057,0.04519739800344639,0.03706450657405034,0.2530112707443611,0.13792355973495807,0.008228521494646309,3.9870281677711117,22.05035554223023,11.903286210513105,0.01231754208543954,193.65918451055384,68.10407504081813,757.8657022551535,123.69851866745154,0.05421400381892384,0.011277585465659509,0.07738084881103038,0.032675420309235245,0.04127286327343017,0.03139141930182661,0.03139141930182661,0.03139141930182661,0.06488860616843194,45.39266860895282,611.4491590631344,1067.7191351526078,0.2032423352753729,0.44835226091013025,0.018351678986314346
2026-06-18,0.05239745538076064,0.046493878315963494,0.038169702875187325,0.2523432326131655,0.1343688395155604,0.007982265541201083,4.116643912735307,22.028866734112444,12.513937968723578,0.011814755309244567,172.54668087863269,64.67553156167405,874.7520165520056,129.6566875995858,0.05282791568639984,0.011768857705383133,0.07627326159534013,0.03371463675782118,0.0434702602091013,0.029231335218708004,0.029231335218708004,0.029231335218708004,0.06479405228526869,40.95645756975377,576.0657142689813,1035.4156045714299,0.2213620353698521,0.46743911915256514,0.01838482760481237
2026-06-19,0.055921193914814885,0.04575686747633647,0.03813226189767986,0.24187527122176222,0.13627408063686455,0.007895581290198482,4.032965991096685,22.500471097506505,12.559609317402433,0.011828925271834117,165.0136964457278,59.11041573225671,684.2960766945961,107.20169150983858,0.05434682411260743,0.011167994468779842,0.0783496028690133,0.03414017152064455,0.04391529606210625,0.03013467838352903,0.03013467838352903,0.03013467838352903,0.06362351946242599,33.32097903762217,467.13501004048834,897.19225064467,0.2115431752768588,0.45601375953136053,0.018924076823914147
2026-06-20,0.051892929071489395,0.04587345427768675,0.037933997875872934,0.2347143086217277,0.1344075773460561,0.007908102560351057,4.1028533057956675,21.643904610732246,12.318988461587493,0.011617428165461834,153.05843331899763,74.7093965078695,679.5484699652393,105.44087218848291,0.05673453736534253,0.011784648518117839,0.07533130113868639,0.03288813589455791,0.04206656351674473,0.030710603746634868,0.030710603746634868,0.030710603746634868,0.06332858115728683,33.6611858888567,536.0470958163601,1026.2713966655701,0.20882216548236202,0.4644152123536178,0.01763910750117852
2026-06-21,0.052655117678420744,0.044917026979269324,0.039879279000777514,0.23971600930693235,0.1367709973155612,0.008163357200183772,4.450853876263348,21.47471178445751,12.516624518562782,0.011932256715330335,151.57849215883448,78.24357185640383,717.9119724488899,108.29319482000646,0.0555973639700912,0.012106277508369196,0.07276894797368465,0.03342159773985809,0.04253784605065529,0.03132665429006112,0.03132665429006112,0.03132665429006112,0.06591852391458904,39.99326532354059,599.5387836837667,992.699967789193,0.2163012401619093,0.44201808410697907,0.017699600272535657
2026-06-22,0.0529634952465409,0.04593399519887492,0.04238275478618635,0.23717971452056846,0.1404339024534445,0.008212408894493175,4.160553934131188,21.13331380888935,12.097442480718184,0.011514314412850644,163.5050758253455,73.5637841091276,764.1367590154662,135.57895294226117,0.056988211644949945,0.01215150252322803,0.07476579958720252,0.03518091650657921,0.043343174331396825,0.0321520680023205,0.0321520680023205,0.0321520680023205,0.06759767133817125,44.73978332738523,612.6561864605891,999.560091473331,0.2213149440706791,0.43046377759401117,0.01843986365117224
2026-06-23,0.05064932262410011,0.048827605535532094,0.0396170253266391,0.24227459746646438,0.13559616901724844,0.00824212139961311,3.9552963073248355,20.65084099655885,11.730736405077568,0.012010697096745591,149.73458409073464,74.36078665657497,786.5693525949052,131.58659952010868,0.05462693655490981,0.011962757417035313,0.07404383786126952,0.03405044358397712,0.043762476921679755,0.030121756934640025,0.030121756934640025,0.030121756934640025,0.059658813829696,38.38835885599162,588.268105073342,1093.2937800457303,0.20524503896115953,0.4412044403288625,0.017683175003552893
2026-06-24,0.05162808658625357,0.045792642067005035,0.04002242458249776,0.23996610663993392,0.1409017008322507,0.008406060543957703,3.913676062968174,20.044972554848226,12.15262136479538,0.012086721864802913,175.22615863273737,76.102473105556,788.1381076146398,120.5269929290348,0.054485407604224226,0.011765323724006821,0.07364058279146417,0.03603161800401073,0.044140131331163505,0.028481865763951925,0.028481865763951925,0.028481865763951925,0.05989444147570703,40.14429909289598,573.4653496648496,1193.4201155633723,0.21395115606005077,0.45829409300772384,0.017177930972147027
2026-06-25,0.051065456077440355,0.044972107632232,0.04191937435426267,0.24945693731362562,0.14431206227144228,0.007974112668196972,3.9105324633474203,21.640069967260843,12.355535835316758,0.012736427681564591,195.10246973411813,77.5054956340944,764.6845366693057,112.46390330839029,0.058770488220280664,0.012131185667045252,0.07689043909429973,0.035605923960924164,0.04189109667982112,0.028751858378399397,0.028751858378399397,0.028751858378399397,0.0607853935113467,39.21362310435841,662.7640596811121,1137.6356054543883,0.225412589735346,0.4471380158006263,0.01815962366612018
2026-06-26,0.0537116277518413,0.04501993014705648,0.03955535755355409,0.23577063633661796,0.13637429460469644,0.008084791661657582,4.05005228302277,20.858833077778375,11.818968759502514,0.01177415227322395,183.41309270465345,75.97016162575325,705.4331072451168,136.61112485260097,0.057341466630451435,0.012858697492061158,0.06980787645426743,0.036603646112159334,0.042618563657205524,0.029283485717637645,0.029283485717637645,0.029283485717637645,0.061310660193531215,42.02782031339723,627.3845252144997,997.8799929726287,0.21723730235900632,0.4451024386380456,0.018953291158334568
2026-06-27,0.05443822841045719,0.046418199584651404,0.0405541070375891,0.23457097820229844,0.13152419675490634,0.008346421406841163,3.9961981266559228,21.460010045629815,11.521108467852514,0.012003595014619303,164.9255037910134,71.42384800767148,686.061187671851,123.84084844749432,0.052743069824711546,0.011276340315468682,0.07158734961111392,0.03413439786291834,0.04083348556929963,0.028631033845089277,0.028631033845089277,0.028631033845089277,0.06188961525401194,44.4500480347209,572.2513201147323,937.2844295822957,0.22101998156661198,0.44469005754437557,0.018901997876201327
2026-06-28,0.05252656388851608,0.046452752143122146,0.039118913633597895,0.23087310053858892,0.1457737208764127,0.008015918467846397,3.896704440138048,22.082104082752107,12.102342426325567,0.012078243462735663,154.88594189945894,70.25086892323206,673.7680984705207,115.88208038876533,0.053807975692810935,0.012385305931600248,0.07103888295874873,0.03261979812013548,0.04287710043708839,0.02833031317329852,0.02833031317329852,0.02833031317329852,0.0635326642429271,40.520712578191876,701.3022008835859,1058.4773556080918,0.23528222822791145,0.4456076019167636,0.018333042471745647
2026-06-29,0.028492132983526673,0.04696715969740559,0.042102822768765556,0.22095537191515022,0.1356511789918349,0.007191172758211038,3.8953782107930506,21.467250293410693,11.470321652867838,0.011810258619367782,182.69693904836544,83.2840619779767,743.6138043071066,111.76788746129502,0.05554599982823648,0.011789102426268034,0.0738524875643165,0.03433664256285012,0.03936399550973354,0.029001192166910234,0.029001192166910234,0.029001192166910234,0.06717467162799526,44.74408127839699,652.6435477494282,1181.3217333698838,0.22509592907144652,0.43712144241597045,0.01683667566931493
2026-06-30,0.02825304735975498,0.04476233231270519,0.04011561048040245,0.2463002225176941,0.14066762393139498,0.007812955325197714,4.020780588440763,21.249511021686804,11.6082282559956,0.012061962731109769,178.3087784639935,80.42042583838473,862.5661877221048,131.63225338352945,0.05263795851949031,0.011411818404465184,0.07846558880055304,0.034629494883141286,0.04137827394439978,0.03054212797468151,0.03054212797468151,0.03054212797468151,0.06729797916550755,48.024378203293,610.4471985410449,1225.645196844516,0.21796927307288833,0.4350732031065647,0.016781438657299072
2026-07-01,0.0280249570722039,0.044763303660577694,0.03754572620281919,0.2385440708666055,0.13290060762581843,0.007791980698855405,4.038031819677413,21.833586424376456,12.712106916272194,0.012356847923915972,179.8823306899387,92.57389735669008,783.8339054748152,135.3741479337969,0.05799397782639555,0.01205257863683312,0.0753776022380979,0.03436112889267561,0.04184810072914808,0.029892344816740662,0.029892344816740662,0.029892344816740662,0.06313644786519845,41.339703976528654,598.5727913515535,1208.9605531426116,0.22404643573328545,0.4446793145174364,0.0170844552176328
2026-07-02,0.028127270183972933,0.04544264003133617,0.03747599836551638,0.25242368489013944,0.13809577744641435,0.00830699781184926,4.040384559187113,22.023198629034685,11.95589143798471,0.012319231317589175,171.56363464589185,84.13118461028904,831.7563630003849,138.38339778511735,0.05660475754835088,0.011492598231813396,0.0735395110655476,0.033046950899514066,0.04187300783490165,0.029785861180184624,0.029785861180184624,0.029785861180184624,0.06406978281595078,39.23944178556511,576.8388908677758,1180.9529135132204,0.21766863957872776,0.4426125409471046,0.01863703450169719
2026-07-03,0.027493209339634894,0.045604693003488024,0.0379815427308636,0.24345813507929195,0.1400554692161357,0.008274868674694003,3.9783187236783952,22.38848348055306,12.131582532999861,0.012406087039984214,135.48641558650124,65.65706345528139,683.8125667516314,115.96476488156888,0.054571157275170826,0.012099858980323064,0.07443342878607545,0.035205873856992566,0.04294395484937277,0.03103582840784779,0.03103582840784779,0.03103582840784779,0.06143689770879881,39.06646912010043,463.81925558213106,1038.8381932733087,0.21967018991450812,0.4380068887157144,0.017803580356055716
2026-07-04,0.02804790036918826,0.045665720669887576,0.03875918299966476,0.26242609051714494,0.1436449828739628,0.008369365961423226,3.9765185439793984,22.75192013184674,11.709579522289703,0.012093214535089663,146.59102143427978,63.587533187942554,669.869605624767,94.67047678542765,0.055477854652198726,0.012671335507049646,0.07481929130275745,0.03433071162943576,0.040167843977254196,0.02902022191807971,0.02902022191807971,0.02902022191807971,0.059211833781375636,38.047812236985635,457.7599438476184,1000.5912210375473,0.22677761597384455,0.4476621203585284,0.018026309356353555
2026-07-05,0.02932226791333027,0.04551062919913044,0.04097283135963881,0.240738959130065,0.1442189342303673,0.008765753658200376,4.020732118725937,22.6799913907261,11.28549431883829,0.01180626753190588,181.83076685985924,77.4748203109489,850.3967232482588,111.9552853037518,0.054697805652561785,0.012328571018202438,0.07590998746023585,0.03333625623074397,0.03934895698077157,0.029937767728053274,0.029937767728053274,0.029937767728053274,0.06223044889917804,41.81719172805826,577.1759859198772,1012.3737567410112,0.22409510363365084,0.4389274463580196,0.017684266141862363
2026-07-06,0.029006807457609387,0.04696432931953125,0.04088202208805459,0.24406333027004015,0.13855995081211386,0.008577147226346957,4.038485373646207,22.051700691348746,11.878582298799925,0.0127319176335996,188.19422517009102,90.61743937015795,823.1650441251008,127.23575882009266,0.05604755671882869,0.012025151284380491,0.07420325739264276,0.03448232618090993,0.042491679768015884,0.03015936020319995,0.03015936020319995,0.03015936020319995,0.06070748520320271,39.93602371593712,600.6481313026109,1077.164289937239,0.21773174956612049,0.4571730613465063,0.01706631873293344
2026-07-07,0.028212952094314365,0.04662748475882158,0.03957407127222971,0.24040269281985419,0.14319681190693664,0.008075342957032654,3.764220858811587,21.852443512762726,11.849538404554307,0.012380954000580636,171.79599876599943,90.7465533304828,889.0547623932698,136.51685906303237,0.05572503864489574,0.012777852331746487,0.07745942685281776,0.033586096317673036,0.043163580844848136,0.028782351854842812,0.028782351854842812,0.028782351854842812,0.06151410937987138,39.23533803299001,624.6068545180271,1184.67131270767,0.2135877514366361,0.47045324759980844,0.017656222769038707
2026-07-08,0.028834770707496037,0.044776175137417655,0.040633051299979545,0.23915298290376805,0.14005316767521503,0.008045918530369841,3.9177508864695976,21.312217734463474,11.281024468221784,0.012211426385552194,165.1180494512498,84.77768817348445,871.5619267551763,127.00067359150209,0.052142517278663425,0.012716724595242108,0.0748663078324426,0.03240697977801671,0.04108621353859675,0.029201915578045155,0.029201915578045155,0.029201915578045155,0.06523914959878678,39.65289459575562,624.0764503695003,1176.7320057454633,0.22552873823559974,0.4722672206233473,0.017392131847731487
2026-07-09,0.029110590037570036,0.04397071944537738,0.04203811293936759,0.23840925530051216,0.13651659263526358,0.008004787010176066,3.9697845912137586,21.002571976064615,11.538287201756479,0.012727987354126622,172.20903667795656,80.28532827354975,819.9703175839164,115.8270092993961,0.05669707588193897,0.011706868152777921,0.07715719059452995,0.033448879817995526,0.041860014553963404,0.030070056469022097,0.030070056469022097,0.030070056469022097,0.0627667705264001,43.42941740859893,630.5297604185341,1159.040084924876,0.22321756603555734,0.4553207252688465,0.017144488193398474
2026-07-10,0.029734560300570135,0.04397949005723685,0.04129899297313096,0.24322753020189264,0.14161130972760866,0.008332652219224272,4.241619201067069,21.71541963725345,12.053891085065928,0.012856926514794765,180.19499114012692,83.14511018028212,783.4988330313054,116.95633708613249,0.055171101096632924,0.01126449559057228,0.07360077984355878,0.033574609162762115,0.04156294753688089,0.03099584749334007,0.03099584749334007,0.03099584749334007,0.06602058876026669,43.786481770994136,561.1814140677704,1157.5547585416693,0.2174627647418287,0.4842836238613194,0.017340968750542425
2026-07-11,0.029602787506363366,0.04498570432236916,0.04208037936071179,0.2255101879736305,0.1403236812106301,0.008151038156046236,4.2627154944351355,22.729163701908497,12.16082329512031,0.012738328244338935,178.15702670078326,79.79337011534315,759.326098794056,112.68862558461677,0.05664035368744992,0.011642986799850917,0.06995565600865693,0.034975024412805464,0.04335652595894131,0.030567534599685784,0.030567534599685784,0.030567534599685784,0.062482476488722793,39.43537050104818,486.891856644992,1073.3963897070919,0.2107819699573029,0.4745961474278371,0.017064162463603098
2026-07-12,0.027437518386285453,0.043326610398848796,0.04003935480342511,0.24330074729863121,0.13790830497010034,0.008440527031552205,4.124827247692506,22.27302355286446,11.745216650499367,0.012599650280482953,172.0081987139165,79.56555462428177,814.8229761903717,120.6585304712157,0.05323278328298596,0.01248759892087698,0.07560221109045763,0.034318505270508455,0.040269717599362126,0.029989340585854417,0.029989340585854417,0.029989340585854417,0.06606144931774961,36.693131187825976,587.5792534436812,1042.7078631238717,0.21001294257238373,0.4875670454678693,0.01787191598558171
2026-07-13,0.027996657927174474,0.047517180676605944,0.03909523429104562,0.23868667039015293,0.1391292455560671,0.008168116673997455,3.943119329885715,23.426756655597114,11.76425568596294,0.0118567076925609,181.2141228615858,80.46329004689328,912.9726444745746,120.50029077116874,0.05430336531247363,0.011493471757077114,0.07807778270300425,0.0338834954247714,0.040547048881272245,0.031886295169279585,0.031886295169279585,0.031886295169279585,0.06159470064922997,41.32234421160252,630.3068823120186,1326.770213559563,0.21661197674511498,0.45629449162213537,0.01846671755130257
2026-07-14,0.02712297501929976,0.04571376597864904,0.038136155238411414,0.24403126226820257,0.12861190270918144,0.008609731370414776,3.7887060316701624,23.384926348299754,12.447364273587844,0.012435105438551862,196.54957848861505,77.52816640415921,952.0385621070374,130.71943365135323,0.0524919865300028,0.011527789998518626,0.07664846261937311,0.032655535613976126,0.04158611331620272,0.02941178806815365,0.02941178806815365,0.02941178806815365,0.06539411677097744,42.72529381798539,642.4811763242375,1387.6953882251673,0.20455657205051705,0.43975006788758475,0.018053326208156518
2026-07-15,0.027584394443534176,0.04678635565149576,0.040380084087152567,0.23827155118360333,0.13664691600616255,0.007837615712076605,3.9871097225717023,22.098515598576608,11.900093975273734,0.01199559694847857,205.34176623002315,77.84158895754773,950.1490086178538,120.60302309034948,0.05080760279609801,0.011672088926567107,0.07597013851854352,0.031710326748022315,0.04269537291411288,0.029925817402914022,0.029925817402914022,0.029925817402914022,0.06522977096299445,43.578129686393204,648.18555381567,1500.8698771182399,0.21265385899487524,0.4267819925991393,0.01763413754499711
2026-07-16,0.026315909076156392,0.04588684985927917,0.04187703729165625,0.235830104163985,0.13609135181950913,0.007844890883860948,4.128573539646783,21.81686452410418,12.173831427454184,0.012416204597071379,184.73154969683117,81.84564430384897,816.9727957886942,129.1678359684032,0.0553596208146938,0.01255677968872193,0.07035849512716189,0.03288544373248395,0.04270911383008668,0.030836538605161543,0.030836538605161543,0.030836538605161543,0.06350329571833672,41.32992828803222,686.6274348358651,1399.9114326771244,0.2103729234545518,0.42662207376736205,0.01808208686788444
2026-07-17,0.028915010465235216,0.045551694679699176,0.0399892426163307,0.24762376537229155,0.13887315580123472,0.008233008600886299,4.1071851821655265,23.328583636275013,12.363406014262127,0.01306140640384754,176.56002133403206,82.39376580242948,805.5950473056146,125.7642661554029,0.05528751191278019,0.01298740222363304,0.0710225392200085,0.033680907256814885,0.043722181654090704,0.031116467151942457,0.031116467151942457,0.031116467151942457,0.06093643094488261,37.47112587827424,629.5873958193681,1167.7324322178526,0.22690527614822095,0.4241032831588494,0.019270002064204563
2026-07-18,0.027259274153012814,0.04429627819676675,0.04038306063548765,0.24995976086509167,0.1436508026239773,0.008118597763463735,3.876668586779758,23.064933648497355,11.877328102929477,0.012309030422778812,171.65506118894126,78.39238437186162,723.1540925197165,124.38968941680666,0.052712077366482125,0.012253487048976974,0.07027745291340365,0.03603715427981469,0.04427802145673947,0.03214395391067712,0.03214395391067712,0.03214395391067712,0.0614026988174545,37.84178485785419,597.2354887407431,1048.1855917513187,0.24240685275166754,0.4370663922215509,0.01914843201166076
2026-07-19,0.027348723640649147,0.046739974829029876,0.04116464112096979,0.22526769276114017,0.1363751276757158,0.007979958038198367,3.8749475816010808,21.641861863846493,12.349240599980702,0.011934279279038338,152.62775882837863,83.61470743030935,849.3061090369758,145.73959017020593,0.055551667579090205,0.011466699523003892,0.07774075559640342,0.034984123018967576,0.04480569884130012,0.0297329416209025,0.0297329416209025,0.0297329416209025,0.06248599732671952,40.09497773666325,573.347218588973,1111.9819738742708,0.22239947059712364,0.42566053899200473,0.018985422989145267
2026-07-20,0.027875960950591583,0.044513537782112415,0.03864134570346347,0.2289630688852844,0.14048523966882537,0.007897292642107949,3.809614511503055,21.7573816034438,11.52628930807962,0.011738158571858382,195.9668810204265,91.41672591178602,988.2759165746803,134.51840285788177,0.053094007862791566,0.012086780776307841,0.07758109287257846,0.0334857005021195,0.041215695445504984,0.029783192578112197,0.029783192578112197,0.029783192578112197,0.06041728331481737,42.57011122970688,669.6315965801367,1206.854061342512,0.2211944844180023,0.4337987610746316,0.019236758246219583
2026-07-21,0.028051912661056052,0.043085063362004454,0.04187503604736932,0.24638037745269306,0.14011620164016747,0.008424206042452923,4.231879513538428,23.00990076421969,11.221247246810467,0.011696118396149419,204.82118579945956,80.77799427327696,898.039296062271,144.0000025232977,0.05260425877899096,0.012221101668668752,0.07637986041908565,0.03403780308179248,0.04125479014001301,0.02952479780565872,0.02952479780565872,0.02952479780565872,0.06174711544709393,44.986530886577505,628.184317401847,1314.8451507749937,0.21859083146355865,0.4377443866770211,0.017392383012328743
2026-07-22,0.027713955342607163,0.043029631482084336,0.04640080698056645,0.23338062328399156,0.13465839154520143,0.008179822873681407,4.401223188742308,21.530135454770498,12.072058816421176,0.010945573384008556,231.74779731510014,81.60304880585282,918.1335559139283,144.06184518978395,0.052640255551646586,0.012265931638132393,0.07564740202788887,0.03487434637089344,0.04273286916700115,0.02912448386130639,0.02912448386130639,0.02912448386130639,0.06344232934010945,45.84016607629955,611.2028288137052,1152.9823767421083,0.22014844561383906,0.4516116400946189,0.018072579134581546
2026-07-23,0.028440663935960155,0.04309436939442807,0.04263245588324738,0.252008998394064,0.1495827632171193,0.008003020764418856,4.656004790150527,21.853536490990013,12.295117682382212,0.011889390664471628,206.52163246384902,92.2547134725638,932.3054388973148,137.46041724284748,0.05162711775381476,0.012653560579418223,0.07551758045180079,0.033612167019955244,0.04173261744773719,0.02978469699328621,0.02978469699328621,0.02978469699328621,0.06349769083439098,44.58184666024643,699.9585406154201,1152.2274100997988,0.23177198698134974,0.47166910842369103,0.017234910452965414
2026-07-24,0.029934750763495725,0.046630013489276444,0.040444664577975215,0.2366666958105975,0.14823697869702715,0.007982569304338995,4.12313895218609,21.547313198367018,12.753362177126016,0.011589864260547207,199.2109353696237,81.93063537363686,895.2528151711472,144.14368388559458,0.054200965547594224,0.011767593888253148,0.07179048433223242,0.031030234466248554,0.039011105098647254,0.03039411224489128,0.03039411224489128,0.03039411224489128,0.06327288167077978,45.085607431604686,698.4657239691857,1137.5768896351428,0.2173024869636006,0.42135419034318383,0.017615133329455645
2026-07-25,0.02854260697753978,0.04968187296575904,0.03828949898239876,0.2408696191806585,0.14257774786421315,0.008230742976760524,4.109800128537654,20.879548954792067,11.964455446687595,0.01138003743972815,177.8609089541963,84.54650095767778,886.1198996364634,119.94348977182533,0.0526151175774348,0.011561290171329555,0.07557828278045618,0.03233334319582457,0.039994853220556736,0.0303553456533218,0.0303553456533218,0.0303553456533218,0.06014253726470678,40.351852798693926,586.2308005886584,1109.8803723224046,0.21632832500913937,0.44086166444727504,0.016717795946247768
2026-07-26,0.02857312462009454,0.04842887066115759,0.04123187474641929,0.24090213864391746,0.13509620954108628,0.00827460829319114,4.238559526946537,21.997833205174036,12.140573314570126,0.011514217502046247,180.42922906228844,79.1357953337268,800.986664026644,139.92779571724202,0.056526592165744294,0.011587006934746987,0.07566066393078,0.033094102562088126,0.040141987016172435,0.030207444889070345,0.030207444889070345,0.030207444889070345,0.06239936587257279,42.66508502771611,601.7840878754794,1217.2708263638913,0.2244692203416707,0.45716504724016455,0.01693354946990887
2026-07-27,0.028121712110211337,0.047464216223199386,0.039424182129599215,0.2455913199685269,0.138058988237269,0.008243198284619061,4.159073237792457,21.944452494250296,11.805307087724632,0.011721353029646088,218.79772355978548,76.85316823465851,883.607330771161,152.6846717549466,0.05601937359446569,0.011873012003346894,0.0768403943818823,0.03516782821932229,0.04460524048731315,0.03196947702129914,0.03196947702129914,0.03196947702129914,0.06311272747673828,47.20867518581203,695.5637168538331,1391.444746143879,0.22937076579043547,0.4589608693466569,0.017245058495137463
2026-07-28,0.02682710135268441,0.046003009583850354,0.039530632093865065,0.2384644838681615,0.1414831773197838,0.008198831944248804,3.963232415284844,21.96234083867304,11.85963279653323,0.011848131155766228,217.27799399288824,82.24125034151382,979.2230881415293,146.39457298567783,0.05743624527243019,0.012385858423207068,0.07746815396738724,0.03478464694207955,0.04286261137118266,0.029964663710933547,0.029964663710933547,0.029964663710933547,0.06466739643427545,53.798876098861925,747.6827058228048,1435.0505142484578,0.22191523477593003,0.44301916243601736,0.01733157644654618
2026-07-29,0.028147459460503066,0.044454010586351775,0.03932702482062684,0.23664191227434198,0.13483150994476945,0.007975517841139224,3.924915934851989,21.27838228092216,11.29677488531444,0.011912580572760347,198.8348904961964,98.35020364561898,947.7710075384246,150.9262147198645,0.055633924588150065,0.012306973994469884,0.07520399020864028,0.03283378911633349,0.039205012010832256,0.030941602739807013,0.030941602739807013,0.030941602739807013,0.06671810925200337,53.977919927819876,687.3686467519586,1283.2530783674854,0.21330961482958694,0.44881655290719197,0.017563559505493157
2026-07-30,0.02817366773653032,0.044963412933313844,0.03974170959343482,0.2244848326800426,0.1354083779168717,0.007931207031294317,4.07787736414919,21.2632385629059,11.685191822503793,0.01153943746274173,200.55746576170722,84.89171741105125,1054.7861110029182,149.2974180991393,0.05495885885335247,0.012054376969117092,0.07780073134038078,0.034322278890948875,0.04262227810160066,0.030426576567504193,0.030426576567504193,0.030426576567504193,0.06436387602978308,50.25028344060249,655.9467327698119,1081.9056571771555,0.2114547116401097,0.4509675959326739,0.017103092939728788
